timestamp_utc,timestamp_et,actual_lmp,pjm_day_ahead_lmp,split,reference_lmp_t_minus_1,persistence,daily_persistence
2025-01-01 05:00:00+00:00,2025-01-01 00:00:00-05:00,20.088733,21.727919,train,,,
2025-01-01 06:00:00+00:00,2025-01-01 01:00:00-05:00,20.452948,21.657941,train,20.088733,20.088733,
2025-01-01 07:00:00+00:00,2025-01-01 02:00:00-05:00,19.545867,21.399684,train,20.452948,20.452948,
2025-01-01 08:00:00+00:00,2025-01-01 03:00:00-05:00,19.711978,21.453062,train,19.545867,19.545867,
2025-01-01 09:00:00+00:00,2025-01-01 04:00:00-05:00,19.861132,21.466363,train,19.711978,19.711978,
2025-01-01 10:00:00+00:00,2025-01-01 05:00:00-05:00,19.91261,21.743879,train,19.861132,19.861132,
2025-01-01 11:00:00+00:00,2025-01-01 06:00:00-05:00,19.589686,23.065323,train,19.91261,19.91261,
2025-01-01 12:00:00+00:00,2025-01-01 07:00:00-05:00,20.153718,27.637048,train,19.589686,19.589686,
2025-01-01 13:00:00+00:00,2025-01-01 08:00:00-05:00,19.51547,25.645738,train,20.153718,20.153718,
2025-01-01 14:00:00+00:00,2025-01-01 09:00:00-05:00,18.519933,23.609021,train,19.51547,19.51547,
2025-01-01 15:00:00+00:00,2025-01-01 10:00:00-05:00,20.635855,23.678154,train,18.519933,18.519933,
2025-01-01 16:00:00+00:00,2025-01-01 11:00:00-05:00,22.599119,23.779221,train,20.635855,20.635855,
2025-01-01 17:00:00+00:00,2025-01-01 12:00:00-05:00,22.682058,23.268727,train,22.599119,22.599119,
2025-01-01 18:00:00+00:00,2025-01-01 13:00:00-05:00,21.396548,22.982472,train,22.682058,22.682058,
2025-01-01 19:00:00+00:00,2025-01-01 14:00:00-05:00,20.911534,23.114209,train,21.396548,21.396548,
2025-01-01 20:00:00+00:00,2025-01-01 15:00:00-05:00,21.435624,24.018876,train,20.911534,20.911534,
2025-01-01 21:00:00+00:00,2025-01-01 16:00:00-05:00,26.199266,27.32217,train,21.435624,21.435624,
2025-01-01 22:00:00+00:00,2025-01-01 17:00:00-05:00,32.753782,33.289072,train,26.199266,26.199266,
2025-01-01 23:00:00+00:00,2025-01-01 18:00:00-05:00,32.21496,33.14075,train,32.753782,32.753782,
2025-01-02 00:00:00+00:00,2025-01-01 19:00:00-05:00,32.719834,33.085893,train,32.21496,32.21496,
2025-01-02 01:00:00+00:00,2025-01-01 20:00:00-05:00,34.715406,32.840797,train,32.719834,32.719834,
2025-01-02 02:00:00+00:00,2025-01-01 21:00:00-05:00,29.897455,30.744478,train,34.715406,34.715406,
2025-01-02 03:00:00+00:00,2025-01-01 22:00:00-05:00,27.019027,30.026397,train,29.897455,29.897455,
2025-01-02 04:00:00+00:00,2025-01-01 23:00:00-05:00,24.188806,28.181861,train,27.019027,27.019027,
2025-01-02 05:00:00+00:00,2025-01-02 00:00:00-05:00,28.716137,26.414643,train,24.188806,24.188806,20.088733
2025-01-02 06:00:00+00:00,2025-01-02 01:00:00-05:00,26.169013,25.05781,train,28.716137,28.716137,20.452948
2025-01-02 07:00:00+00:00,2025-01-02 02:00:00-05:00,26.766289,24.836568,train,26.169013,26.169013,19.545867
2025-01-02 08:00:00+00:00,2025-01-02 03:00:00-05:00,27.332115,24.918879,train,26.766289,26.766289,19.711978
2025-01-02 09:00:00+00:00,2025-01-02 04:00:00-05:00,26.806762,26.705521,train,27.332115,27.332115,19.861132
2025-01-02 10:00:00+00:00,2025-01-02 05:00:00-05:00,31.121859,31.787716,train,26.806762,26.806762,19.91261
2025-01-02 11:00:00+00:00,2025-01-02 06:00:00-05:00,31.840958,41.804037,train,31.121859,31.121859,19.589686
2025-01-02 12:00:00+00:00,2025-01-02 07:00:00-05:00,59.861129,50.263913,train,31.840958,31.840958,20.153718
2025-01-02 13:00:00+00:00,2025-01-02 08:00:00-05:00,40.813058,40.04181,train,59.861129,59.861129,19.51547
2025-01-02 14:00:00+00:00,2025-01-02 09:00:00-05:00,34.226796,35.446403,train,40.813058,40.813058,18.519933
2025-01-02 15:00:00+00:00,2025-01-02 10:00:00-05:00,34.503174,33.930877,train,34.226796,34.226796,20.635855
2025-01-02 16:00:00+00:00,2025-01-02 11:00:00-05:00,30.80376,32.719948,train,34.503174,34.503174,22.599119
2025-01-02 17:00:00+00:00,2025-01-02 12:00:00-05:00,33.361217,30.172106,train,30.80376,30.80376,22.682058
2025-01-02 18:00:00+00:00,2025-01-02 13:00:00-05:00,39.72498,29.90003,train,33.361217,33.361217,21.396548
2025-01-02 19:00:00+00:00,2025-01-02 14:00:00-05:00,31.530509,29.759749,train,39.72498,39.72498,20.911534
2025-01-02 20:00:00+00:00,2025-01-02 15:00:00-05:00,30.826084,29.988307,train,31.530509,31.530509,21.435624
2025-01-02 21:00:00+00:00,2025-01-02 16:00:00-05:00,57.802772,38.284017,train,30.826084,30.826084,26.199266
2025-01-02 22:00:00+00:00,2025-01-02 17:00:00-05:00,113.703004,53.859303,train,57.802772,57.802772,32.753782
2025-01-02 23:00:00+00:00,2025-01-02 18:00:00-05:00,47.711475,45.78251,train,113.703004,113.703004,32.21496
2025-01-03 00:00:00+00:00,2025-01-02 19:00:00-05:00,48.39409,40.723785,train,47.711475,47.711475,32.719834
2025-01-03 01:00:00+00:00,2025-01-02 20:00:00-05:00,57.482068,40.365621,train,48.39409,48.39409,34.715406
2025-01-03 02:00:00+00:00,2025-01-02 21:00:00-05:00,47.510197,39.343221,train,57.482068,57.482068,29.897455
2025-01-03 03:00:00+00:00,2025-01-02 22:00:00-05:00,34.089729,36.259783,train,47.510197,47.510197,27.019027
2025-01-03 04:00:00+00:00,2025-01-02 23:00:00-05:00,33.991196,33.133275,train,34.089729,34.089729,24.188806
2025-01-03 05:00:00+00:00,2025-01-03 00:00:00-05:00,29.590327,30.216003,train,33.991196,33.991196,28.716137
2025-01-03 06:00:00+00:00,2025-01-03 01:00:00-05:00,31.906269,30.30983,train,29.590327,29.590327,26.169013
2025-01-03 07:00:00+00:00,2025-01-03 02:00:00-05:00,28.772246,29.669607,train,31.906269,31.906269,26.766289
2025-01-03 08:00:00+00:00,2025-01-03 03:00:00-05:00,31.208218,29.756131,train,28.772246,28.772246,27.332115
2025-01-03 09:00:00+00:00,2025-01-03 04:00:00-05:00,30.982212,29.959113,train,31.208218,31.208218,26.806762
2025-01-03 10:00:00+00:00,2025-01-03 05:00:00-05:00,28.233893,32.194492,train,30.982212,30.982212,31.121859
2025-01-03 11:00:00+00:00,2025-01-03 06:00:00-05:00,79.074856,39.407082,train,28.233893,28.233893,31.840958
2025-01-03 12:00:00+00:00,2025-01-03 07:00:00-05:00,89.819951,45.788366,train,79.074856,79.074856,59.861129
2025-01-03 13:00:00+00:00,2025-01-03 08:00:00-05:00,64.91636,39.676111,train,89.819951,89.819951,40.813058
2025-01-03 14:00:00+00:00,2025-01-03 09:00:00-05:00,47.991496,34.483515,train,64.91636,64.91636,34.226796
2025-01-03 15:00:00+00:00,2025-01-03 10:00:00-05:00,34.561948,32.716689,train,47.991496,47.991496,34.503174
2025-01-03 16:00:00+00:00,2025-01-03 11:00:00-05:00,30.989243,30.955494,train,34.561948,34.561948,30.80376
2025-01-03 17:00:00+00:00,2025-01-03 12:00:00-05:00,34.687066,29.313205,train,30.989243,30.989243,33.361217
2025-01-03 18:00:00+00:00,2025-01-03 13:00:00-05:00,50.945448,28.222474,train,34.687066,34.687066,39.72498
2025-01-03 19:00:00+00:00,2025-01-03 14:00:00-05:00,44.343635,27.90584,train,50.945448,50.945448,31.530509
2025-01-03 20:00:00+00:00,2025-01-03 15:00:00-05:00,35.024583,30.158362,train,44.343635,44.343635,30.826084
2025-01-03 21:00:00+00:00,2025-01-03 16:00:00-05:00,33.327847,33.497498,train,35.024583,35.024583,57.802772
2025-01-03 22:00:00+00:00,2025-01-03 17:00:00-05:00,51.560124,42.456379,train,33.327847,33.327847,113.703004
2025-01-03 23:00:00+00:00,2025-01-03 18:00:00-05:00,48.224198,40.648285,train,51.560124,51.560124,47.711475
2025-01-04 00:00:00+00:00,2025-01-03 19:00:00-05:00,40.890225,38.405252,train,48.224198,48.224198,48.39409
2025-01-04 01:00:00+00:00,2025-01-03 20:00:00-05:00,40.220184,37.837239,train,40.890225,40.890225,57.482068
2025-01-04 02:00:00+00:00,2025-01-03 21:00:00-05:00,38.212767,36.600257,train,40.220184,40.220184,47.510197
2025-01-04 03:00:00+00:00,2025-01-03 22:00:00-05:00,35.034785,35.028784,train,38.212767,38.212767,34.089729
2025-01-04 04:00:00+00:00,2025-01-03 23:00:00-05:00,34.333123,33.051886,train,35.034785,35.034785,33.991196
2025-01-04 05:00:00+00:00,2025-01-04 00:00:00-05:00,50.156226,36.137253,train,34.333123,34.333123,29.590327
2025-01-04 06:00:00+00:00,2025-01-04 01:00:00-05:00,38.997472,36.510871,train,50.156226,50.156226,31.906269
2025-01-04 07:00:00+00:00,2025-01-04 02:00:00-05:00,36.784063,36.418446,train,38.997472,38.997472,28.772246
2025-01-04 08:00:00+00:00,2025-01-04 03:00:00-05:00,36.287307,37.255248,train,36.784063,36.784063,31.208218
2025-01-04 09:00:00+00:00,2025-01-04 04:00:00-05:00,38.407082,37.875936,train,36.287307,36.287307,30.982212
2025-01-04 10:00:00+00:00,2025-01-04 05:00:00-05:00,37.220642,37.734543,train,38.407082,38.407082,28.233893
2025-01-04 11:00:00+00:00,2025-01-04 06:00:00-05:00,33.779237,43.701446,train,37.220642,37.220642,79.074856
2025-01-04 12:00:00+00:00,2025-01-04 07:00:00-05:00,33.601209,55.001579,train,33.779237,33.779237,89.819951
2025-01-04 13:00:00+00:00,2025-01-04 08:00:00-05:00,33.147606,47.271383,train,33.601209,33.601209,64.91636
2025-01-04 14:00:00+00:00,2025-01-04 09:00:00-05:00,29.917021,38.351761,train,33.147606,33.147606,47.991496
2025-01-04 15:00:00+00:00,2025-01-04 10:00:00-05:00,35.939257,38.502787,train,29.917021,29.917021,34.561948
2025-01-04 16:00:00+00:00,2025-01-04 11:00:00-05:00,52.253981,37.4779,train,35.939257,35.939257,30.989243
2025-01-04 17:00:00+00:00,2025-01-04 12:00:00-05:00,33.882564,36.404322,train,52.253981,52.253981,34.687066
2025-01-04 18:00:00+00:00,2025-01-04 13:00:00-05:00,40.313492,34.543397,train,33.882564,33.882564,50.945448
2025-01-04 19:00:00+00:00,2025-01-04 14:00:00-05:00,32.551966,33.459195,train,40.313492,40.313492,44.343635
2025-01-04 20:00:00+00:00,2025-01-04 15:00:00-05:00,32.700956,34.394621,train,32.551966,32.551966,35.024583
2025-01-04 21:00:00+00:00,2025-01-04 16:00:00-05:00,35.89356,44.643526,train,32.700956,32.700956,33.327847
2025-01-04 22:00:00+00:00,2025-01-04 17:00:00-05:00,56.506826,59.969616,train,35.89356,35.89356,51.560124
2025-01-04 23:00:00+00:00,2025-01-04 18:00:00-05:00,67.721089,55.039207,train,56.506826,56.506826,48.224198
2025-01-05 00:00:00+00:00,2025-01-04 19:00:00-05:00,53.886393,53.343904,train,67.721089,67.721089,40.890225
2025-01-05 01:00:00+00:00,2025-01-04 20:00:00-05:00,172.273449,54.493996,train,53.886393,53.886393,40.220184
2025-01-05 02:00:00+00:00,2025-01-04 21:00:00-05:00,44.278519,52.880543,train,172.273449,172.273449,38.212767
2025-01-05 03:00:00+00:00,2025-01-04 22:00:00-05:00,40.095515,50.9508,train,44.278519,44.278519,35.034785
2025-01-05 04:00:00+00:00,2025-01-04 23:00:00-05:00,38.54663,45.42642,train,40.095515,40.095515,34.333123
2025-01-05 05:00:00+00:00,2025-01-05 00:00:00-05:00,40.190192,44.184286,train,38.54663,38.54663,50.156226
2025-01-05 06:00:00+00:00,2025-01-05 01:00:00-05:00,35.813258,41.668477,train,40.190192,40.190192,38.997472
2025-01-05 07:00:00+00:00,2025-01-05 02:00:00-05:00,35.146329,40.045133,train,35.813258,35.813258,36.784063
2025-01-05 08:00:00+00:00,2025-01-05 03:00:00-05:00,35.968013,41.167952,train,35.146329,35.146329,36.287307
2025-01-05 09:00:00+00:00,2025-01-05 04:00:00-05:00,36.49822,41.501416,train,35.968013,35.968013,38.407082
2025-01-05 10:00:00+00:00,2025-01-05 05:00:00-05:00,63.524354,44.018934,train,36.49822,36.49822,37.220642
2025-01-05 11:00:00+00:00,2025-01-05 06:00:00-05:00,269.636467,51.702077,train,63.524354,63.524354,33.779237
2025-01-05 12:00:00+00:00,2025-01-05 07:00:00-05:00,262.41706,65.609923,train,269.636467,269.636467,33.601209
2025-01-05 13:00:00+00:00,2025-01-05 08:00:00-05:00,68.639189,50.151981,train,262.41706,262.41706,33.147606
2025-01-05 14:00:00+00:00,2025-01-05 09:00:00-05:00,32.22857,35.305813,train,68.639189,68.639189,29.917021
2025-01-05 15:00:00+00:00,2025-01-05 10:00:00-05:00,32.590456,35.336627,train,32.22857,32.22857,35.939257
2025-01-05 16:00:00+00:00,2025-01-05 11:00:00-05:00,31.828471,35.228005,train,32.590456,32.590456,52.253981
2025-01-05 17:00:00+00:00,2025-01-05 12:00:00-05:00,41.810924,34.094213,train,31.828471,31.828471,33.882564
2025-01-05 18:00:00+00:00,2025-01-05 13:00:00-05:00,36.314317,33.625197,train,41.810924,41.810924,40.313492
2025-01-05 19:00:00+00:00,2025-01-05 14:00:00-05:00,41.283251,33.747874,train,36.314317,36.314317,32.551966
2025-01-05 20:00:00+00:00,2025-01-05 15:00:00-05:00,41.829595,33.902347,train,41.283251,41.283251,32.700956
2025-01-05 21:00:00+00:00,2025-01-05 16:00:00-05:00,41.930889,38.394809,train,41.829595,41.829595,35.89356
2025-01-05 22:00:00+00:00,2025-01-05 17:00:00-05:00,58.827464,49.218954,train,41.930889,41.930889,56.506826
2025-01-05 23:00:00+00:00,2025-01-05 18:00:00-05:00,46.465471,46.043793,train,58.827464,58.827464,67.721089
2025-01-06 00:00:00+00:00,2025-01-05 19:00:00-05:00,41.110284,43.91652,train,46.465471,46.465471,53.886393
2025-01-06 01:00:00+00:00,2025-01-05 20:00:00-05:00,36.749173,43.031521,train,41.110284,41.110284,172.273449
2025-01-06 02:00:00+00:00,2025-01-05 21:00:00-05:00,33.215488,38.378056,train,36.749173,36.749173,44.278519
2025-01-06 03:00:00+00:00,2025-01-05 22:00:00-05:00,31.445107,37.112772,train,33.215488,33.215488,40.095515
2025-01-06 04:00:00+00:00,2025-01-05 23:00:00-05:00,30.373622,34.208379,train,31.445107,31.445107,38.54663
2025-01-06 05:00:00+00:00,2025-01-06 00:00:00-05:00,30.081496,36.954156,train,30.373622,30.373622,40.190192
2025-01-06 06:00:00+00:00,2025-01-06 01:00:00-05:00,29.259051,37.352411,train,30.081496,30.081496,35.813258
2025-01-06 07:00:00+00:00,2025-01-06 02:00:00-05:00,28.476193,36.3206,train,29.259051,29.259051,35.146329
2025-01-06 08:00:00+00:00,2025-01-06 03:00:00-05:00,29.673184,37.617463,train,28.476193,28.476193,35.968013
2025-01-06 09:00:00+00:00,2025-01-06 04:00:00-05:00,29.101274,38.191945,train,29.673184,29.673184,36.49822
2025-01-06 10:00:00+00:00,2025-01-06 05:00:00-05:00,29.715448,48.006369,train,29.101274,29.101274,63.524354
2025-01-06 11:00:00+00:00,2025-01-06 06:00:00-05:00,28.883742,68.1313,train,29.715448,29.715448,269.636467
2025-01-06 12:00:00+00:00,2025-01-06 07:00:00-05:00,32.690625,77.390206,train,28.883742,28.883742,262.41706
2025-01-06 13:00:00+00:00,2025-01-06 08:00:00-05:00,39.607117,70.702633,train,32.690625,32.690625,68.639189
2025-01-06 14:00:00+00:00,2025-01-06 09:00:00-05:00,54.047644,68.412571,train,39.607117,39.607117,32.22857
2025-01-06 15:00:00+00:00,2025-01-06 10:00:00-05:00,129.681631,71.34317,train,54.047644,54.047644,32.590456
2025-01-06 16:00:00+00:00,2025-01-06 11:00:00-05:00,163.253975,67.799527,train,129.681631,129.681631,31.828471
2025-01-06 17:00:00+00:00,2025-01-06 12:00:00-05:00,152.132085,65.152777,train,163.253975,163.253975,41.810924
2025-01-06 18:00:00+00:00,2025-01-06 13:00:00-05:00,50.320759,57.532539,train,152.132085,152.132085,36.314317
2025-01-06 19:00:00+00:00,2025-01-06 14:00:00-05:00,45.065496,55.984852,train,50.320759,50.320759,41.283251
2025-01-06 20:00:00+00:00,2025-01-06 15:00:00-05:00,48.203222,55.659383,train,45.065496,45.065496,41.829595
2025-01-06 21:00:00+00:00,2025-01-06 16:00:00-05:00,46.363911,56.21528,train,48.203222,48.203222,41.930889
2025-01-06 22:00:00+00:00,2025-01-06 17:00:00-05:00,57.022484,74.943213,train,46.363911,46.363911,58.827464
2025-01-06 23:00:00+00:00,2025-01-06 18:00:00-05:00,45.383796,67.501028,train,57.022484,57.022484,46.465471
2025-01-07 00:00:00+00:00,2025-01-06 19:00:00-05:00,54.649431,66.913091,train,45.383796,45.383796,41.110284
2025-01-07 01:00:00+00:00,2025-01-06 20:00:00-05:00,60.20177,65.128751,train,54.649431,54.649431,36.749173
2025-01-07 02:00:00+00:00,2025-01-06 21:00:00-05:00,45.271774,52.218601,train,60.20177,60.20177,33.215488
2025-01-07 03:00:00+00:00,2025-01-06 22:00:00-05:00,41.312038,47.268032,train,45.271774,45.271774,31.445107
2025-01-07 04:00:00+00:00,2025-01-06 23:00:00-05:00,41.401561,43.163591,train,41.312038,41.312038,30.373622
2025-01-07 05:00:00+00:00,2025-01-07 00:00:00-05:00,48.435402,50.705576,train,41.401561,41.401561,30.081496
2025-01-07 06:00:00+00:00,2025-01-07 01:00:00-05:00,39.069823,50.608944,train,48.435402,48.435402,29.259051
2025-01-07 07:00:00+00:00,2025-01-07 02:00:00-05:00,41.426362,50.857813,train,39.069823,39.069823,28.476193
2025-01-07 08:00:00+00:00,2025-01-07 03:00:00-05:00,42.565466,49.670314,train,41.426362,41.426362,29.673184
2025-01-07 09:00:00+00:00,2025-01-07 04:00:00-05:00,37.636097,52.796785,train,42.565466,42.565466,29.101274
2025-01-07 10:00:00+00:00,2025-01-07 05:00:00-05:00,36.321285,70.66241,train,37.636097,37.636097,29.715448
2025-01-07 11:00:00+00:00,2025-01-07 06:00:00-05:00,35.753642,103.901501,train,36.321285,36.321285,28.883742
2025-01-07 12:00:00+00:00,2025-01-07 07:00:00-05:00,50.166978,147.526756,train,35.753642,35.753642,32.690625
2025-01-07 13:00:00+00:00,2025-01-07 08:00:00-05:00,47.90316,89.883304,train,50.166978,50.166978,39.607117
2025-01-07 14:00:00+00:00,2025-01-07 09:00:00-05:00,44.783274,65.160084,train,47.90316,47.90316,54.047644
2025-01-07 15:00:00+00:00,2025-01-07 10:00:00-05:00,65.626741,68.301872,train,44.783274,44.783274,129.681631
2025-01-07 16:00:00+00:00,2025-01-07 11:00:00-05:00,56.170565,59.727696,train,65.626741,65.626741,163.253975
2025-01-07 17:00:00+00:00,2025-01-07 12:00:00-05:00,49.04966,57.961804,train,56.170565,56.170565,152.132085
2025-01-07 18:00:00+00:00,2025-01-07 13:00:00-05:00,48.529989,53.491651,train,49.04966,49.04966,50.320759
2025-01-07 19:00:00+00:00,2025-01-07 14:00:00-05:00,43.347213,52.087311,train,48.529989,48.529989,45.065496
2025-01-07 20:00:00+00:00,2025-01-07 15:00:00-05:00,52.375017,53.109547,train,43.347213,43.347213,48.203222
2025-01-07 21:00:00+00:00,2025-01-07 16:00:00-05:00,54.642831,64.272212,train,52.375017,52.375017,46.363911
2025-01-07 22:00:00+00:00,2025-01-07 17:00:00-05:00,77.822731,106.107147,train,54.642831,54.642831,57.022484
2025-01-07 23:00:00+00:00,2025-01-07 18:00:00-05:00,62.220406,104.582831,train,77.822731,77.822731,45.383796
2025-01-08 00:00:00+00:00,2025-01-07 19:00:00-05:00,60.905285,98.874983,train,62.220406,62.220406,54.649431
2025-01-08 01:00:00+00:00,2025-01-07 20:00:00-05:00,53.508126,95.397614,train,60.905285,60.905285,60.20177
2025-01-08 02:00:00+00:00,2025-01-07 21:00:00-05:00,62.55112,82.894285,train,53.508126,53.508126,45.271774
2025-01-08 03:00:00+00:00,2025-01-07 22:00:00-05:00,66.916791,73.596133,train,62.55112,62.55112,41.312038
2025-01-08 04:00:00+00:00,2025-01-07 23:00:00-05:00,86.225477,67.606956,train,66.916791,66.916791,41.401561
2025-01-08 05:00:00+00:00,2025-01-08 00:00:00-05:00,190.304759,68.484346,train,86.225477,86.225477,48.435402
2025-01-08 06:00:00+00:00,2025-01-08 01:00:00-05:00,81.336559,71.654059,train,190.304759,190.304759,39.069823
2025-01-08 07:00:00+00:00,2025-01-08 02:00:00-05:00,71.214526,72.285015,train,81.336559,81.336559,41.426362
2025-01-08 08:00:00+00:00,2025-01-08 03:00:00-05:00,109.173052,70.8008,train,71.214526,71.214526,42.565466
2025-01-08 09:00:00+00:00,2025-01-08 04:00:00-05:00,65.460224,74.410194,train,109.173052,109.173052,37.636097
2025-01-08 10:00:00+00:00,2025-01-08 05:00:00-05:00,37.261747,89.479864,train,65.460224,65.460224,36.321285
2025-01-08 11:00:00+00:00,2025-01-08 06:00:00-05:00,72.74269,136.93263,train,37.261747,37.261747,35.753642
2025-01-08 12:00:00+00:00,2025-01-08 07:00:00-05:00,100.949406,220.648794,train,72.74269,72.74269,50.166978
2025-01-08 13:00:00+00:00,2025-01-08 08:00:00-05:00,51.371171,116.712175,train,100.949406,100.949406,47.90316
2025-01-08 14:00:00+00:00,2025-01-08 09:00:00-05:00,40.438566,81.365921,train,51.371171,51.371171,44.783274
2025-01-08 15:00:00+00:00,2025-01-08 10:00:00-05:00,66.508323,77.219252,train,40.438566,40.438566,65.626741
2025-01-08 16:00:00+00:00,2025-01-08 11:00:00-05:00,49.767695,73.590457,train,66.508323,66.508323,56.170565
2025-01-08 17:00:00+00:00,2025-01-08 12:00:00-05:00,51.537621,65.691382,train,49.767695,49.767695,49.04966
2025-01-08 18:00:00+00:00,2025-01-08 13:00:00-05:00,46.375316,61.746947,train,51.537621,51.537621,48.529989
2025-01-08 19:00:00+00:00,2025-01-08 14:00:00-05:00,54.076744,58.789551,train,46.375316,46.375316,43.347213
2025-01-08 20:00:00+00:00,2025-01-08 15:00:00-05:00,82.305134,60.856344,train,54.076744,54.076744,52.375017
2025-01-08 21:00:00+00:00,2025-01-08 16:00:00-05:00,108.621562,72.284561,train,82.305134,82.305134,54.642831
2025-01-08 22:00:00+00:00,2025-01-08 17:00:00-05:00,89.783309,113.021728,train,108.621562,108.621562,77.822731
2025-01-08 23:00:00+00:00,2025-01-08 18:00:00-05:00,72.262644,108.318138,train,89.783309,89.783309,62.220406
2025-01-09 00:00:00+00:00,2025-01-08 19:00:00-05:00,86.394482,104.698026,train,72.262644,72.262644,60.905285
2025-01-09 01:00:00+00:00,2025-01-08 20:00:00-05:00,73.487407,104.960119,train,86.394482,86.394482,53.508126
2025-01-09 02:00:00+00:00,2025-01-08 21:00:00-05:00,94.433806,96.070938,train,73.487407,73.487407,62.55112
2025-01-09 03:00:00+00:00,2025-01-08 22:00:00-05:00,114.929279,90.387281,train,94.433806,94.433806,66.916791
2025-01-09 04:00:00+00:00,2025-01-08 23:00:00-05:00,112.158853,76.81092,train,114.929279,114.929279,86.225477
2025-01-09 05:00:00+00:00,2025-01-09 00:00:00-05:00,137.692923,83.404043,train,112.158853,112.158853,190.304759
2025-01-09 06:00:00+00:00,2025-01-09 01:00:00-05:00,124.716861,81.543327,train,137.692923,137.692923,81.336559
2025-01-09 07:00:00+00:00,2025-01-09 02:00:00-05:00,119.161771,82.403472,train,124.716861,124.716861,71.214526
2025-01-09 08:00:00+00:00,2025-01-09 03:00:00-05:00,89.391487,81.879446,train,119.161771,119.161771,109.173052
2025-01-09 09:00:00+00:00,2025-01-09 04:00:00-05:00,70.681523,87.21552,train,89.391487,89.391487,65.460224
2025-01-09 10:00:00+00:00,2025-01-09 05:00:00-05:00,51.329324,93.19556,train,70.681523,70.681523,37.261747
2025-01-09 11:00:00+00:00,2025-01-09 06:00:00-05:00,129.905446,137.945487,train,51.329324,51.329324,72.74269
2025-01-09 12:00:00+00:00,2025-01-09 07:00:00-05:00,145.560841,214.36128,train,129.905446,129.905446,100.949406
2025-01-09 13:00:00+00:00,2025-01-09 08:00:00-05:00,54.62965,126.060037,train,145.560841,145.560841,51.371171
2025-01-09 14:00:00+00:00,2025-01-09 09:00:00-05:00,32.835736,81.050621,train,54.62965,54.62965,40.438566
2025-01-09 15:00:00+00:00,2025-01-09 10:00:00-05:00,36.235422,66.693673,train,32.835736,32.835736,66.508323
2025-01-09 16:00:00+00:00,2025-01-09 11:00:00-05:00,63.394601,62.938807,train,36.235422,36.235422,49.767695
2025-01-09 17:00:00+00:00,2025-01-09 12:00:00-05:00,50.695423,58.06448,train,63.394601,63.394601,51.537621
2025-01-09 18:00:00+00:00,2025-01-09 13:00:00-05:00,67.30084,49.362444,train,50.695423,50.695423,46.375316
2025-01-09 19:00:00+00:00,2025-01-09 14:00:00-05:00,57.640783,49.734571,train,67.30084,67.30084,54.076744
2025-01-09 20:00:00+00:00,2025-01-09 15:00:00-05:00,106.766858,57.287788,train,57.640783,57.640783,82.305134
2025-01-09 21:00:00+00:00,2025-01-09 16:00:00-05:00,81.569742,73.129081,train,106.766858,106.766858,108.621562
2025-01-09 22:00:00+00:00,2025-01-09 17:00:00-05:00,72.69612,107.60309,train,81.569742,81.569742,89.783309
2025-01-09 23:00:00+00:00,2025-01-09 18:00:00-05:00,83.089619,97.517558,train,72.69612,72.69612,72.262644
2025-01-10 00:00:00+00:00,2025-01-09 19:00:00-05:00,88.912698,97.428996,train,83.089619,83.089619,86.394482
2025-01-10 01:00:00+00:00,2025-01-09 20:00:00-05:00,78.798637,96.572935,train,88.912698,88.912698,73.487407
2025-01-10 02:00:00+00:00,2025-01-09 21:00:00-05:00,122.278997,91.173711,train,78.798637,78.798637,94.433806
2025-01-10 03:00:00+00:00,2025-01-09 22:00:00-05:00,168.219416,85.883954,train,122.278997,122.278997,114.929279
2025-01-10 04:00:00+00:00,2025-01-09 23:00:00-05:00,124.234603,69.341486,train,168.219416,168.219416,112.158853
2025-01-10 05:00:00+00:00,2025-01-10 00:00:00-05:00,47.139961,77.663819,train,124.234603,124.234603,137.692923
2025-01-10 06:00:00+00:00,2025-01-10 01:00:00-05:00,44.009945,75.673026,train,47.139961,47.139961,124.716861
2025-01-10 07:00:00+00:00,2025-01-10 02:00:00-05:00,104.080559,76.956404,train,44.009945,44.009945,119.161771
2025-01-10 08:00:00+00:00,2025-01-10 03:00:00-05:00,222.082853,75.491164,train,104.080559,104.080559,89.391487
2025-01-10 09:00:00+00:00,2025-01-10 04:00:00-05:00,151.792382,75.936593,train,222.082853,222.082853,70.681523
2025-01-10 10:00:00+00:00,2025-01-10 05:00:00-05:00,107.36103,79.13178,train,151.792382,151.792382,51.329324
2025-01-10 11:00:00+00:00,2025-01-10 06:00:00-05:00,67.496088,125.205915,train,107.36103,107.36103,129.905446
2025-01-10 12:00:00+00:00,2025-01-10 07:00:00-05:00,78.520063,160.502933,train,67.496088,67.496088,145.560841
2025-01-10 13:00:00+00:00,2025-01-10 08:00:00-05:00,68.00086,89.808547,train,78.520063,78.520063,54.62965
2025-01-10 14:00:00+00:00,2025-01-10 09:00:00-05:00,66.949909,69.999892,train,68.00086,68.00086,32.835736
2025-01-10 15:00:00+00:00,2025-01-10 10:00:00-05:00,54.775608,51.122707,train,66.949909,66.949909,36.235422
2025-01-10 16:00:00+00:00,2025-01-10 11:00:00-05:00,49.890008,48.680879,train,54.775608,54.775608,63.394601
2025-01-10 17:00:00+00:00,2025-01-10 12:00:00-05:00,40.621306,47.43454,train,49.890008,49.890008,50.695423
2025-01-10 18:00:00+00:00,2025-01-10 13:00:00-05:00,71.203393,47.04909,train,40.621306,40.621306,67.30084
2025-01-10 19:00:00+00:00,2025-01-10 14:00:00-05:00,52.355803,47.594407,train,71.203393,71.203393,57.640783
2025-01-10 20:00:00+00:00,2025-01-10 15:00:00-05:00,52.877657,49.575411,train,52.355803,52.355803,106.766858
2025-01-10 21:00:00+00:00,2025-01-10 16:00:00-05:00,76.113355,54.003151,train,52.877657,52.877657,81.569742
2025-01-10 22:00:00+00:00,2025-01-10 17:00:00-05:00,111.581901,62.384885,train,76.113355,76.113355,72.69612
2025-01-10 23:00:00+00:00,2025-01-10 18:00:00-05:00,67.017139,55.667917,train,111.581901,111.581901,83.089619
2025-01-11 00:00:00+00:00,2025-01-10 19:00:00-05:00,54.394229,51.343954,train,67.017139,67.017139,88.912698
2025-01-11 01:00:00+00:00,2025-01-10 20:00:00-05:00,58.270502,47.789669,train,54.394229,54.394229,78.798637
2025-01-11 02:00:00+00:00,2025-01-10 21:00:00-05:00,48.571582,47.319409,train,58.270502,58.270502,122.278997
2025-01-11 03:00:00+00:00,2025-01-10 22:00:00-05:00,54.534014,47.475569,train,48.571582,48.571582,168.219416
2025-01-11 04:00:00+00:00,2025-01-10 23:00:00-05:00,106.635008,44.885954,train,54.534014,54.534014,124.234603
2025-01-11 05:00:00+00:00,2025-01-11 00:00:00-05:00,121.479306,46.645043,train,106.635008,106.635008,47.139961
2025-01-11 06:00:00+00:00,2025-01-11 01:00:00-05:00,173.9399,43.168785,train,121.479306,121.479306,44.009945
2025-01-11 07:00:00+00:00,2025-01-11 02:00:00-05:00,244.922132,41.512977,train,173.9399,173.9399,104.080559
2025-01-11 08:00:00+00:00,2025-01-11 03:00:00-05:00,212.244442,41.627582,train,244.922132,244.922132,222.082853
2025-01-11 09:00:00+00:00,2025-01-11 04:00:00-05:00,42.627259,41.056547,train,212.244442,212.244442,151.792382
2025-01-11 10:00:00+00:00,2025-01-11 05:00:00-05:00,34.38256,41.321866,train,42.627259,42.627259,107.36103
2025-01-11 11:00:00+00:00,2025-01-11 06:00:00-05:00,46.775557,44.495256,train,34.38256,34.38256,67.496088
2025-01-11 12:00:00+00:00,2025-01-11 07:00:00-05:00,157.343986,52.817881,train,46.775557,46.775557,78.520063
2025-01-11 13:00:00+00:00,2025-01-11 08:00:00-05:00,129.231743,53.628803,train,157.343986,157.343986,68.00086
2025-01-11 14:00:00+00:00,2025-01-11 09:00:00-05:00,60.97533,51.005526,train,129.231743,129.231743,66.949909
2025-01-11 15:00:00+00:00,2025-01-11 10:00:00-05:00,51.925545,51.599128,train,60.97533,60.97533,54.775608
2025-01-11 16:00:00+00:00,2025-01-11 11:00:00-05:00,35.920841,48.095628,train,51.925545,51.925545,49.890008
2025-01-11 17:00:00+00:00,2025-01-11 12:00:00-05:00,37.37328,42.575865,train,35.920841,35.920841,40.621306
2025-01-11 18:00:00+00:00,2025-01-11 13:00:00-05:00,35.201997,41.458775,train,37.37328,37.37328,71.203393
2025-01-11 19:00:00+00:00,2025-01-11 14:00:00-05:00,47.533926,40.927879,train,35.201997,35.201997,52.355803
2025-01-11 20:00:00+00:00,2025-01-11 15:00:00-05:00,49.724822,40.329096,train,47.533926,47.533926,52.877657
2025-01-11 21:00:00+00:00,2025-01-11 16:00:00-05:00,44.925862,46.298542,train,49.724822,49.724822,76.113355
2025-01-11 22:00:00+00:00,2025-01-11 17:00:00-05:00,53.698294,58.314393,train,44.925862,44.925862,111.581901
2025-01-11 23:00:00+00:00,2025-01-11 18:00:00-05:00,87.236095,54.093733,train,53.698294,53.698294,67.017139
2025-01-12 00:00:00+00:00,2025-01-11 19:00:00-05:00,106.954973,52.823423,train,87.236095,87.236095,54.394229
2025-01-12 01:00:00+00:00,2025-01-11 20:00:00-05:00,44.466801,51.341524,train,106.954973,106.954973,58.270502
2025-01-12 02:00:00+00:00,2025-01-11 21:00:00-05:00,48.290374,49.90065,train,44.466801,44.466801,48.571582
2025-01-12 03:00:00+00:00,2025-01-11 22:00:00-05:00,43.378468,48.387729,train,48.290374,48.290374,54.534014
2025-01-12 04:00:00+00:00,2025-01-11 23:00:00-05:00,36.000268,43.932435,train,43.378468,43.378468,106.635008
2025-01-12 05:00:00+00:00,2025-01-12 00:00:00-05:00,36.439107,59.492137,train,36.000268,36.000268,121.479306
2025-01-12 06:00:00+00:00,2025-01-12 01:00:00-05:00,39.37634,56.652167,train,36.439107,36.439107,173.9399
2025-01-12 07:00:00+00:00,2025-01-12 02:00:00-05:00,42.46124,56.868128,train,39.37634,39.37634,244.922132
2025-01-12 08:00:00+00:00,2025-01-12 03:00:00-05:00,44.003077,57.662104,train,42.46124,42.46124,212.244442
2025-01-12 09:00:00+00:00,2025-01-12 04:00:00-05:00,50.058152,54.809463,train,44.003077,44.003077,42.627259
2025-01-12 10:00:00+00:00,2025-01-12 05:00:00-05:00,50.357263,53.079494,train,50.058152,50.058152,34.38256
2025-01-12 11:00:00+00:00,2025-01-12 06:00:00-05:00,43.61755,58.549707,train,50.357263,50.357263,46.775557
2025-01-12 12:00:00+00:00,2025-01-12 07:00:00-05:00,65.763755,75.787544,train,43.61755,43.61755,157.343986
2025-01-12 13:00:00+00:00,2025-01-12 08:00:00-05:00,84.245735,60.617448,train,65.763755,65.763755,129.231743
2025-01-12 14:00:00+00:00,2025-01-12 09:00:00-05:00,32.217042,39.387676,train,84.245735,84.245735,60.97533
2025-01-12 15:00:00+00:00,2025-01-12 10:00:00-05:00,32.200262,36.188329,train,32.217042,32.217042,51.925545
2025-01-12 16:00:00+00:00,2025-01-12 11:00:00-05:00,29.443148,35.908002,train,32.200262,32.200262,35.920841
2025-01-12 17:00:00+00:00,2025-01-12 12:00:00-05:00,27.562172,34.30337,train,29.443148,29.443148,37.37328
2025-01-12 18:00:00+00:00,2025-01-12 13:00:00-05:00,28.593696,32.922044,train,27.562172,27.562172,35.201997
2025-01-12 19:00:00+00:00,2025-01-12 14:00:00-05:00,28.580005,33.123142,train,28.593696,28.593696,47.533926
2025-01-12 20:00:00+00:00,2025-01-12 15:00:00-05:00,31.153583,34.301597,train,28.580005,28.580005,49.724822
2025-01-12 21:00:00+00:00,2025-01-12 16:00:00-05:00,41.788332,43.612596,train,31.153583,31.153583,44.925862
2025-01-12 22:00:00+00:00,2025-01-12 17:00:00-05:00,46.602268,61.456075,train,41.788332,41.788332,53.698294
2025-01-12 23:00:00+00:00,2025-01-12 18:00:00-05:00,48.460814,59.90007,train,46.602268,46.602268,87.236095
2025-01-13 00:00:00+00:00,2025-01-12 19:00:00-05:00,45.351105,57.353146,train,48.460814,48.460814,106.954973
2025-01-13 01:00:00+00:00,2025-01-12 20:00:00-05:00,48.395952,56.609321,train,45.351105,45.351105,44.466801
2025-01-13 02:00:00+00:00,2025-01-12 21:00:00-05:00,40.236617,51.378279,train,48.395952,48.395952,48.290374
2025-01-13 03:00:00+00:00,2025-01-12 22:00:00-05:00,38.074404,49.983606,train,40.236617,40.236617,43.378468
2025-01-13 04:00:00+00:00,2025-01-12 23:00:00-05:00,31.828664,48.750268,train,38.074404,38.074404,36.000268
2025-01-13 05:00:00+00:00,2025-01-13 00:00:00-05:00,34.342372,43.530371,train,31.828664,31.828664,36.439107
2025-01-13 06:00:00+00:00,2025-01-13 01:00:00-05:00,36.026571,42.756501,train,34.342372,34.342372,39.37634
2025-01-13 07:00:00+00:00,2025-01-13 02:00:00-05:00,34.377193,43.36541,train,36.026571,36.026571,42.46124
2025-01-13 08:00:00+00:00,2025-01-13 03:00:00-05:00,34.835468,43.179038,train,34.377193,34.377193,44.003077
2025-01-13 09:00:00+00:00,2025-01-13 04:00:00-05:00,37.412984,44.327701,train,34.835468,34.835468,50.058152
2025-01-13 10:00:00+00:00,2025-01-13 05:00:00-05:00,42.090675,50.475568,train,37.412984,37.412984,50.357263
2025-01-13 11:00:00+00:00,2025-01-13 06:00:00-05:00,47.916112,78.753135,train,42.090675,42.090675,43.61755
2025-01-13 12:00:00+00:00,2025-01-13 07:00:00-05:00,92.912117,95.820615,train,47.916112,47.916112,65.763755
2025-01-13 13:00:00+00:00,2025-01-13 08:00:00-05:00,51.346264,61.885144,train,92.912117,92.912117,84.245735
2025-01-13 14:00:00+00:00,2025-01-13 09:00:00-05:00,38.693635,44.266127,train,51.346264,51.346264,32.217042
2025-01-13 15:00:00+00:00,2025-01-13 10:00:00-05:00,35.420619,43.229168,train,38.693635,38.693635,32.200262
2025-01-13 16:00:00+00:00,2025-01-13 11:00:00-05:00,34.65139,39.695306,train,35.420619,35.420619,29.443148
2025-01-13 17:00:00+00:00,2025-01-13 12:00:00-05:00,31.845456,37.138541,train,34.65139,34.65139,27.562172
2025-01-13 18:00:00+00:00,2025-01-13 13:00:00-05:00,31.355452,34.955221,train,31.845456,31.845456,28.593696
2025-01-13 19:00:00+00:00,2025-01-13 14:00:00-05:00,29.596503,34.354468,train,31.355452,31.355452,28.580005
2025-01-13 20:00:00+00:00,2025-01-13 15:00:00-05:00,30.788979,34.765023,train,29.596503,29.596503,31.153583
2025-01-13 21:00:00+00:00,2025-01-13 16:00:00-05:00,42.051688,42.151157,train,30.788979,30.788979,41.788332
2025-01-13 22:00:00+00:00,2025-01-13 17:00:00-05:00,97.571292,60.925659,train,42.051688,42.051688,46.602268
2025-01-13 23:00:00+00:00,2025-01-13 18:00:00-05:00,99.527958,57.243825,train,97.571292,97.571292,48.460814
2025-01-14 00:00:00+00:00,2025-01-13 19:00:00-05:00,51.516838,54.518348,train,99.527958,99.527958,45.351105
2025-01-14 01:00:00+00:00,2025-01-13 20:00:00-05:00,61.421547,53.271489,train,51.516838,51.516838,48.395952
2025-01-14 02:00:00+00:00,2025-01-13 21:00:00-05:00,40.472226,47.991214,train,61.421547,61.421547,40.236617
2025-01-14 03:00:00+00:00,2025-01-13 22:00:00-05:00,37.275152,44.541365,train,40.472226,40.472226,38.074404
2025-01-14 04:00:00+00:00,2025-01-13 23:00:00-05:00,36.164838,43.198934,train,37.275152,37.275152,31.828664
2025-01-14 05:00:00+00:00,2025-01-14 00:00:00-05:00,42.688096,44.480056,train,36.164838,36.164838,34.342372
2025-01-14 06:00:00+00:00,2025-01-14 01:00:00-05:00,40.983447,47.20491,train,42.688096,42.688096,36.026571
2025-01-14 07:00:00+00:00,2025-01-14 02:00:00-05:00,37.390697,47.883075,train,40.983447,40.983447,34.377193
2025-01-14 08:00:00+00:00,2025-01-14 03:00:00-05:00,36.49679,48.192047,train,37.390697,37.390697,34.835468
2025-01-14 09:00:00+00:00,2025-01-14 04:00:00-05:00,38.877823,53.928181,train,36.49679,36.49679,37.412984
2025-01-14 10:00:00+00:00,2025-01-14 05:00:00-05:00,44.170148,64.820304,train,38.877823,38.877823,42.090675
2025-01-14 11:00:00+00:00,2025-01-14 06:00:00-05:00,50.571107,83.170174,train,44.170148,44.170148,47.916112
2025-01-14 12:00:00+00:00,2025-01-14 07:00:00-05:00,61.145598,114.52999,train,50.571107,50.571107,92.912117
2025-01-14 13:00:00+00:00,2025-01-14 08:00:00-05:00,43.591464,64.336224,train,61.145598,61.145598,51.346264
2025-01-14 14:00:00+00:00,2025-01-14 09:00:00-05:00,34.925528,47.036664,train,43.591464,43.591464,38.693635
2025-01-14 15:00:00+00:00,2025-01-14 10:00:00-05:00,37.93054,49.182402,train,34.925528,34.925528,35.420619
2025-01-14 16:00:00+00:00,2025-01-14 11:00:00-05:00,34.338537,46.695271,train,37.93054,37.93054,34.65139
2025-01-14 17:00:00+00:00,2025-01-14 12:00:00-05:00,33.906023,44.777803,train,34.338537,34.338537,31.845456
2025-01-14 18:00:00+00:00,2025-01-14 13:00:00-05:00,33.991101,43.74445,train,33.906023,33.906023,31.355452
2025-01-14 19:00:00+00:00,2025-01-14 14:00:00-05:00,32.827905,43.21741,train,33.991101,33.991101,29.596503
2025-01-14 20:00:00+00:00,2025-01-14 15:00:00-05:00,36.913568,46.325222,train,32.827905,32.827905,30.788979
2025-01-14 21:00:00+00:00,2025-01-14 16:00:00-05:00,42.915299,60.011603,train,36.913568,36.913568,42.051688
2025-01-14 22:00:00+00:00,2025-01-14 17:00:00-05:00,54.35328,95.77531,train,42.915299,42.915299,97.571292
2025-01-14 23:00:00+00:00,2025-01-14 18:00:00-05:00,60.265933,80.649375,train,54.35328,54.35328,99.527958
2025-01-15 00:00:00+00:00,2025-01-14 19:00:00-05:00,53.605337,74.287416,train,60.265933,60.265933,51.516838
2025-01-15 01:00:00+00:00,2025-01-14 20:00:00-05:00,50.792256,69.907814,train,53.605337,53.605337,61.421547
2025-01-15 02:00:00+00:00,2025-01-14 21:00:00-05:00,62.890009,67.684621,train,50.792256,50.792256,40.472226
2025-01-15 03:00:00+00:00,2025-01-14 22:00:00-05:00,101.439345,64.862003,train,62.890009,62.890009,37.275152
2025-01-15 04:00:00+00:00,2025-01-14 23:00:00-05:00,53.066413,67.373294,train,101.439345,101.439345,36.164838
2025-01-15 05:00:00+00:00,2025-01-15 00:00:00-05:00,55.086888,58.553391,train,53.066413,53.066413,42.688096
2025-01-15 06:00:00+00:00,2025-01-15 01:00:00-05:00,58.797801,59.222326,train,55.086888,55.086888,40.983447
2025-01-15 07:00:00+00:00,2025-01-15 02:00:00-05:00,60.473231,58.563104,train,58.797801,58.797801,37.390697
2025-01-15 08:00:00+00:00,2025-01-15 03:00:00-05:00,59.394895,61.843403,train,60.473231,60.473231,36.49679
2025-01-15 09:00:00+00:00,2025-01-15 04:00:00-05:00,65.34175,61.928713,train,59.394895,59.394895,38.877823
2025-01-15 10:00:00+00:00,2025-01-15 05:00:00-05:00,60.106125,67.27266,train,65.34175,65.34175,44.170148
2025-01-15 11:00:00+00:00,2025-01-15 06:00:00-05:00,74.192539,90.101763,train,60.106125,60.106125,50.571107
2025-01-15 12:00:00+00:00,2025-01-15 07:00:00-05:00,199.150156,123.560604,train,74.192539,74.192539,61.145598
2025-01-15 13:00:00+00:00,2025-01-15 08:00:00-05:00,86.428139,73.757338,train,199.150156,199.150156,43.591464
2025-01-15 14:00:00+00:00,2025-01-15 09:00:00-05:00,53.160413,55.727353,train,86.428139,86.428139,34.925528
2025-01-15 15:00:00+00:00,2025-01-15 10:00:00-05:00,55.795865,58.530165,train,53.160413,53.160413,37.93054
2025-01-15 16:00:00+00:00,2025-01-15 11:00:00-05:00,56.448251,55.37275,train,55.795865,55.795865,34.338537
2025-01-15 17:00:00+00:00,2025-01-15 12:00:00-05:00,47.007322,51.440319,train,56.448251,56.448251,33.906023
2025-01-15 18:00:00+00:00,2025-01-15 13:00:00-05:00,37.943416,48.156193,train,47.007322,47.007322,33.991101
2025-01-15 19:00:00+00:00,2025-01-15 14:00:00-05:00,35.222852,46.165814,train,37.943416,37.943416,32.827905
2025-01-15 20:00:00+00:00,2025-01-15 15:00:00-05:00,41.114436,52.969589,train,35.222852,35.222852,36.913568
2025-01-15 21:00:00+00:00,2025-01-15 16:00:00-05:00,55.853299,64.95587,train,41.114436,41.114436,42.915299
2025-01-15 22:00:00+00:00,2025-01-15 17:00:00-05:00,72.795583,97.54111,train,55.853299,55.853299,54.35328
2025-01-15 23:00:00+00:00,2025-01-15 18:00:00-05:00,77.749283,81.340258,train,72.795583,72.795583,60.265933
2025-01-16 00:00:00+00:00,2025-01-15 19:00:00-05:00,70.052883,76.689478,train,77.749283,77.749283,53.605337
2025-01-16 01:00:00+00:00,2025-01-15 20:00:00-05:00,77.070925,75.869306,train,70.052883,70.052883,50.792256
2025-01-16 02:00:00+00:00,2025-01-15 21:00:00-05:00,77.414653,75.208915,train,77.070925,77.070925,62.890009
2025-01-16 03:00:00+00:00,2025-01-15 22:00:00-05:00,137.248923,75.789215,train,77.414653,77.414653,101.439345
2025-01-16 04:00:00+00:00,2025-01-15 23:00:00-05:00,87.245532,69.412153,train,137.248923,137.248923,53.066413
2025-01-16 05:00:00+00:00,2025-01-16 00:00:00-05:00,219.183056,76.698218,train,87.245532,87.245532,55.086888
2025-01-16 06:00:00+00:00,2025-01-16 01:00:00-05:00,177.429121,74.142582,train,219.183056,219.183056,58.797801
2025-01-16 07:00:00+00:00,2025-01-16 02:00:00-05:00,96.150699,74.323358,train,177.429121,177.429121,60.473231
2025-01-16 08:00:00+00:00,2025-01-16 03:00:00-05:00,95.996387,73.41831,train,96.150699,96.150699,59.394895
2025-01-16 09:00:00+00:00,2025-01-16 04:00:00-05:00,120.630415,77.801619,train,95.996387,95.996387,65.34175
2025-01-16 10:00:00+00:00,2025-01-16 05:00:00-05:00,148.224695,89.187813,train,120.630415,120.630415,60.106125
2025-01-16 11:00:00+00:00,2025-01-16 06:00:00-05:00,489.298256,111.391032,train,148.224695,148.224695,74.192539
2025-01-16 12:00:00+00:00,2025-01-16 07:00:00-05:00,246.559161,157.051258,train,489.298256,489.298256,199.150156
2025-01-16 13:00:00+00:00,2025-01-16 08:00:00-05:00,81.882989,88.877902,train,246.559161,246.559161,86.428139
2025-01-16 14:00:00+00:00,2025-01-16 09:00:00-05:00,102.004004,63.525645,train,81.882989,81.882989,53.160413
2025-01-16 15:00:00+00:00,2025-01-16 10:00:00-05:00,108.82995,48.181681,train,102.004004,102.004004,55.795865
2025-01-16 16:00:00+00:00,2025-01-16 11:00:00-05:00,77.628952,43.838011,train,108.82995,108.82995,56.448251
2025-01-16 17:00:00+00:00,2025-01-16 12:00:00-05:00,77.27816,43.45828,train,77.628952,77.628952,47.007322
2025-01-16 18:00:00+00:00,2025-01-16 13:00:00-05:00,65.005745,43.360496,train,77.27816,77.27816,37.943416
2025-01-16 19:00:00+00:00,2025-01-16 14:00:00-05:00,64.039808,40.061181,train,65.005745,65.005745,35.222852
2025-01-16 20:00:00+00:00,2025-01-16 15:00:00-05:00,48.907846,40.238357,train,64.039808,64.039808,41.114436
2025-01-16 21:00:00+00:00,2025-01-16 16:00:00-05:00,47.266655,44.042649,train,48.907846,48.907846,55.853299
2025-01-16 22:00:00+00:00,2025-01-16 17:00:00-05:00,90.601865,60.212294,train,47.266655,47.266655,72.795583
2025-01-16 23:00:00+00:00,2025-01-16 18:00:00-05:00,96.233874,55.893206,train,90.601865,90.601865,77.749283
2025-01-17 00:00:00+00:00,2025-01-16 19:00:00-05:00,70.527219,47.19992,train,96.233874,96.233874,70.052883
2025-01-17 01:00:00+00:00,2025-01-16 20:00:00-05:00,59.793011,46.507811,train,70.527219,70.527219,77.070925
2025-01-17 02:00:00+00:00,2025-01-16 21:00:00-05:00,63.849454,44.890363,train,59.793011,59.793011,77.414653
2025-01-17 03:00:00+00:00,2025-01-16 22:00:00-05:00,104.550522,43.603147,train,63.849454,63.849454,137.248923
2025-01-17 04:00:00+00:00,2025-01-16 23:00:00-05:00,42.332156,42.91037,train,104.550522,104.550522,87.245532
2025-01-17 05:00:00+00:00,2025-01-17 00:00:00-05:00,51.201782,46.408074,train,42.332156,42.332156,219.183056
2025-01-17 06:00:00+00:00,2025-01-17 01:00:00-05:00,42.465715,45.121427,train,51.201782,51.201782,177.429121
2025-01-17 07:00:00+00:00,2025-01-17 02:00:00-05:00,40.390832,44.478458,train,42.465715,42.465715,96.150699
2025-01-17 08:00:00+00:00,2025-01-17 03:00:00-05:00,36.153038,44.594344,train,40.390832,40.390832,95.996387
2025-01-17 09:00:00+00:00,2025-01-17 04:00:00-05:00,53.915624,45.536066,train,36.153038,36.153038,120.630415
2025-01-17 10:00:00+00:00,2025-01-17 05:00:00-05:00,52.781758,50.648048,train,53.915624,53.915624,148.224695
2025-01-17 11:00:00+00:00,2025-01-17 06:00:00-05:00,85.566407,71.111068,train,52.781758,52.781758,489.298256
2025-01-17 12:00:00+00:00,2025-01-17 07:00:00-05:00,148.043223,92.043072,train,85.566407,85.566407,246.559161
2025-01-17 13:00:00+00:00,2025-01-17 08:00:00-05:00,52.62422,54.036481,train,148.043223,148.043223,81.882989
2025-01-17 14:00:00+00:00,2025-01-17 09:00:00-05:00,38.209219,43.19061,train,52.62422,52.62422,102.004004
2025-01-17 15:00:00+00:00,2025-01-17 10:00:00-05:00,31.854367,36.918,train,38.209219,38.209219,108.82995
2025-01-17 16:00:00+00:00,2025-01-17 11:00:00-05:00,30.254344,34.849471,train,31.854367,31.854367,77.628952
2025-01-17 17:00:00+00:00,2025-01-17 12:00:00-05:00,28.466121,33.719596,train,30.254344,30.254344,77.27816
2025-01-17 18:00:00+00:00,2025-01-17 13:00:00-05:00,27.301011,31.782382,train,28.466121,28.466121,65.005745
2025-01-17 19:00:00+00:00,2025-01-17 14:00:00-05:00,26.504349,31.423955,train,27.301011,27.301011,64.039808
2025-01-17 20:00:00+00:00,2025-01-17 15:00:00-05:00,27.375119,32.116864,train,26.504349,26.504349,48.907846
2025-01-17 21:00:00+00:00,2025-01-17 16:00:00-05:00,35.276743,36.284779,train,27.375119,27.375119,47.266655
2025-01-17 22:00:00+00:00,2025-01-17 17:00:00-05:00,49.725511,45.236154,train,35.276743,35.276743,90.601865
2025-01-17 23:00:00+00:00,2025-01-17 18:00:00-05:00,39.034554,44.992387,train,49.725511,49.725511,96.233874
2025-01-18 00:00:00+00:00,2025-01-17 19:00:00-05:00,38.170921,43.804247,train,39.034554,39.034554,70.527219
2025-01-18 01:00:00+00:00,2025-01-17 20:00:00-05:00,47.976561,44.078104,train,38.170921,38.170921,59.793011
2025-01-18 02:00:00+00:00,2025-01-17 21:00:00-05:00,41.391558,41.788841,train,47.976561,47.976561,63.849454
2025-01-18 03:00:00+00:00,2025-01-17 22:00:00-05:00,37.832421,39.823998,train,41.391558,41.391558,104.550522
2025-01-18 04:00:00+00:00,2025-01-17 23:00:00-05:00,33.235318,36.994964,train,37.832421,37.832421,42.332156
2025-01-18 05:00:00+00:00,2025-01-18 00:00:00-05:00,48.385165,40.376411,train,33.235318,33.235318,51.201782
2025-01-18 06:00:00+00:00,2025-01-18 01:00:00-05:00,139.838916,38.845703,train,48.385165,48.385165,42.465715
2025-01-18 07:00:00+00:00,2025-01-18 02:00:00-05:00,148.583661,37.114451,train,139.838916,139.838916,40.390832
2025-01-18 08:00:00+00:00,2025-01-18 03:00:00-05:00,80.558469,36.493861,train,148.583661,148.583661,36.153038
2025-01-18 09:00:00+00:00,2025-01-18 04:00:00-05:00,81.513813,36.776719,train,80.558469,80.558469,53.915624
2025-01-18 10:00:00+00:00,2025-01-18 05:00:00-05:00,60.073889,40.328769,train,81.513813,81.513813,52.781758
2025-01-18 11:00:00+00:00,2025-01-18 06:00:00-05:00,40.509818,41.329781,train,60.073889,60.073889,85.566407
2025-01-18 12:00:00+00:00,2025-01-18 07:00:00-05:00,41.853948,42.405714,train,40.509818,40.509818,148.043223
2025-01-18 13:00:00+00:00,2025-01-18 08:00:00-05:00,38.353785,42.855284,train,41.853948,41.853948,52.62422
2025-01-18 14:00:00+00:00,2025-01-18 09:00:00-05:00,35.696265,41.813724,train,38.353785,38.353785,38.209219
2025-01-18 15:00:00+00:00,2025-01-18 10:00:00-05:00,43.50747,56.925487,train,35.696265,35.696265,31.854367
2025-01-18 16:00:00+00:00,2025-01-18 11:00:00-05:00,56.465343,53.56318,train,43.50747,43.50747,30.254344
2025-01-18 17:00:00+00:00,2025-01-18 12:00:00-05:00,62.063702,47.354719,train,56.465343,56.465343,28.466121
2025-01-18 18:00:00+00:00,2025-01-18 13:00:00-05:00,64.374364,43.164799,train,62.063702,62.063702,27.301011
2025-01-18 19:00:00+00:00,2025-01-18 14:00:00-05:00,33.164339,40.401149,train,64.374364,64.374364,26.504349
2025-01-18 20:00:00+00:00,2025-01-18 15:00:00-05:00,30.396525,42.335003,train,33.164339,33.164339,27.375119
2025-01-18 21:00:00+00:00,2025-01-18 16:00:00-05:00,29.956169,44.973023,train,30.396525,30.396525,35.276743
2025-01-18 22:00:00+00:00,2025-01-18 17:00:00-05:00,36.477639,56.44037,train,29.956169,29.956169,49.725511
2025-01-18 23:00:00+00:00,2025-01-18 18:00:00-05:00,41.013205,56.02518,train,36.477639,36.477639,39.034554
2025-01-19 00:00:00+00:00,2025-01-18 19:00:00-05:00,36.139002,53.668104,train,41.013205,41.013205,38.170921
2025-01-19 01:00:00+00:00,2025-01-18 20:00:00-05:00,37.454121,52.24602,train,36.139002,36.139002,47.976561
2025-01-19 02:00:00+00:00,2025-01-18 21:00:00-05:00,40.961283,50.64368,train,37.454121,37.454121,41.391558
2025-01-19 03:00:00+00:00,2025-01-18 22:00:00-05:00,46.676527,48.454748,train,40.961283,40.961283,37.832421
2025-01-19 04:00:00+00:00,2025-01-18 23:00:00-05:00,34.184287,44.054201,train,46.676527,46.676527,33.235318
2025-01-19 05:00:00+00:00,2025-01-19 00:00:00-05:00,32.338106,45.24252,train,34.184287,34.184287,48.385165
2025-01-19 06:00:00+00:00,2025-01-19 01:00:00-05:00,31.96743,44.019018,train,32.338106,32.338106,139.838916
2025-01-19 07:00:00+00:00,2025-01-19 02:00:00-05:00,32.368215,43.750023,train,31.96743,31.96743,148.583661
2025-01-19 08:00:00+00:00,2025-01-19 03:00:00-05:00,33.245358,43.790006,train,32.368215,32.368215,80.558469
2025-01-19 09:00:00+00:00,2025-01-19 04:00:00-05:00,29.137478,43.982988,train,33.245358,33.245358,81.513813
2025-01-19 10:00:00+00:00,2025-01-19 05:00:00-05:00,27.569068,43.877481,train,29.137478,29.137478,60.073889
2025-01-19 11:00:00+00:00,2025-01-19 06:00:00-05:00,30.971958,46.182043,train,27.569068,27.569068,40.509818
2025-01-19 12:00:00+00:00,2025-01-19 07:00:00-05:00,32.551129,51.724071,train,30.971958,30.971958,41.853948
2025-01-19 13:00:00+00:00,2025-01-19 08:00:00-05:00,35.969327,52.486421,train,32.551129,32.551129,38.353785
2025-01-19 14:00:00+00:00,2025-01-19 09:00:00-05:00,35.617017,55.257983,train,35.969327,35.969327,35.696265
2025-01-19 15:00:00+00:00,2025-01-19 10:00:00-05:00,51.419987,88.474807,train,35.617017,35.617017,43.50747
2025-01-19 16:00:00+00:00,2025-01-19 11:00:00-05:00,40.745759,86.932521,train,51.419987,51.419987,56.465343
2025-01-19 17:00:00+00:00,2025-01-19 12:00:00-05:00,39.755481,86.938152,train,40.745759,40.745759,62.063702
2025-01-19 18:00:00+00:00,2025-01-19 13:00:00-05:00,36.125925,82.62181,train,39.755481,39.755481,64.374364
2025-01-19 19:00:00+00:00,2025-01-19 14:00:00-05:00,37.812813,88.302942,train,36.125925,36.125925,33.164339
2025-01-19 20:00:00+00:00,2025-01-19 15:00:00-05:00,34.993408,97.57527,train,37.812813,37.812813,30.396525
2025-01-19 21:00:00+00:00,2025-01-19 16:00:00-05:00,45.657211,117.620223,train,34.993408,34.993408,29.956169
2025-01-19 22:00:00+00:00,2025-01-19 17:00:00-05:00,48.808273,202.375029,train,45.657211,45.657211,36.477639
2025-01-19 23:00:00+00:00,2025-01-19 18:00:00-05:00,62.082274,199.084512,train,48.808273,48.808273,41.013205
2025-01-20 00:00:00+00:00,2025-01-19 19:00:00-05:00,58.621795,187.786962,train,62.082274,62.082274,36.139002
2025-01-20 01:00:00+00:00,2025-01-19 20:00:00-05:00,56.14585,191.007573,train,58.621795,58.621795,37.454121
2025-01-20 02:00:00+00:00,2025-01-19 21:00:00-05:00,48.230208,183.960099,train,56.14585,56.14585,40.961283
2025-01-20 03:00:00+00:00,2025-01-19 22:00:00-05:00,62.31477,164.459043,train,48.230208,48.230208,46.676527
2025-01-20 04:00:00+00:00,2025-01-19 23:00:00-05:00,39.127542,151.690153,train,62.31477,62.31477,34.184287
2025-01-20 05:00:00+00:00,2025-01-20 00:00:00-05:00,56.011352,125.229644,train,39.127542,39.127542,32.338106
2025-01-20 06:00:00+00:00,2025-01-20 01:00:00-05:00,45.502019,126.095535,train,56.011352,56.011352,31.96743
2025-01-20 07:00:00+00:00,2025-01-20 02:00:00-05:00,61.305008,134.402043,train,45.502019,45.502019,32.368215
2025-01-20 08:00:00+00:00,2025-01-20 03:00:00-05:00,58.250496,156.664795,train,61.305008,61.305008,33.245358
2025-01-20 09:00:00+00:00,2025-01-20 04:00:00-05:00,53.193556,157.851677,train,58.250496,58.250496,29.137478
2025-01-20 10:00:00+00:00,2025-01-20 05:00:00-05:00,93.877694,198.703217,train,53.193556,53.193556,27.569068
2025-01-20 11:00:00+00:00,2025-01-20 06:00:00-05:00,134.491634,227.953847,train,93.877694,93.877694,30.971958
2025-01-20 12:00:00+00:00,2025-01-20 07:00:00-05:00,171.03427,343.449111,train,134.491634,134.491634,32.551129
2025-01-20 13:00:00+00:00,2025-01-20 08:00:00-05:00,87.002316,263.667441,train,171.03427,171.03427,35.969327
2025-01-20 14:00:00+00:00,2025-01-20 09:00:00-05:00,43.50566,186.674216,train,87.002316,87.002316,35.617017
2025-01-20 15:00:00+00:00,2025-01-20 10:00:00-05:00,72.552048,224.665668,train,43.50566,43.50566,51.419987
2025-01-20 16:00:00+00:00,2025-01-20 11:00:00-05:00,53.346499,203.399898,train,72.552048,72.552048,40.745759
2025-01-20 17:00:00+00:00,2025-01-20 12:00:00-05:00,38.413151,186.674402,train,53.346499,53.346499,39.755481
2025-01-20 18:00:00+00:00,2025-01-20 13:00:00-05:00,41.806784,182.354035,train,38.413151,38.413151,36.125925
2025-01-20 19:00:00+00:00,2025-01-20 14:00:00-05:00,27.319694,162.723018,train,41.806784,41.806784,37.812813
2025-01-20 20:00:00+00:00,2025-01-20 15:00:00-05:00,33.030525,196.538429,train,27.319694,27.319694,34.993408
2025-01-20 21:00:00+00:00,2025-01-20 16:00:00-05:00,87.603173,238.880252,train,33.030525,33.030525,45.657211
2025-01-20 22:00:00+00:00,2025-01-20 17:00:00-05:00,292.955171,345.813159,train,87.603173,87.603173,48.808273
2025-01-20 23:00:00+00:00,2025-01-20 18:00:00-05:00,139.458335,365.743742,train,292.955171,292.955171,62.082274
2025-01-21 00:00:00+00:00,2025-01-20 19:00:00-05:00,189.172558,353.470777,train,139.458335,139.458335,58.621795
2025-01-21 01:00:00+00:00,2025-01-20 20:00:00-05:00,181.073589,357.322341,train,189.172558,189.172558,56.14585
2025-01-21 02:00:00+00:00,2025-01-20 21:00:00-05:00,252.92817,355.359334,train,181.073589,181.073589,48.230208
2025-01-21 03:00:00+00:00,2025-01-20 22:00:00-05:00,185.093928,333.020091,train,252.92817,252.92817,62.31477
2025-01-21 04:00:00+00:00,2025-01-20 23:00:00-05:00,166.867217,303.823533,train,185.093928,185.093928,39.127542
2025-01-21 05:00:00+00:00,2025-01-21 00:00:00-05:00,225.770568,215.411793,train,166.867217,166.867217,56.011352
2025-01-21 06:00:00+00:00,2025-01-21 01:00:00-05:00,292.702531,222.841984,train,225.770568,225.770568,45.502019
2025-01-21 07:00:00+00:00,2025-01-21 02:00:00-05:00,353.820939,227.558481,train,292.702531,292.702531,61.305008
2025-01-21 08:00:00+00:00,2025-01-21 03:00:00-05:00,225.3521,252.506491,train,353.820939,353.820939,58.250496
2025-01-21 09:00:00+00:00,2025-01-21 04:00:00-05:00,213.010713,259.172562,train,225.3521,225.3521,53.193556
2025-01-21 10:00:00+00:00,2025-01-21 05:00:00-05:00,332.612302,290.373005,train,213.010713,213.010713,93.877694
2025-01-21 11:00:00+00:00,2025-01-21 06:00:00-05:00,290.963519,309.570768,train,332.612302,332.612302,134.491634
2025-01-21 12:00:00+00:00,2025-01-21 07:00:00-05:00,345.040803,338.705636,train,290.963519,290.963519,171.03427
2025-01-21 13:00:00+00:00,2025-01-21 08:00:00-05:00,266.652809,276.779859,train,345.040803,345.040803,87.002316
2025-01-21 14:00:00+00:00,2025-01-21 09:00:00-05:00,241.59893,259.048565,train,266.652809,266.652809,43.50566
2025-01-21 15:00:00+00:00,2025-01-21 10:00:00-05:00,270.956995,221.652724,train,241.59893,241.59893,72.552048
2025-01-21 16:00:00+00:00,2025-01-21 11:00:00-05:00,194.662877,211.522636,train,270.956995,270.956995,53.346499
2025-01-21 17:00:00+00:00,2025-01-21 12:00:00-05:00,290.574073,215.0173,train,194.662877,194.662877,38.413151
2025-01-21 18:00:00+00:00,2025-01-21 13:00:00-05:00,334.086559,200.247172,train,290.574073,290.574073,41.806784
2025-01-21 19:00:00+00:00,2025-01-21 14:00:00-05:00,454.332755,201.824864,train,334.086559,334.086559,27.319694
2025-01-21 20:00:00+00:00,2025-01-21 15:00:00-05:00,325.968524,213.40575,train,454.332755,454.332755,33.030525
2025-01-21 21:00:00+00:00,2025-01-21 16:00:00-05:00,166.171182,229.85204,train,325.968524,325.968524,87.603173
2025-01-21 22:00:00+00:00,2025-01-21 17:00:00-05:00,251.84792,297.377003,train,166.171182,166.171182,292.955171
2025-01-21 23:00:00+00:00,2025-01-21 18:00:00-05:00,310.084572,305.406549,train,251.84792,251.84792,139.458335
2025-01-22 00:00:00+00:00,2025-01-21 19:00:00-05:00,294.04716,309.387042,train,310.084572,310.084572,189.172558
2025-01-22 01:00:00+00:00,2025-01-21 20:00:00-05:00,285.910562,280.485061,train,294.04716,294.04716,181.073589
2025-01-22 02:00:00+00:00,2025-01-21 21:00:00-05:00,236.480384,266.468434,train,285.910562,285.910562,252.92817
2025-01-22 03:00:00+00:00,2025-01-21 22:00:00-05:00,225.417241,229.876981,train,236.480384,236.480384,185.093928
2025-01-22 04:00:00+00:00,2025-01-21 23:00:00-05:00,197.823911,217.12419,train,225.417241,225.417241,166.867217
2025-01-22 05:00:00+00:00,2025-01-22 00:00:00-05:00,225.970292,228.990537,train,197.823911,197.823911,225.770568
2025-01-22 06:00:00+00:00,2025-01-22 01:00:00-05:00,247.477657,228.165226,train,225.970292,225.970292,292.702531
2025-01-22 07:00:00+00:00,2025-01-22 02:00:00-05:00,342.645929,240.775121,train,247.477657,247.477657,353.820939
2025-01-22 08:00:00+00:00,2025-01-22 03:00:00-05:00,220.531307,242.646573,train,342.645929,342.645929,225.3521
2025-01-22 09:00:00+00:00,2025-01-22 04:00:00-05:00,217.180677,252.884794,train,220.531307,220.531307,213.010713
2025-01-22 10:00:00+00:00,2025-01-22 05:00:00-05:00,292.780902,279.930772,train,217.180677,217.180677,332.612302
2025-01-22 11:00:00+00:00,2025-01-22 06:00:00-05:00,295.87399,340.204997,train,292.780902,292.780902,290.963519
2025-01-22 12:00:00+00:00,2025-01-22 07:00:00-05:00,680.644247,389.717517,train,295.87399,295.87399,345.040803
2025-01-22 13:00:00+00:00,2025-01-22 08:00:00-05:00,579.399089,291.918275,train,680.644247,680.644247,266.652809
2025-01-22 14:00:00+00:00,2025-01-22 09:00:00-05:00,265.660585,238.220267,train,579.399089,579.399089,241.59893
2025-01-22 15:00:00+00:00,2025-01-22 10:00:00-05:00,164.075021,218.137171,train,265.660585,265.660585,270.956995
2025-01-22 16:00:00+00:00,2025-01-22 11:00:00-05:00,179.543034,188.501447,train,164.075021,164.075021,194.662877
2025-01-22 17:00:00+00:00,2025-01-22 12:00:00-05:00,184.320565,195.552262,train,179.543034,179.543034,290.574073
2025-01-22 18:00:00+00:00,2025-01-22 13:00:00-05:00,123.583485,184.708768,train,184.320565,184.320565,334.086559
2025-01-22 19:00:00+00:00,2025-01-22 14:00:00-05:00,114.256689,191.899347,train,123.583485,123.583485,454.332755
2025-01-22 20:00:00+00:00,2025-01-22 15:00:00-05:00,94.214799,192.152914,train,114.256689,114.256689,325.968524
2025-01-22 21:00:00+00:00,2025-01-22 16:00:00-05:00,142.940999,220.153838,train,94.214799,94.214799,166.171182
2025-01-22 22:00:00+00:00,2025-01-22 17:00:00-05:00,202.766478,287.697008,train,142.940999,142.940999,251.84792
2025-01-22 23:00:00+00:00,2025-01-22 18:00:00-05:00,282.014833,280.9309,train,202.766478,202.766478,310.084572
2025-01-23 00:00:00+00:00,2025-01-22 19:00:00-05:00,442.943802,253.154132,train,282.014833,282.014833,294.04716
2025-01-23 01:00:00+00:00,2025-01-22 20:00:00-05:00,624.927944,286.475933,train,442.943802,442.943802,285.910562
2025-01-23 02:00:00+00:00,2025-01-22 21:00:00-05:00,620.805018,269.373121,train,624.927944,624.927944,236.480384
2025-01-23 03:00:00+00:00,2025-01-22 22:00:00-05:00,454.598664,237.966344,train,620.805018,620.805018,225.417241
2025-01-23 04:00:00+00:00,2025-01-22 23:00:00-05:00,200.920266,214.481662,train,454.598664,454.598664,197.823911
2025-01-23 05:00:00+00:00,2025-01-23 00:00:00-05:00,247.64642,219.302161,train,200.920266,200.920266,225.970292
2025-01-23 06:00:00+00:00,2025-01-23 01:00:00-05:00,590.651559,220.537116,train,247.64642,247.64642,247.477657
2025-01-23 07:00:00+00:00,2025-01-23 02:00:00-05:00,643.011778,212.674172,train,590.651559,590.651559,342.645929
2025-01-23 08:00:00+00:00,2025-01-23 03:00:00-05:00,633.41285,215.978643,train,643.011778,643.011778,220.531307
2025-01-23 09:00:00+00:00,2025-01-23 04:00:00-05:00,281.086556,219.440237,train,633.41285,633.41285,217.180677
2025-01-23 10:00:00+00:00,2025-01-23 05:00:00-05:00,278.193731,238.65351,train,281.086556,281.086556,292.780902
2025-01-23 11:00:00+00:00,2025-01-23 06:00:00-05:00,770.922638,286.047752,train,278.193731,278.193731,295.87399
2025-01-23 12:00:00+00:00,2025-01-23 07:00:00-05:00,859.154875,339.359919,train,770.922638,770.922638,680.644247
2025-01-23 13:00:00+00:00,2025-01-23 08:00:00-05:00,186.496141,234.814233,train,859.154875,859.154875,579.399089
2025-01-23 14:00:00+00:00,2025-01-23 09:00:00-05:00,170.879766,185.387118,train,186.496141,186.496141,265.660585
2025-01-23 15:00:00+00:00,2025-01-23 10:00:00-05:00,141.529726,97.708755,train,170.879766,170.879766,164.075021
2025-01-23 16:00:00+00:00,2025-01-23 11:00:00-05:00,89.864565,80.797581,train,141.529726,141.529726,179.543034
2025-01-23 17:00:00+00:00,2025-01-23 12:00:00-05:00,117.214008,73.033806,train,89.864565,89.864565,184.320565
2025-01-23 18:00:00+00:00,2025-01-23 13:00:00-05:00,77.286738,71.17047,train,117.214008,117.214008,123.583485
2025-01-23 19:00:00+00:00,2025-01-23 14:00:00-05:00,86.839696,71.063986,train,77.286738,77.286738,114.256689
2025-01-23 20:00:00+00:00,2025-01-23 15:00:00-05:00,137.952546,72.547041,train,86.839696,86.839696,94.214799
2025-01-23 21:00:00+00:00,2025-01-23 16:00:00-05:00,70.082864,76.168751,train,137.952546,137.952546,142.940999
2025-01-23 22:00:00+00:00,2025-01-23 17:00:00-05:00,147.206717,116.228362,train,70.082864,70.082864,202.766478
2025-01-23 23:00:00+00:00,2025-01-23 18:00:00-05:00,84.596819,116.605779,train,147.206717,147.206717,282.014833
2025-01-24 00:00:00+00:00,2025-01-23 19:00:00-05:00,99.943673,103.632321,train,84.596819,84.596819,442.943802
2025-01-24 01:00:00+00:00,2025-01-23 20:00:00-05:00,97.818061,101.865069,train,99.943673,99.943673,624.927944
2025-01-24 02:00:00+00:00,2025-01-23 21:00:00-05:00,139.498142,97.264821,train,97.818061,97.818061,620.805018
2025-01-24 03:00:00+00:00,2025-01-23 22:00:00-05:00,104.427744,92.090254,train,139.498142,139.498142,454.598664
2025-01-24 04:00:00+00:00,2025-01-23 23:00:00-05:00,96.433512,81.10083,train,104.427744,104.427744,200.920266
2025-01-24 05:00:00+00:00,2025-01-24 00:00:00-05:00,299.102887,93.065543,train,96.433512,96.433512,247.64642
2025-01-24 06:00:00+00:00,2025-01-24 01:00:00-05:00,211.089802,90.85352,train,299.102887,299.102887,590.651559
2025-01-24 07:00:00+00:00,2025-01-24 02:00:00-05:00,105.455613,92.857624,train,211.089802,211.089802,643.011778
2025-01-24 08:00:00+00:00,2025-01-24 03:00:00-05:00,67.903068,91.262483,train,105.455613,105.455613,633.41285
2025-01-24 09:00:00+00:00,2025-01-24 04:00:00-05:00,70.032464,92.21979,train,67.903068,67.903068,281.086556
2025-01-24 10:00:00+00:00,2025-01-24 05:00:00-05:00,91.232686,109.063487,train,70.032464,70.032464,278.193731
2025-01-24 11:00:00+00:00,2025-01-24 06:00:00-05:00,197.030284,143.079136,train,91.232686,91.232686,770.922638
2025-01-24 12:00:00+00:00,2025-01-24 07:00:00-05:00,187.065689,184.386509,train,197.030284,197.030284,859.154875
2025-01-24 13:00:00+00:00,2025-01-24 08:00:00-05:00,165.621588,119.873027,train,187.065689,187.065689,186.496141
2025-01-24 14:00:00+00:00,2025-01-24 09:00:00-05:00,96.971518,77.732828,train,165.621588,165.621588,170.879766
2025-01-24 15:00:00+00:00,2025-01-24 10:00:00-05:00,59.690813,66.785207,train,96.971518,96.971518,141.529726
2025-01-24 16:00:00+00:00,2025-01-24 11:00:00-05:00,46.318624,56.964923,train,59.690813,59.690813,89.864565
2025-01-24 17:00:00+00:00,2025-01-24 12:00:00-05:00,46.552477,52.786257,train,46.318624,46.318624,117.214008
2025-01-24 18:00:00+00:00,2025-01-24 13:00:00-05:00,55.41547,50.938172,train,46.552477,46.552477,77.286738
2025-01-24 19:00:00+00:00,2025-01-24 14:00:00-05:00,53.41488,49.610591,train,55.41547,55.41547,86.839696
2025-01-24 20:00:00+00:00,2025-01-24 15:00:00-05:00,124.673371,50.329013,train,53.41488,53.41488,137.952546
2025-01-24 21:00:00+00:00,2025-01-24 16:00:00-05:00,51.835842,61.869813,train,124.673371,124.673371,70.082864
2025-01-24 22:00:00+00:00,2025-01-24 17:00:00-05:00,72.350389,87.58169,train,51.835842,51.835842,147.206717
2025-01-24 23:00:00+00:00,2025-01-24 18:00:00-05:00,66.230054,81.67089,train,72.350389,72.350389,84.596819
2025-01-25 00:00:00+00:00,2025-01-24 19:00:00-05:00,60.59155,77.217883,train,66.230054,66.230054,99.943673
2025-01-25 01:00:00+00:00,2025-01-24 20:00:00-05:00,99.324538,80.057543,train,60.59155,60.59155,97.818061
2025-01-25 02:00:00+00:00,2025-01-24 21:00:00-05:00,66.567407,81.078708,train,99.324538,99.324538,139.498142
2025-01-25 03:00:00+00:00,2025-01-24 22:00:00-05:00,73.049742,79.35002,train,66.567407,66.567407,104.427744
2025-01-25 04:00:00+00:00,2025-01-24 23:00:00-05:00,87.405342,72.378947,train,73.049742,73.049742,96.433512
2025-01-25 05:00:00+00:00,2025-01-25 00:00:00-05:00,53.377585,74.929388,train,87.405342,87.405342,299.102887
2025-01-25 06:00:00+00:00,2025-01-25 01:00:00-05:00,71.643585,77.658685,train,53.377585,53.377585,211.089802
2025-01-25 07:00:00+00:00,2025-01-25 02:00:00-05:00,79.677532,78.196981,train,71.643585,71.643585,105.455613
2025-01-25 08:00:00+00:00,2025-01-25 03:00:00-05:00,62.907828,78.877453,train,79.677532,79.677532,67.903068
2025-01-25 09:00:00+00:00,2025-01-25 04:00:00-05:00,95.341752,78.566815,train,62.907828,62.907828,70.032464
2025-01-25 10:00:00+00:00,2025-01-25 05:00:00-05:00,157.370666,86.632879,train,95.341752,95.341752,91.232686
2025-01-25 11:00:00+00:00,2025-01-25 06:00:00-05:00,113.513126,132.723097,train,157.370666,157.370666,197.030284
2025-01-25 12:00:00+00:00,2025-01-25 07:00:00-05:00,284.212024,151.116665,train,113.513126,113.513126,187.065689
2025-01-25 13:00:00+00:00,2025-01-25 08:00:00-05:00,83.332883,99.472982,train,284.212024,284.212024,165.621588
2025-01-25 14:00:00+00:00,2025-01-25 09:00:00-05:00,47.16894,64.146423,train,83.332883,83.332883,96.971518
2025-01-25 15:00:00+00:00,2025-01-25 10:00:00-05:00,36.348136,45.63085,train,47.16894,47.16894,59.690813
2025-01-25 16:00:00+00:00,2025-01-25 11:00:00-05:00,38.90306,43.111059,train,36.348136,36.348136,46.318624
2025-01-25 17:00:00+00:00,2025-01-25 12:00:00-05:00,32.9213,37.25998,train,38.90306,38.90306,46.552477
2025-01-25 18:00:00+00:00,2025-01-25 13:00:00-05:00,34.282744,36.289094,train,32.9213,32.9213,55.41547
2025-01-25 19:00:00+00:00,2025-01-25 14:00:00-05:00,31.64157,35.373328,train,34.282744,34.282744,53.41488
2025-01-25 20:00:00+00:00,2025-01-25 15:00:00-05:00,29.394744,35.162482,train,31.64157,31.64157,124.673371
2025-01-25 21:00:00+00:00,2025-01-25 16:00:00-05:00,32.396944,39.152378,train,29.394744,29.394744,51.835842
2025-01-25 22:00:00+00:00,2025-01-25 17:00:00-05:00,38.018059,47.740986,train,32.396944,32.396944,72.350389
2025-01-25 23:00:00+00:00,2025-01-25 18:00:00-05:00,35.227351,47.15477,train,38.018059,38.018059,66.230054
2025-01-26 00:00:00+00:00,2025-01-25 19:00:00-05:00,39.795708,47.417361,train,35.227351,35.227351,60.59155
2025-01-26 01:00:00+00:00,2025-01-25 20:00:00-05:00,38.881413,45.489144,train,39.795708,39.795708,99.324538
2025-01-26 02:00:00+00:00,2025-01-25 21:00:00-05:00,38.83246,42.681325,train,38.881413,38.881413,66.567407
2025-01-26 03:00:00+00:00,2025-01-25 22:00:00-05:00,33.016346,41.852121,train,38.83246,38.83246,73.049742
2025-01-26 04:00:00+00:00,2025-01-25 23:00:00-05:00,34.373392,41.660339,train,33.016346,33.016346,87.405342
2025-01-26 05:00:00+00:00,2025-01-26 00:00:00-05:00,35.356336,41.31143,train,34.373392,34.373392,53.377585
2025-01-26 06:00:00+00:00,2025-01-26 01:00:00-05:00,33.066481,37.834314,train,35.356336,35.356336,71.643585
2025-01-26 07:00:00+00:00,2025-01-26 02:00:00-05:00,38.483075,37.659683,train,33.066481,33.066481,79.677532
2025-01-26 08:00:00+00:00,2025-01-26 03:00:00-05:00,43.885127,38.374437,train,38.483075,38.483075,62.907828
2025-01-26 09:00:00+00:00,2025-01-26 04:00:00-05:00,36.189769,38.290751,train,43.885127,43.885127,95.341752
2025-01-26 10:00:00+00:00,2025-01-26 05:00:00-05:00,47.425718,39.85247,train,36.189769,36.189769,157.370666
2025-01-26 11:00:00+00:00,2025-01-26 06:00:00-05:00,41.186166,44.347525,train,47.425718,47.425718,113.513126
2025-01-26 12:00:00+00:00,2025-01-26 07:00:00-05:00,44.922828,48.864919,train,41.186166,41.186166,284.212024
2025-01-26 13:00:00+00:00,2025-01-26 08:00:00-05:00,49.28117,46.519768,train,44.922828,44.922828,83.332883
2025-01-26 14:00:00+00:00,2025-01-26 09:00:00-05:00,39.218528,37.22926,train,49.28117,49.28117,47.16894
2025-01-26 15:00:00+00:00,2025-01-26 10:00:00-05:00,36.316336,37.430352,train,39.218528,39.218528,36.348136
2025-01-26 16:00:00+00:00,2025-01-26 11:00:00-05:00,33.252849,36.192431,train,36.316336,36.316336,38.90306
2025-01-26 17:00:00+00:00,2025-01-26 12:00:00-05:00,33.702779,36.086996,train,33.252849,33.252849,32.9213
2025-01-26 18:00:00+00:00,2025-01-26 13:00:00-05:00,30.470503,34.780972,train,33.702779,33.702779,34.282744
2025-01-26 19:00:00+00:00,2025-01-26 14:00:00-05:00,29.142794,33.858834,train,30.470503,30.470503,31.64157
2025-01-26 20:00:00+00:00,2025-01-26 15:00:00-05:00,27.347582,35.133338,train,29.142794,29.142794,29.394744
2025-01-26 21:00:00+00:00,2025-01-26 16:00:00-05:00,39.641188,37.28723,train,27.347582,27.347582,32.396944
2025-01-26 22:00:00+00:00,2025-01-26 17:00:00-05:00,51.073637,49.292415,train,39.641188,39.641188,38.018059
2025-01-26 23:00:00+00:00,2025-01-26 18:00:00-05:00,48.361261,49.678293,train,51.073637,51.073637,35.227351
2025-01-27 00:00:00+00:00,2025-01-26 19:00:00-05:00,101.817648,47.558542,train,48.361261,48.361261,39.795708
2025-01-27 01:00:00+00:00,2025-01-26 20:00:00-05:00,50.598939,46.161929,train,101.817648,101.817648,38.881413
2025-01-27 02:00:00+00:00,2025-01-26 21:00:00-05:00,43.038101,44.591714,train,50.598939,50.598939,38.83246
2025-01-27 03:00:00+00:00,2025-01-26 22:00:00-05:00,43.13561,42.602451,train,43.038101,43.038101,33.016346
2025-01-27 04:00:00+00:00,2025-01-26 23:00:00-05:00,38.637043,39.480075,train,43.13561,43.13561,34.373392
2025-01-27 05:00:00+00:00,2025-01-27 00:00:00-05:00,36.319326,37.705518,train,38.637043,38.637043,35.356336
2025-01-27 06:00:00+00:00,2025-01-27 01:00:00-05:00,34.097465,36.153462,train,36.319326,36.319326,33.066481
2025-01-27 07:00:00+00:00,2025-01-27 02:00:00-05:00,33.635158,35.63046,train,34.097465,34.097465,38.483075
2025-01-27 08:00:00+00:00,2025-01-27 03:00:00-05:00,35.433648,35.743149,train,33.635158,33.635158,43.885127
2025-01-27 09:00:00+00:00,2025-01-27 04:00:00-05:00,36.782473,37.068591,train,35.433648,35.433648,36.189769
2025-01-27 10:00:00+00:00,2025-01-27 05:00:00-05:00,35.812759,39.944747,train,36.782473,36.782473,47.425718
2025-01-27 11:00:00+00:00,2025-01-27 06:00:00-05:00,66.658548,59.258157,train,35.812759,35.812759,41.186166
2025-01-27 12:00:00+00:00,2025-01-27 07:00:00-05:00,67.768445,72.99198,train,66.658548,66.658548,44.922828
2025-01-27 13:00:00+00:00,2025-01-27 08:00:00-05:00,49.858906,47.359712,train,67.768445,67.768445,49.28117
2025-01-27 14:00:00+00:00,2025-01-27 09:00:00-05:00,28.684643,39.290573,train,49.858906,49.858906,39.218528
2025-01-27 15:00:00+00:00,2025-01-27 10:00:00-05:00,27.255229,35.651574,train,28.684643,28.684643,36.316336
2025-01-27 16:00:00+00:00,2025-01-27 11:00:00-05:00,26.770504,32.918879,train,27.255229,27.255229,33.252849
2025-01-27 17:00:00+00:00,2025-01-27 12:00:00-05:00,27.24558,32.292141,train,26.770504,26.770504,33.702779
2025-01-27 18:00:00+00:00,2025-01-27 13:00:00-05:00,26.012449,31.267365,train,27.24558,27.24558,30.470503
2025-01-27 19:00:00+00:00,2025-01-27 14:00:00-05:00,25.32505,29.867703,train,26.012449,26.012449,29.142794
2025-01-27 20:00:00+00:00,2025-01-27 15:00:00-05:00,26.135191,29.957518,train,25.32505,25.32505,27.347582
2025-01-27 21:00:00+00:00,2025-01-27 16:00:00-05:00,29.863246,33.839649,train,26.135191,26.135191,39.641188
2025-01-27 22:00:00+00:00,2025-01-27 17:00:00-05:00,57.49306,48.91015,train,29.863246,29.863246,51.073637
2025-01-27 23:00:00+00:00,2025-01-27 18:00:00-05:00,40.951732,47.693199,train,57.49306,57.49306,48.361261
2025-01-28 00:00:00+00:00,2025-01-27 19:00:00-05:00,44.66813,42.701234,train,40.951732,40.951732,101.817648
2025-01-28 01:00:00+00:00,2025-01-27 20:00:00-05:00,55.178701,42.220925,train,44.66813,44.66813,50.598939
2025-01-28 02:00:00+00:00,2025-01-27 21:00:00-05:00,39.861931,40.633248,train,55.178701,55.178701,43.038101
2025-01-28 03:00:00+00:00,2025-01-27 22:00:00-05:00,31.783204,37.213974,train,39.861931,39.861931,43.13561
2025-01-28 04:00:00+00:00,2025-01-27 23:00:00-05:00,28.597909,34.322747,train,31.783204,31.783204,38.637043
2025-01-28 05:00:00+00:00,2025-01-28 00:00:00-05:00,31.253357,32.37138,train,28.597909,28.597909,36.319326
2025-01-28 06:00:00+00:00,2025-01-28 01:00:00-05:00,32.101746,32.267552,train,31.253357,31.253357,34.097465
2025-01-28 07:00:00+00:00,2025-01-28 02:00:00-05:00,30.708277,31.35273,train,32.101746,32.101746,33.635158
2025-01-28 08:00:00+00:00,2025-01-28 03:00:00-05:00,32.285212,31.817897,train,30.708277,30.708277,35.433648
2025-01-28 09:00:00+00:00,2025-01-28 04:00:00-05:00,33.073441,34.01349,train,32.285212,32.285212,36.782473
2025-01-28 10:00:00+00:00,2025-01-28 05:00:00-05:00,34.019235,37.442367,train,33.073441,33.073441,35.812759
2025-01-28 11:00:00+00:00,2025-01-28 06:00:00-05:00,51.637181,56.854307,train,34.019235,34.019235,66.658548
2025-01-28 12:00:00+00:00,2025-01-28 07:00:00-05:00,53.743047,79.838997,train,51.637181,51.637181,67.768445
2025-01-28 13:00:00+00:00,2025-01-28 08:00:00-05:00,105.671861,42.489129,train,53.743047,53.743047,49.858906
2025-01-28 14:00:00+00:00,2025-01-28 09:00:00-05:00,25.733537,37.258464,train,105.671861,105.671861,28.684643
2025-01-28 15:00:00+00:00,2025-01-28 10:00:00-05:00,31.643682,33.304555,train,25.733537,25.733537,27.255229
2025-01-28 16:00:00+00:00,2025-01-28 11:00:00-05:00,28.035222,31.434126,train,31.643682,31.643682,26.770504
2025-01-28 17:00:00+00:00,2025-01-28 12:00:00-05:00,20.658401,29.585066,train,28.035222,28.035222,27.24558
2025-01-28 18:00:00+00:00,2025-01-28 13:00:00-05:00,20.782356,28.093024,train,20.658401,20.658401,26.012449
2025-01-28 19:00:00+00:00,2025-01-28 14:00:00-05:00,20.426421,26.730405,train,20.782356,20.782356,25.32505
2025-01-28 20:00:00+00:00,2025-01-28 15:00:00-05:00,20.356681,27.00649,train,20.426421,20.426421,26.135191
2025-01-28 21:00:00+00:00,2025-01-28 16:00:00-05:00,23.391847,30.666381,train,20.356681,20.356681,29.863246
2025-01-28 22:00:00+00:00,2025-01-28 17:00:00-05:00,37.866333,46.985044,train,23.391847,23.391847,57.49306
2025-01-28 23:00:00+00:00,2025-01-28 18:00:00-05:00,41.135972,45.695759,train,37.866333,37.866333,40.951732
2025-01-29 00:00:00+00:00,2025-01-28 19:00:00-05:00,37.788858,43.350686,train,41.135972,41.135972,44.66813
2025-01-29 01:00:00+00:00,2025-01-28 20:00:00-05:00,44.336975,39.985483,train,37.788858,37.788858,55.178701
2025-01-29 02:00:00+00:00,2025-01-28 21:00:00-05:00,32.961691,37.788428,train,44.336975,44.336975,39.861931
2025-01-29 03:00:00+00:00,2025-01-28 22:00:00-05:00,26.851528,32.763154,train,32.961691,32.961691,31.783204
2025-01-29 04:00:00+00:00,2025-01-28 23:00:00-05:00,26.579578,28.717724,train,26.851528,26.851528,28.597909
2025-01-29 05:00:00+00:00,2025-01-29 00:00:00-05:00,28.098486,28.834919,train,26.579578,26.579578,31.253357
2025-01-29 06:00:00+00:00,2025-01-29 01:00:00-05:00,30.790418,28.764747,train,28.098486,28.098486,32.101746
2025-01-29 07:00:00+00:00,2025-01-29 02:00:00-05:00,29.842433,28.208661,train,30.790418,30.790418,30.708277
2025-01-29 08:00:00+00:00,2025-01-29 03:00:00-05:00,35.961596,30.127682,train,29.842433,29.842433,32.285212
2025-01-29 09:00:00+00:00,2025-01-29 04:00:00-05:00,30.321086,30.840287,train,35.961596,35.961596,33.073441
2025-01-29 10:00:00+00:00,2025-01-29 05:00:00-05:00,37.010544,34.161572,train,30.321086,30.321086,34.019235
2025-01-29 11:00:00+00:00,2025-01-29 06:00:00-05:00,52.18606,49.775681,train,37.010544,37.010544,51.637181
2025-01-29 12:00:00+00:00,2025-01-29 07:00:00-05:00,62.507914,54.254648,train,52.18606,52.18606,53.743047
2025-01-29 13:00:00+00:00,2025-01-29 08:00:00-05:00,27.805684,36.702208,train,62.507914,62.507914,105.671861
2025-01-29 14:00:00+00:00,2025-01-29 09:00:00-05:00,25.51832,29.364206,train,27.805684,27.805684,25.733537
2025-01-29 15:00:00+00:00,2025-01-29 10:00:00-05:00,23.879382,27.178413,train,25.51832,25.51832,31.643682
2025-01-29 16:00:00+00:00,2025-01-29 11:00:00-05:00,23.427404,27.116782,train,23.879382,23.879382,28.035222
2025-01-29 17:00:00+00:00,2025-01-29 12:00:00-05:00,24.490003,27.137031,train,23.427404,23.427404,20.658401
2025-01-29 18:00:00+00:00,2025-01-29 13:00:00-05:00,23.160929,27.268049,train,24.490003,24.490003,20.782356
2025-01-29 19:00:00+00:00,2025-01-29 14:00:00-05:00,22.254342,26.940035,train,23.160929,23.160929,20.426421
2025-01-29 20:00:00+00:00,2025-01-29 15:00:00-05:00,21.245216,27.6106,train,22.254342,22.254342,20.356681
2025-01-29 21:00:00+00:00,2025-01-29 16:00:00-05:00,25.166259,31.549144,train,21.245216,21.245216,23.391847
2025-01-29 22:00:00+00:00,2025-01-29 17:00:00-05:00,69.879647,54.229569,train,25.166259,25.166259,37.866333
2025-01-29 23:00:00+00:00,2025-01-29 18:00:00-05:00,87.976499,55.398368,train,69.879647,69.879647,41.135972
2025-01-30 00:00:00+00:00,2025-01-29 19:00:00-05:00,61.135808,50.102869,train,87.976499,87.976499,37.788858
2025-01-30 01:00:00+00:00,2025-01-29 20:00:00-05:00,41.632402,50.048692,train,61.135808,61.135808,44.336975
2025-01-30 02:00:00+00:00,2025-01-29 21:00:00-05:00,40.001602,43.073377,train,41.632402,41.632402,32.961691
2025-01-30 03:00:00+00:00,2025-01-29 22:00:00-05:00,44.707113,38.010501,train,40.001602,40.001602,26.851528
2025-01-30 04:00:00+00:00,2025-01-29 23:00:00-05:00,34.659874,35.432312,train,44.707113,44.707113,26.579578
2025-01-30 05:00:00+00:00,2025-01-30 00:00:00-05:00,31.10523,33.920795,train,34.659874,34.659874,28.098486
2025-01-30 06:00:00+00:00,2025-01-30 01:00:00-05:00,31.947049,32.761134,train,31.10523,31.10523,30.790418
2025-01-30 07:00:00+00:00,2025-01-30 02:00:00-05:00,30.899207,32.334182,train,31.947049,31.947049,29.842433
2025-01-30 08:00:00+00:00,2025-01-30 03:00:00-05:00,36.461096,33.866565,train,30.899207,30.899207,35.961596
2025-01-30 09:00:00+00:00,2025-01-30 04:00:00-05:00,35.40889,35.735482,train,36.461096,36.461096,30.321086
2025-01-30 10:00:00+00:00,2025-01-30 05:00:00-05:00,38.180486,39.479682,train,35.40889,35.40889,37.010544
2025-01-30 11:00:00+00:00,2025-01-30 06:00:00-05:00,71.188841,60.438585,train,38.180486,38.180486,52.18606
2025-01-30 12:00:00+00:00,2025-01-30 07:00:00-05:00,48.415367,66.568622,train,71.188841,71.188841,62.507914
2025-01-30 13:00:00+00:00,2025-01-30 08:00:00-05:00,32.21301,39.291868,train,48.415367,48.415367,27.805684
2025-01-30 14:00:00+00:00,2025-01-30 09:00:00-05:00,26.978631,31.042367,train,32.21301,32.21301,25.51832
2025-01-30 15:00:00+00:00,2025-01-30 10:00:00-05:00,33.198059,28.2312,train,26.978631,26.978631,23.879382
2025-01-30 16:00:00+00:00,2025-01-30 11:00:00-05:00,23.166105,27.282081,train,33.198059,33.198059,23.427404
2025-01-30 17:00:00+00:00,2025-01-30 12:00:00-05:00,27.256921,26.964306,train,23.166105,23.166105,24.490003
2025-01-30 18:00:00+00:00,2025-01-30 13:00:00-05:00,34.371864,26.587825,train,27.256921,27.256921,23.160929
2025-01-30 19:00:00+00:00,2025-01-30 14:00:00-05:00,34.35658,26.730266,train,34.371864,34.371864,22.254342
2025-01-30 20:00:00+00:00,2025-01-30 15:00:00-05:00,35.24487,28.208539,train,34.35658,34.35658,21.245216
2025-01-30 21:00:00+00:00,2025-01-30 16:00:00-05:00,38.011472,32.904782,train,35.24487,35.24487,25.166259
2025-01-30 22:00:00+00:00,2025-01-30 17:00:00-05:00,68.318151,38.308324,train,38.011472,38.011472,69.879647
2025-01-30 23:00:00+00:00,2025-01-30 18:00:00-05:00,48.800916,37.905303,train,68.318151,68.318151,87.976499
2025-01-31 00:00:00+00:00,2025-01-30 19:00:00-05:00,45.194575,37.208449,train,48.800916,48.800916,61.135808
2025-01-31 01:00:00+00:00,2025-01-30 20:00:00-05:00,38.557389,36.75499,train,45.194575,45.194575,41.632402
2025-01-31 02:00:00+00:00,2025-01-30 21:00:00-05:00,37.052999,34.120252,train,38.557389,38.557389,40.001602
2025-01-31 03:00:00+00:00,2025-01-30 22:00:00-05:00,33.404195,30.862308,train,37.052999,37.052999,44.707113
2025-01-31 04:00:00+00:00,2025-01-30 23:00:00-05:00,26.302232,28.749084,train,33.404195,33.404195,34.659874
2025-01-31 05:00:00+00:00,2025-01-31 00:00:00-05:00,26.706131,29.069395,train,26.302232,26.302232,31.10523
2025-01-31 06:00:00+00:00,2025-01-31 01:00:00-05:00,26.527371,28.566547,train,26.706131,26.706131,31.947049
2025-01-31 07:00:00+00:00,2025-01-31 02:00:00-05:00,24.64375,27.669707,train,26.527371,26.527371,30.899207
2025-01-31 08:00:00+00:00,2025-01-31 03:00:00-05:00,28.997549,27.640232,train,24.64375,24.64375,36.461096
2025-01-31 09:00:00+00:00,2025-01-31 04:00:00-05:00,35.487681,27.985731,train,28.997549,28.997549,35.40889
2025-01-31 10:00:00+00:00,2025-01-31 05:00:00-05:00,30.636873,29.661692,train,35.487681,35.487681,38.180486
2025-01-31 11:00:00+00:00,2025-01-31 06:00:00-05:00,35.725062,34.904535,train,30.636873,30.636873,71.188841
2025-01-31 12:00:00+00:00,2025-01-31 07:00:00-05:00,32.52235,37.991531,train,35.725062,35.725062,48.415367
2025-01-31 13:00:00+00:00,2025-01-31 08:00:00-05:00,34.989009,40.663487,train,32.52235,32.52235,32.21301
2025-01-31 14:00:00+00:00,2025-01-31 09:00:00-05:00,34.937443,38.408959,train,34.989009,34.989009,26.978631
2025-01-31 15:00:00+00:00,2025-01-31 10:00:00-05:00,37.880241,36.116234,train,34.937443,34.937443,33.198059
2025-01-31 16:00:00+00:00,2025-01-31 11:00:00-05:00,29.639454,34.262128,train,37.880241,37.880241,23.166105
2025-01-31 17:00:00+00:00,2025-01-31 12:00:00-05:00,31.272344,32.545,train,29.639454,29.639454,27.256921
2025-01-31 18:00:00+00:00,2025-01-31 13:00:00-05:00,27.372448,30.599215,train,31.272344,31.272344,34.371864
2025-01-31 19:00:00+00:00,2025-01-31 14:00:00-05:00,25.448961,28.281551,train,27.372448,27.372448,34.35658
2025-01-31 20:00:00+00:00,2025-01-31 15:00:00-05:00,24.252807,28.844458,train,25.448961,25.448961,35.24487
2025-01-31 21:00:00+00:00,2025-01-31 16:00:00-05:00,28.032045,30.535664,train,24.252807,24.252807,38.011472
2025-01-31 22:00:00+00:00,2025-01-31 17:00:00-05:00,32.692411,37.087029,train,28.032045,28.032045,68.318151
2025-01-31 23:00:00+00:00,2025-01-31 18:00:00-05:00,28.347562,35.355316,train,32.692411,32.692411,48.800916
2025-02-01 00:00:00+00:00,2025-01-31 19:00:00-05:00,23.954439,31.599367,train,28.347562,28.347562,45.194575
2025-02-01 01:00:00+00:00,2025-01-31 20:00:00-05:00,23.26374,30.82259,train,23.954439,23.954439,38.557389
2025-02-01 02:00:00+00:00,2025-01-31 21:00:00-05:00,21.052991,29.656305,train,23.26374,23.26374,37.052999
2025-02-01 03:00:00+00:00,2025-01-31 22:00:00-05:00,21.904394,26.49742,train,21.052991,21.052991,33.404195
2025-02-01 04:00:00+00:00,2025-01-31 23:00:00-05:00,24.489816,25.353916,train,21.904394,21.904394,26.302232
2025-02-01 05:00:00+00:00,2025-02-01 00:00:00-05:00,29.646125,24.829582,train,24.489816,24.489816,26.706131
2025-02-01 06:00:00+00:00,2025-02-01 01:00:00-05:00,24.372157,24.412165,train,29.646125,29.646125,26.527371
2025-02-01 07:00:00+00:00,2025-02-01 02:00:00-05:00,24.168087,24.33078,train,24.372157,24.372157,24.64375
2025-02-01 08:00:00+00:00,2025-02-01 03:00:00-05:00,25.309981,24.583145,train,24.168087,24.168087,28.997549
2025-02-01 09:00:00+00:00,2025-02-01 04:00:00-05:00,29.756737,25.111897,train,25.309981,25.309981,35.487681
2025-02-01 10:00:00+00:00,2025-02-01 05:00:00-05:00,26.578441,25.317871,train,29.756737,29.756737,30.636873
2025-02-01 11:00:00+00:00,2025-02-01 06:00:00-05:00,25.747563,26.526565,train,26.578441,26.578441,35.725062
2025-02-01 12:00:00+00:00,2025-02-01 07:00:00-05:00,36.290372,32.549328,train,25.747563,25.747563,32.52235
2025-02-01 13:00:00+00:00,2025-02-01 08:00:00-05:00,28.656267,31.265206,train,36.290372,36.290372,34.989009
2025-02-01 14:00:00+00:00,2025-02-01 09:00:00-05:00,20.141704,26.282013,train,28.656267,28.656267,34.937443
2025-02-01 15:00:00+00:00,2025-02-01 10:00:00-05:00,24.124042,26.282098,train,20.141704,20.141704,37.880241
2025-02-01 16:00:00+00:00,2025-02-01 11:00:00-05:00,23.88977,25.727678,train,24.124042,24.124042,29.639454
2025-02-01 17:00:00+00:00,2025-02-01 12:00:00-05:00,22.267224,25.665183,train,23.88977,23.88977,31.272344
2025-02-01 18:00:00+00:00,2025-02-01 13:00:00-05:00,21.357409,25.138796,train,22.267224,22.267224,27.372448
2025-02-01 19:00:00+00:00,2025-02-01 14:00:00-05:00,20.869952,25.453988,train,21.357409,21.357409,25.448961
2025-02-01 20:00:00+00:00,2025-02-01 15:00:00-05:00,21.832816,25.879398,train,20.869952,20.869952,24.252807
2025-02-01 21:00:00+00:00,2025-02-01 16:00:00-05:00,26.644753,30.125764,train,21.832816,21.832816,28.032045
2025-02-01 22:00:00+00:00,2025-02-01 17:00:00-05:00,71.601014,40.822056,train,26.644753,26.644753,32.692411
2025-02-01 23:00:00+00:00,2025-02-01 18:00:00-05:00,39.934071,41.804621,train,71.601014,71.601014,28.347562
2025-02-02 00:00:00+00:00,2025-02-01 19:00:00-05:00,60.151906,40.781731,train,39.934071,39.934071,23.954439
2025-02-02 01:00:00+00:00,2025-02-01 20:00:00-05:00,46.483134,39.745953,train,60.151906,60.151906,23.26374
2025-02-02 02:00:00+00:00,2025-02-01 21:00:00-05:00,37.001127,38.510083,train,46.483134,46.483134,21.052991
2025-02-02 03:00:00+00:00,2025-02-01 22:00:00-05:00,32.564447,36.538417,train,37.001127,37.001127,21.904394
2025-02-02 04:00:00+00:00,2025-02-01 23:00:00-05:00,32.311189,34.301527,train,32.564447,32.564447,24.489816
2025-02-02 05:00:00+00:00,2025-02-02 00:00:00-05:00,44.475146,36.019906,train,32.311189,32.311189,29.646125
2025-02-02 06:00:00+00:00,2025-02-02 01:00:00-05:00,47.391571,36.729938,train,44.475146,44.475146,24.372157
2025-02-02 07:00:00+00:00,2025-02-02 02:00:00-05:00,28.432918,35.907568,train,47.391571,47.391571,24.168087
2025-02-02 08:00:00+00:00,2025-02-02 03:00:00-05:00,36.780654,37.513934,train,28.432918,28.432918,25.309981
2025-02-02 09:00:00+00:00,2025-02-02 04:00:00-05:00,32.901237,38.327601,train,36.780654,36.780654,29.756737
2025-02-02 10:00:00+00:00,2025-02-02 05:00:00-05:00,44.027886,39.79743,train,32.901237,32.901237,26.578441
2025-02-02 11:00:00+00:00,2025-02-02 06:00:00-05:00,32.135009,45.664254,train,44.027886,44.027886,25.747563
2025-02-02 12:00:00+00:00,2025-02-02 07:00:00-05:00,36.42334,53.991958,train,32.135009,32.135009,36.290372
2025-02-02 13:00:00+00:00,2025-02-02 08:00:00-05:00,46.853436,46.216661,train,36.42334,36.42334,28.656267
2025-02-02 14:00:00+00:00,2025-02-02 09:00:00-05:00,59.632558,37.440516,train,46.853436,46.853436,20.141704
2025-02-02 15:00:00+00:00,2025-02-02 10:00:00-05:00,88.181156,35.809008,train,59.632558,59.632558,24.124042
2025-02-02 16:00:00+00:00,2025-02-02 11:00:00-05:00,41.046585,34.936553,train,88.181156,88.181156,23.88977
2025-02-02 17:00:00+00:00,2025-02-02 12:00:00-05:00,59.656135,33.200521,train,41.046585,41.046585,22.267224
2025-02-02 18:00:00+00:00,2025-02-02 13:00:00-05:00,89.889458,32.535668,train,59.656135,59.656135,21.357409
2025-02-02 19:00:00+00:00,2025-02-02 14:00:00-05:00,45.784731,32.045701,train,89.889458,89.889458,20.869952
2025-02-02 20:00:00+00:00,2025-02-02 15:00:00-05:00,46.792185,32.127172,train,45.784731,45.784731,21.832816
2025-02-02 21:00:00+00:00,2025-02-02 16:00:00-05:00,33.992377,35.034464,train,46.792185,46.792185,26.644753
2025-02-02 22:00:00+00:00,2025-02-02 17:00:00-05:00,49.970074,42.50268,train,33.992377,33.992377,71.601014
2025-02-02 23:00:00+00:00,2025-02-02 18:00:00-05:00,71.446514,48.602479,train,49.970074,49.970074,39.934071
2025-02-03 00:00:00+00:00,2025-02-02 19:00:00-05:00,38.161146,43.399539,train,71.446514,71.446514,60.151906
2025-02-03 01:00:00+00:00,2025-02-02 20:00:00-05:00,40.81372,39.078536,train,38.161146,38.161146,46.483134
2025-02-03 02:00:00+00:00,2025-02-02 21:00:00-05:00,39.114504,35.686637,train,40.81372,40.81372,37.001127
2025-02-03 03:00:00+00:00,2025-02-02 22:00:00-05:00,50.175721,33.719458,train,39.114504,39.114504,32.564447
2025-02-03 04:00:00+00:00,2025-02-02 23:00:00-05:00,32.818917,31.896873,train,50.175721,50.175721,32.311189
2025-02-03 05:00:00+00:00,2025-02-03 00:00:00-05:00,31.014474,27.480114,train,32.818917,32.818917,44.475146
2025-02-03 06:00:00+00:00,2025-02-03 01:00:00-05:00,30.817258,26.072423,train,31.014474,31.014474,47.391571
2025-02-03 07:00:00+00:00,2025-02-03 02:00:00-05:00,28.566133,26.837482,train,30.817258,30.817258,28.432918
2025-02-03 08:00:00+00:00,2025-02-03 03:00:00-05:00,33.429425,27.097088,train,28.566133,28.566133,36.780654
2025-02-03 09:00:00+00:00,2025-02-03 04:00:00-05:00,32.917479,27.891218,train,33.429425,33.429425,32.901237
2025-02-03 10:00:00+00:00,2025-02-03 05:00:00-05:00,33.909876,31.996674,train,32.917479,32.917479,44.027886
2025-02-03 11:00:00+00:00,2025-02-03 06:00:00-05:00,66.015947,49.989793,train,33.909876,33.909876,32.135009
2025-02-03 12:00:00+00:00,2025-02-03 07:00:00-05:00,73.28107,57.774904,train,66.015947,66.015947,36.42334
2025-02-03 13:00:00+00:00,2025-02-03 08:00:00-05:00,46.917179,35.274059,train,73.28107,73.28107,46.853436
2025-02-03 14:00:00+00:00,2025-02-03 09:00:00-05:00,46.254759,30.617794,train,46.917179,46.917179,59.632558
2025-02-03 15:00:00+00:00,2025-02-03 10:00:00-05:00,37.46517,28.0666,train,46.254759,46.254759,88.181156
2025-02-03 16:00:00+00:00,2025-02-03 11:00:00-05:00,41.130575,26.287029,train,37.46517,37.46517,41.046585
2025-02-03 17:00:00+00:00,2025-02-03 12:00:00-05:00,36.225499,25.41732,train,41.130575,41.130575,59.656135
2025-02-03 18:00:00+00:00,2025-02-03 13:00:00-05:00,31.872347,25.272049,train,36.225499,36.225499,89.889458
2025-02-03 19:00:00+00:00,2025-02-03 14:00:00-05:00,26.029336,24.631117,train,31.872347,31.872347,45.784731
2025-02-03 20:00:00+00:00,2025-02-03 15:00:00-05:00,25.158832,25.377178,train,26.029336,26.029336,46.792185
2025-02-03 21:00:00+00:00,2025-02-03 16:00:00-05:00,32.659707,28.759812,train,25.158832,25.158832,33.992377
2025-02-03 22:00:00+00:00,2025-02-03 17:00:00-05:00,46.107517,38.07053,train,32.659707,32.659707,49.970074
2025-02-03 23:00:00+00:00,2025-02-03 18:00:00-05:00,39.69018,37.795756,train,46.107517,46.107517,71.446514
2025-02-04 00:00:00+00:00,2025-02-03 19:00:00-05:00,34.752184,35.515648,train,39.69018,39.69018,38.161146
2025-02-04 01:00:00+00:00,2025-02-03 20:00:00-05:00,28.504874,32.532489,train,34.752184,34.752184,40.81372
2025-02-04 02:00:00+00:00,2025-02-03 21:00:00-05:00,29.852231,28.278723,train,28.504874,28.504874,39.114504
2025-02-04 03:00:00+00:00,2025-02-03 22:00:00-05:00,25.272531,25.656964,train,29.852231,29.852231,50.175721
2025-02-04 04:00:00+00:00,2025-02-03 23:00:00-05:00,24.757066,24.158652,train,25.272531,25.272531,32.818917
2025-02-04 05:00:00+00:00,2025-02-04 00:00:00-05:00,24.085598,25.996642,train,24.757066,24.757066,31.014474
2025-02-04 06:00:00+00:00,2025-02-04 01:00:00-05:00,21.254744,26.542549,train,24.085598,24.085598,30.817258
2025-02-04 07:00:00+00:00,2025-02-04 02:00:00-05:00,21.490292,24.941911,train,21.254744,21.254744,28.566133
2025-02-04 08:00:00+00:00,2025-02-04 03:00:00-05:00,21.63778,25.161876,train,21.490292,21.490292,33.429425
2025-02-04 09:00:00+00:00,2025-02-04 04:00:00-05:00,25.813749,26.119933,train,21.63778,21.63778,32.917479
2025-02-04 10:00:00+00:00,2025-02-04 05:00:00-05:00,28.421115,28.82744,train,25.813749,25.813749,33.909876
2025-02-04 11:00:00+00:00,2025-02-04 06:00:00-05:00,32.42572,37.716751,train,28.421115,28.421115,66.015947
2025-02-04 12:00:00+00:00,2025-02-04 07:00:00-05:00,31.490628,42.029185,train,32.42572,32.42572,73.28107
2025-02-04 13:00:00+00:00,2025-02-04 08:00:00-05:00,29.622173,33.039101,train,31.490628,31.490628,46.917179
2025-02-04 14:00:00+00:00,2025-02-04 09:00:00-05:00,24.604325,29.585511,train,29.622173,29.622173,46.254759
2025-02-04 15:00:00+00:00,2025-02-04 10:00:00-05:00,22.416526,29.50902,train,24.604325,24.604325,37.46517
2025-02-04 16:00:00+00:00,2025-02-04 11:00:00-05:00,23.685524,29.497025,train,22.416526,22.416526,41.130575
2025-02-04 17:00:00+00:00,2025-02-04 12:00:00-05:00,22.984106,29.814889,train,23.685524,23.685524,36.225499
2025-02-04 18:00:00+00:00,2025-02-04 13:00:00-05:00,22.593079,28.988461,train,22.984106,22.984106,31.872347
2025-02-04 19:00:00+00:00,2025-02-04 14:00:00-05:00,22.194381,25.88121,train,22.593079,22.593079,26.029336
2025-02-04 20:00:00+00:00,2025-02-04 15:00:00-05:00,22.71467,28.252782,train,22.194381,22.194381,25.158832
2025-02-04 21:00:00+00:00,2025-02-04 16:00:00-05:00,27.332638,32.902325,train,22.71467,22.71467,32.659707
2025-02-04 22:00:00+00:00,2025-02-04 17:00:00-05:00,40.712655,49.688827,train,27.332638,27.332638,46.107517
2025-02-04 23:00:00+00:00,2025-02-04 18:00:00-05:00,40.387375,53.766459,train,40.712655,40.712655,39.69018
2025-02-05 00:00:00+00:00,2025-02-04 19:00:00-05:00,32.793738,47.770192,train,40.387375,40.387375,34.752184
2025-02-05 01:00:00+00:00,2025-02-04 20:00:00-05:00,37.730018,45.429638,train,32.793738,32.793738,28.504874
2025-02-05 02:00:00+00:00,2025-02-04 21:00:00-05:00,34.664038,43.19021,train,37.730018,37.730018,29.852231
2025-02-05 03:00:00+00:00,2025-02-04 22:00:00-05:00,27.405359,38.247432,train,34.664038,34.664038,25.272531
2025-02-05 04:00:00+00:00,2025-02-04 23:00:00-05:00,29.439517,36.317215,train,27.405359,27.405359,24.757066
2025-02-05 05:00:00+00:00,2025-02-05 00:00:00-05:00,32.198618,32.459963,train,29.439517,29.439517,24.085598
2025-02-05 06:00:00+00:00,2025-02-05 01:00:00-05:00,34.258464,33.394377,train,32.198618,32.198618,21.254744
2025-02-05 07:00:00+00:00,2025-02-05 02:00:00-05:00,34.363664,31.638587,train,34.258464,34.258464,21.490292
2025-02-05 08:00:00+00:00,2025-02-05 03:00:00-05:00,33.606469,32.020616,train,34.363664,34.363664,21.63778
2025-02-05 09:00:00+00:00,2025-02-05 04:00:00-05:00,32.935503,33.781866,train,33.606469,33.606469,25.813749
2025-02-05 10:00:00+00:00,2025-02-05 05:00:00-05:00,31.269066,35.876214,train,32.935503,32.935503,28.421115
2025-02-05 11:00:00+00:00,2025-02-05 06:00:00-05:00,35.290782,47.563838,train,31.269066,31.269066,32.42572
2025-02-05 12:00:00+00:00,2025-02-05 07:00:00-05:00,37.059928,54.576722,train,35.290782,35.290782,31.490628
2025-02-05 13:00:00+00:00,2025-02-05 08:00:00-05:00,42.157272,52.7152,train,37.059928,37.059928,29.622173
2025-02-05 14:00:00+00:00,2025-02-05 09:00:00-05:00,52.086984,50.165295,train,42.157272,42.157272,24.604325
2025-02-05 15:00:00+00:00,2025-02-05 10:00:00-05:00,301.066807,50.371249,train,52.086984,52.086984,22.416526
2025-02-05 16:00:00+00:00,2025-02-05 11:00:00-05:00,33.896316,48.545157,train,301.066807,301.066807,23.685524
2025-02-05 17:00:00+00:00,2025-02-05 12:00:00-05:00,30.107579,49.513878,train,33.896316,33.896316,22.984106
2025-02-05 18:00:00+00:00,2025-02-05 13:00:00-05:00,30.132688,48.850575,train,30.107579,30.107579,22.593079
2025-02-05 19:00:00+00:00,2025-02-05 14:00:00-05:00,32.104885,44.198041,train,30.132688,30.132688,22.194381
2025-02-05 20:00:00+00:00,2025-02-05 15:00:00-05:00,37.499397,43.098508,train,32.104885,32.104885,22.71467
2025-02-05 21:00:00+00:00,2025-02-05 16:00:00-05:00,37.552943,42.8396,train,37.499397,37.499397,27.332638
2025-02-05 22:00:00+00:00,2025-02-05 17:00:00-05:00,41.462593,54.203482,train,37.552943,37.552943,40.712655
2025-02-05 23:00:00+00:00,2025-02-05 18:00:00-05:00,50.615199,56.461809,train,41.462593,41.462593,40.387375
2025-02-06 00:00:00+00:00,2025-02-05 19:00:00-05:00,48.590232,50.819887,train,50.615199,50.615199,32.793738
2025-02-06 01:00:00+00:00,2025-02-05 20:00:00-05:00,47.609904,47.944701,train,48.590232,48.590232,37.730018
2025-02-06 02:00:00+00:00,2025-02-05 21:00:00-05:00,67.982787,47.880769,train,47.609904,47.609904,34.664038
2025-02-06 03:00:00+00:00,2025-02-05 22:00:00-05:00,47.096477,41.269812,train,67.982787,67.982787,27.405359
2025-02-06 04:00:00+00:00,2025-02-05 23:00:00-05:00,42.838702,36.374889,train,47.096477,47.096477,29.439517
2025-02-06 05:00:00+00:00,2025-02-06 00:00:00-05:00,42.257525,35.567283,train,42.838702,42.838702,32.198618
2025-02-06 06:00:00+00:00,2025-02-06 01:00:00-05:00,50.795406,34.114409,train,42.257525,42.257525,34.258464
2025-02-06 07:00:00+00:00,2025-02-06 02:00:00-05:00,49.056535,33.005352,train,50.795406,50.795406,34.363664
2025-02-06 08:00:00+00:00,2025-02-06 03:00:00-05:00,38.719412,31.637174,train,49.056535,49.056535,33.606469
2025-02-06 09:00:00+00:00,2025-02-06 04:00:00-05:00,38.952401,31.512183,train,38.719412,38.719412,32.935503
2025-02-06 10:00:00+00:00,2025-02-06 05:00:00-05:00,35.642056,33.360064,train,38.952401,38.952401,31.269066
2025-02-06 11:00:00+00:00,2025-02-06 06:00:00-05:00,40.145957,45.198056,train,35.642056,35.642056,35.290782
2025-02-06 12:00:00+00:00,2025-02-06 07:00:00-05:00,51.773723,46.039002,train,40.145957,40.145957,37.059928
2025-02-06 13:00:00+00:00,2025-02-06 08:00:00-05:00,102.24266,45.536112,train,51.773723,51.773723,42.157272
2025-02-06 14:00:00+00:00,2025-02-06 09:00:00-05:00,68.573137,44.694703,train,102.24266,102.24266,52.086984
2025-02-06 15:00:00+00:00,2025-02-06 10:00:00-05:00,184.498263,43.346324,train,68.573137,68.573137,301.066807
2025-02-06 16:00:00+00:00,2025-02-06 11:00:00-05:00,46.15454,40.181466,train,184.498263,184.498263,33.896316
2025-02-06 17:00:00+00:00,2025-02-06 12:00:00-05:00,34.630009,36.785269,train,46.15454,46.15454,30.107579
2025-02-06 18:00:00+00:00,2025-02-06 13:00:00-05:00,58.722713,36.081294,train,34.630009,34.630009,30.132688
2025-02-06 19:00:00+00:00,2025-02-06 14:00:00-05:00,67.664198,30.453495,train,58.722713,58.722713,32.104885
2025-02-06 20:00:00+00:00,2025-02-06 15:00:00-05:00,30.583493,29.166567,train,67.664198,67.664198,37.499397
2025-02-06 21:00:00+00:00,2025-02-06 16:00:00-05:00,40.368814,30.901775,train,30.583493,30.583493,37.552943
2025-02-06 22:00:00+00:00,2025-02-06 17:00:00-05:00,51.898652,39.127565,train,40.368814,40.368814,41.462593
2025-02-06 23:00:00+00:00,2025-02-06 18:00:00-05:00,41.267833,43.570259,train,51.898652,51.898652,50.615199
2025-02-07 00:00:00+00:00,2025-02-06 19:00:00-05:00,48.715095,37.610398,train,41.267833,41.267833,48.590232
2025-02-07 01:00:00+00:00,2025-02-06 20:00:00-05:00,32.356726,34.1522,train,48.715095,48.715095,47.609904
2025-02-07 02:00:00+00:00,2025-02-06 21:00:00-05:00,36.560695,31.648305,train,32.356726,32.356726,67.982787
2025-02-07 03:00:00+00:00,2025-02-06 22:00:00-05:00,32.025769,28.529303,train,36.560695,36.560695,47.096477
2025-02-07 04:00:00+00:00,2025-02-06 23:00:00-05:00,28.8629,25.950037,train,32.025769,32.025769,42.838702
2025-02-07 05:00:00+00:00,2025-02-07 00:00:00-05:00,25.622407,30.396781,train,28.8629,28.8629,42.257525
2025-02-07 06:00:00+00:00,2025-02-07 01:00:00-05:00,25.273757,30.192966,train,25.622407,25.622407,50.795406
2025-02-07 07:00:00+00:00,2025-02-07 02:00:00-05:00,26.440974,30.601525,train,25.273757,25.273757,49.056535
2025-02-07 08:00:00+00:00,2025-02-07 03:00:00-05:00,32.198347,32.461335,train,26.440974,26.440974,38.719412
2025-02-07 09:00:00+00:00,2025-02-07 04:00:00-05:00,32.120531,34.079652,train,32.198347,32.198347,38.952401
2025-02-07 10:00:00+00:00,2025-02-07 05:00:00-05:00,32.309193,38.768583,train,32.120531,32.120531,35.642056
2025-02-07 11:00:00+00:00,2025-02-07 06:00:00-05:00,60.863647,53.192151,train,32.309193,32.309193,40.145957
2025-02-07 12:00:00+00:00,2025-02-07 07:00:00-05:00,69.418664,66.717181,train,60.863647,60.863647,51.773723
2025-02-07 13:00:00+00:00,2025-02-07 08:00:00-05:00,39.946958,49.928959,train,69.418664,69.418664,102.24266
2025-02-07 14:00:00+00:00,2025-02-07 09:00:00-05:00,33.581582,38.603392,train,39.946958,39.946958,68.573137
2025-02-07 15:00:00+00:00,2025-02-07 10:00:00-05:00,32.203542,36.90345,train,33.581582,33.581582,184.498263
2025-02-07 16:00:00+00:00,2025-02-07 11:00:00-05:00,31.259681,35.696036,train,32.203542,32.203542,46.15454
2025-02-07 17:00:00+00:00,2025-02-07 12:00:00-05:00,29.716348,33.676355,train,31.259681,31.259681,34.630009
2025-02-07 18:00:00+00:00,2025-02-07 13:00:00-05:00,24.13365,33.52985,train,29.716348,29.716348,58.722713
2025-02-07 19:00:00+00:00,2025-02-07 14:00:00-05:00,25.801836,32.82728,train,24.13365,24.13365,67.664198
2025-02-07 20:00:00+00:00,2025-02-07 15:00:00-05:00,26.860335,33.761312,train,25.801836,25.801836,30.583493
2025-02-07 21:00:00+00:00,2025-02-07 16:00:00-05:00,33.933533,41.094945,train,26.860335,26.860335,40.368814
2025-02-07 22:00:00+00:00,2025-02-07 17:00:00-05:00,43.81154,53.477784,train,33.933533,33.933533,51.898652
2025-02-07 23:00:00+00:00,2025-02-07 18:00:00-05:00,44.385445,59.140914,train,43.81154,43.81154,41.267833
2025-02-08 00:00:00+00:00,2025-02-07 19:00:00-05:00,38.424526,52.110686,train,44.385445,44.385445,48.715095
2025-02-08 01:00:00+00:00,2025-02-07 20:00:00-05:00,40.296303,51.736214,train,38.424526,38.424526,32.356726
2025-02-08 02:00:00+00:00,2025-02-07 21:00:00-05:00,36.337796,45.338284,train,40.296303,40.296303,36.560695
2025-02-08 03:00:00+00:00,2025-02-07 22:00:00-05:00,38.436895,44.738663,train,36.337796,36.337796,32.025769
2025-02-08 04:00:00+00:00,2025-02-07 23:00:00-05:00,38.060467,39.280461,train,38.436895,38.436895,28.8629
2025-02-08 05:00:00+00:00,2025-02-08 00:00:00-05:00,45.297808,38.351382,train,38.060467,38.060467,25.622407
2025-02-08 06:00:00+00:00,2025-02-08 01:00:00-05:00,42.471105,36.97029,train,45.297808,45.297808,25.273757
2025-02-08 07:00:00+00:00,2025-02-08 02:00:00-05:00,34.935544,35.369101,train,42.471105,42.471105,26.440974
2025-02-08 08:00:00+00:00,2025-02-08 03:00:00-05:00,35.013496,35.321349,train,34.935544,34.935544,32.198347
2025-02-08 09:00:00+00:00,2025-02-08 04:00:00-05:00,33.884708,35.401374,train,35.013496,35.013496,32.120531
2025-02-08 10:00:00+00:00,2025-02-08 05:00:00-05:00,33.897608,36.009417,train,33.884708,33.884708,32.309193
2025-02-08 11:00:00+00:00,2025-02-08 06:00:00-05:00,31.239901,38.704466,train,33.897608,33.897608,60.863647
2025-02-08 12:00:00+00:00,2025-02-08 07:00:00-05:00,33.347584,42.336101,train,31.239901,31.239901,69.418664
2025-02-08 13:00:00+00:00,2025-02-08 08:00:00-05:00,32.479301,48.426167,train,33.347584,33.347584,39.946958
2025-02-08 14:00:00+00:00,2025-02-08 09:00:00-05:00,35.166211,52.473934,train,32.479301,32.479301,33.581582
2025-02-08 15:00:00+00:00,2025-02-08 10:00:00-05:00,39.483481,53.454614,train,35.166211,35.166211,32.203542
2025-02-08 16:00:00+00:00,2025-02-08 11:00:00-05:00,40.020129,54.62145,train,39.483481,39.483481,31.259681
2025-02-08 17:00:00+00:00,2025-02-08 12:00:00-05:00,42.579287,51.477661,train,40.020129,40.020129,29.716348
2025-02-08 18:00:00+00:00,2025-02-08 13:00:00-05:00,44.935263,52.170218,train,42.579287,42.579287,24.13365
2025-02-08 19:00:00+00:00,2025-02-08 14:00:00-05:00,41.689431,50.055733,train,44.935263,44.935263,25.801836
2025-02-08 20:00:00+00:00,2025-02-08 15:00:00-05:00,43.210967,49.063612,train,41.689431,41.689431,26.860335
2025-02-08 21:00:00+00:00,2025-02-08 16:00:00-05:00,37.122672,49.186891,train,43.210967,43.210967,33.933533
2025-02-08 22:00:00+00:00,2025-02-08 17:00:00-05:00,42.400767,50.693326,train,37.122672,37.122672,43.81154
2025-02-08 23:00:00+00:00,2025-02-08 18:00:00-05:00,39.677128,49.994198,train,42.400767,42.400767,44.385445
2025-02-09 00:00:00+00:00,2025-02-08 19:00:00-05:00,41.942968,49.412047,train,39.677128,39.677128,38.424526
2025-02-09 01:00:00+00:00,2025-02-08 20:00:00-05:00,41.766052,46.234893,train,41.942968,41.942968,40.296303
2025-02-09 02:00:00+00:00,2025-02-08 21:00:00-05:00,37.120174,41.456697,train,41.766052,41.766052,36.337796
2025-02-09 03:00:00+00:00,2025-02-08 22:00:00-05:00,37.105929,37.928288,train,37.120174,37.120174,38.436895
2025-02-09 04:00:00+00:00,2025-02-08 23:00:00-05:00,34.199474,34.405977,train,37.105929,37.105929,38.060467
2025-02-09 05:00:00+00:00,2025-02-09 00:00:00-05:00,49.518338,32.205517,train,34.199474,34.199474,45.297808
2025-02-09 06:00:00+00:00,2025-02-09 01:00:00-05:00,34.503448,31.278477,train,49.518338,49.518338,42.471105
2025-02-09 07:00:00+00:00,2025-02-09 02:00:00-05:00,31.422638,30.762958,train,34.503448,34.503448,34.935544
2025-02-09 08:00:00+00:00,2025-02-09 03:00:00-05:00,31.140634,31.684129,train,31.422638,31.422638,35.013496
2025-02-09 09:00:00+00:00,2025-02-09 04:00:00-05:00,32.901794,32.144945,train,31.140634,31.140634,33.884708
2025-02-09 10:00:00+00:00,2025-02-09 05:00:00-05:00,30.704645,32.34105,train,32.901794,32.901794,33.897608
2025-02-09 11:00:00+00:00,2025-02-09 06:00:00-05:00,34.927663,34.299934,train,30.704645,30.704645,31.239901
2025-02-09 12:00:00+00:00,2025-02-09 07:00:00-05:00,32.49858,37.201542,train,34.927663,34.927663,33.347584
2025-02-09 13:00:00+00:00,2025-02-09 08:00:00-05:00,33.199354,37.425457,train,32.49858,32.49858,32.479301
2025-02-09 14:00:00+00:00,2025-02-09 09:00:00-05:00,31.93542,30.916173,train,33.199354,33.199354,35.166211
2025-02-09 15:00:00+00:00,2025-02-09 10:00:00-05:00,63.759747,31.212555,train,31.93542,31.93542,39.483481
2025-02-09 16:00:00+00:00,2025-02-09 11:00:00-05:00,111.565771,31.412337,train,63.759747,63.759747,40.020129
2025-02-09 17:00:00+00:00,2025-02-09 12:00:00-05:00,57.564602,29.470615,train,111.565771,111.565771,42.579287
2025-02-09 18:00:00+00:00,2025-02-09 13:00:00-05:00,37.884425,28.597207,train,57.564602,57.564602,44.935263
2025-02-09 19:00:00+00:00,2025-02-09 14:00:00-05:00,44.759421,28.239202,train,37.884425,37.884425,41.689431
2025-02-09 20:00:00+00:00,2025-02-09 15:00:00-05:00,30.798593,29.486343,train,44.759421,44.759421,43.210967
2025-02-09 21:00:00+00:00,2025-02-09 16:00:00-05:00,36.114427,32.134561,train,30.798593,30.798593,37.122672
2025-02-09 22:00:00+00:00,2025-02-09 17:00:00-05:00,37.031639,50.173552,train,36.114427,36.114427,42.400767
2025-02-09 23:00:00+00:00,2025-02-09 18:00:00-05:00,36.414548,48.862279,train,37.031639,37.031639,39.677128
2025-02-10 00:00:00+00:00,2025-02-09 19:00:00-05:00,32.418065,44.795662,train,36.414548,36.414548,41.942968
2025-02-10 01:00:00+00:00,2025-02-09 20:00:00-05:00,32.15097,44.222238,train,32.418065,32.418065,41.766052
2025-02-10 02:00:00+00:00,2025-02-09 21:00:00-05:00,34.889042,45.089646,train,32.15097,32.15097,37.120174
2025-02-10 03:00:00+00:00,2025-02-09 22:00:00-05:00,35.302928,41.347834,train,34.889042,34.889042,37.105929
2025-02-10 04:00:00+00:00,2025-02-09 23:00:00-05:00,37.014918,38.900606,train,35.302928,35.302928,34.199474
2025-02-10 05:00:00+00:00,2025-02-10 00:00:00-05:00,35.040786,38.339334,train,37.014918,37.014918,49.518338
2025-02-10 06:00:00+00:00,2025-02-10 01:00:00-05:00,33.400284,36.193365,train,35.040786,35.040786,34.503448
2025-02-10 07:00:00+00:00,2025-02-10 02:00:00-05:00,33.351478,36.533413,train,33.400284,33.400284,31.422638
2025-02-10 08:00:00+00:00,2025-02-10 03:00:00-05:00,32.655154,36.451383,train,33.351478,33.351478,31.140634
2025-02-10 09:00:00+00:00,2025-02-10 04:00:00-05:00,32.552933,37.339798,train,32.655154,32.655154,32.901794
2025-02-10 10:00:00+00:00,2025-02-10 05:00:00-05:00,30.959311,42.709315,train,32.552933,32.552933,30.704645
2025-02-10 11:00:00+00:00,2025-02-10 06:00:00-05:00,36.662341,71.16941,train,30.959311,30.959311,34.927663
2025-02-10 12:00:00+00:00,2025-02-10 07:00:00-05:00,50.773024,88.98029,train,36.662341,36.662341,32.49858
2025-02-10 13:00:00+00:00,2025-02-10 08:00:00-05:00,38.686818,52.391438,train,50.773024,50.773024,33.199354
2025-02-10 14:00:00+00:00,2025-02-10 09:00:00-05:00,34.362429,42.219462,train,38.686818,38.686818,31.93542
2025-02-10 15:00:00+00:00,2025-02-10 10:00:00-05:00,31.806096,39.455413,train,34.362429,34.362429,63.759747
2025-02-10 16:00:00+00:00,2025-02-10 11:00:00-05:00,27.443259,35.383256,train,31.806096,31.806096,111.565771
2025-02-10 17:00:00+00:00,2025-02-10 12:00:00-05:00,28.328114,35.294823,train,27.443259,27.443259,57.564602
2025-02-10 18:00:00+00:00,2025-02-10 13:00:00-05:00,26.384434,33.490415,train,28.328114,28.328114,37.884425
2025-02-10 19:00:00+00:00,2025-02-10 14:00:00-05:00,24.309332,32.857223,train,26.384434,26.384434,44.759421
2025-02-10 20:00:00+00:00,2025-02-10 15:00:00-05:00,25.827375,34.367429,train,24.309332,24.309332,30.798593
2025-02-10 21:00:00+00:00,2025-02-10 16:00:00-05:00,32.417194,38.64967,train,25.827375,25.827375,36.114427
2025-02-10 22:00:00+00:00,2025-02-10 17:00:00-05:00,47.585468,58.215453,train,32.417194,32.417194,37.031639
2025-02-10 23:00:00+00:00,2025-02-10 18:00:00-05:00,60.468572,69.452868,train,47.585468,47.585468,36.414548
2025-02-11 00:00:00+00:00,2025-02-10 19:00:00-05:00,46.525763,57.430838,train,60.468572,60.468572,32.418065
2025-02-11 01:00:00+00:00,2025-02-10 20:00:00-05:00,42.888968,57.699538,train,46.525763,46.525763,32.15097
2025-02-11 02:00:00+00:00,2025-02-10 21:00:00-05:00,43.440783,58.882969,train,42.888968,42.888968,34.889042
2025-02-11 03:00:00+00:00,2025-02-10 22:00:00-05:00,39.484643,49.830694,train,43.440783,43.440783,35.302928
2025-02-11 04:00:00+00:00,2025-02-10 23:00:00-05:00,37.830561,44.664149,train,39.484643,39.484643,37.014918
2025-02-11 05:00:00+00:00,2025-02-11 00:00:00-05:00,51.643709,37.456998,train,37.830561,37.830561,35.040786
2025-02-11 06:00:00+00:00,2025-02-11 01:00:00-05:00,42.20273,36.564378,train,51.643709,51.643709,33.400284
2025-02-11 07:00:00+00:00,2025-02-11 02:00:00-05:00,38.305417,34.405387,train,42.20273,42.20273,33.351478
2025-02-11 08:00:00+00:00,2025-02-11 03:00:00-05:00,48.530242,34.642794,train,38.305417,38.305417,32.655154
2025-02-11 09:00:00+00:00,2025-02-11 04:00:00-05:00,37.847954,35.059042,train,48.530242,48.530242,32.552933
2025-02-11 10:00:00+00:00,2025-02-11 05:00:00-05:00,43.602303,37.207809,train,37.847954,37.847954,30.959311
2025-02-11 11:00:00+00:00,2025-02-11 06:00:00-05:00,45.753122,47.837654,train,43.602303,43.602303,36.662341
2025-02-11 12:00:00+00:00,2025-02-11 07:00:00-05:00,48.684485,53.586135,train,45.753122,45.753122,50.773024
2025-02-11 13:00:00+00:00,2025-02-11 08:00:00-05:00,40.284867,52.427409,train,48.684485,48.684485,38.686818
2025-02-11 14:00:00+00:00,2025-02-11 09:00:00-05:00,169.314362,54.97856,train,40.284867,40.284867,34.362429
2025-02-11 15:00:00+00:00,2025-02-11 10:00:00-05:00,50.913899,68.69428,train,169.314362,169.314362,31.806096
2025-02-11 16:00:00+00:00,2025-02-11 11:00:00-05:00,69.497955,59.98869,train,50.913899,50.913899,27.443259
2025-02-11 17:00:00+00:00,2025-02-11 12:00:00-05:00,48.444004,57.961257,train,69.497955,69.497955,28.328114
2025-02-11 18:00:00+00:00,2025-02-11 13:00:00-05:00,50.517653,55.470148,train,48.444004,48.444004,26.384434
2025-02-11 19:00:00+00:00,2025-02-11 14:00:00-05:00,58.811723,52.297063,train,50.517653,50.517653,24.309332
2025-02-11 20:00:00+00:00,2025-02-11 15:00:00-05:00,52.075818,50.971722,train,58.811723,58.811723,25.827375
2025-02-11 21:00:00+00:00,2025-02-11 16:00:00-05:00,70.164436,49.194135,train,52.075818,52.075818,32.417194
2025-02-11 22:00:00+00:00,2025-02-11 17:00:00-05:00,97.558005,51.254879,train,70.164436,70.164436,47.585468
2025-02-11 23:00:00+00:00,2025-02-11 18:00:00-05:00,69.084217,52.433687,train,97.558005,97.558005,60.468572
2025-02-12 00:00:00+00:00,2025-02-11 19:00:00-05:00,58.350237,47.673362,train,69.084217,69.084217,46.525763
2025-02-12 01:00:00+00:00,2025-02-11 20:00:00-05:00,63.804268,46.152133,train,58.350237,58.350237,42.888968
2025-02-12 02:00:00+00:00,2025-02-11 21:00:00-05:00,58.671169,44.333237,train,63.804268,63.804268,43.440783
2025-02-12 03:00:00+00:00,2025-02-11 22:00:00-05:00,51.611401,38.666709,train,58.671169,58.671169,39.484643
2025-02-12 04:00:00+00:00,2025-02-11 23:00:00-05:00,53.801151,37.635897,train,51.611401,51.611401,37.830561
2025-02-12 05:00:00+00:00,2025-02-12 00:00:00-05:00,49.255227,40.541357,train,53.801151,53.801151,51.643709
2025-02-12 06:00:00+00:00,2025-02-12 01:00:00-05:00,38.976897,39.391601,train,49.255227,49.255227,42.20273
2025-02-12 07:00:00+00:00,2025-02-12 02:00:00-05:00,36.087664,36.872432,train,38.976897,38.976897,38.305417
2025-02-12 08:00:00+00:00,2025-02-12 03:00:00-05:00,38.033491,37.321427,train,36.087664,36.087664,48.530242
2025-02-12 09:00:00+00:00,2025-02-12 04:00:00-05:00,39.723624,38.909876,train,38.033491,38.033491,37.847954
2025-02-12 10:00:00+00:00,2025-02-12 05:00:00-05:00,40.612084,41.566878,train,39.723624,39.723624,43.602303
2025-02-12 11:00:00+00:00,2025-02-12 06:00:00-05:00,37.961691,45.905037,train,40.612084,40.612084,45.753122
2025-02-12 12:00:00+00:00,2025-02-12 07:00:00-05:00,43.383358,53.506816,train,37.961691,37.961691,48.684485
2025-02-12 13:00:00+00:00,2025-02-12 08:00:00-05:00,44.525457,53.824364,train,43.383358,43.383358,40.284867
2025-02-12 14:00:00+00:00,2025-02-12 09:00:00-05:00,43.634069,53.399415,train,44.525457,44.525457,169.314362
2025-02-12 15:00:00+00:00,2025-02-12 10:00:00-05:00,46.301304,58.480738,train,43.634069,43.634069,50.913899
2025-02-12 16:00:00+00:00,2025-02-12 11:00:00-05:00,58.656931,53.068924,train,46.301304,46.301304,69.497955
2025-02-12 17:00:00+00:00,2025-02-12 12:00:00-05:00,54.624644,51.162099,train,58.656931,58.656931,48.444004
2025-02-12 18:00:00+00:00,2025-02-12 13:00:00-05:00,50.091153,49.960411,train,54.624644,54.624644,50.517653
2025-02-12 19:00:00+00:00,2025-02-12 14:00:00-05:00,47.370181,48.22005,train,50.091153,50.091153,58.811723
2025-02-12 20:00:00+00:00,2025-02-12 15:00:00-05:00,39.599171,49.468778,train,47.370181,47.370181,52.075818
2025-02-12 21:00:00+00:00,2025-02-12 16:00:00-05:00,39.634702,49.729444,train,39.599171,39.599171,70.164436
2025-02-12 22:00:00+00:00,2025-02-12 17:00:00-05:00,62.533712,51.783209,train,39.634702,39.634702,97.558005
2025-02-12 23:00:00+00:00,2025-02-12 18:00:00-05:00,66.944478,52.821141,train,62.533712,62.533712,69.084217
2025-02-13 00:00:00+00:00,2025-02-12 19:00:00-05:00,54.114688,52.084734,train,66.944478,66.944478,58.350237
2025-02-13 01:00:00+00:00,2025-02-12 20:00:00-05:00,49.661157,50.561098,train,54.114688,54.114688,63.804268
2025-02-13 02:00:00+00:00,2025-02-12 21:00:00-05:00,44.10559,45.706564,train,49.661157,49.661157,58.671169
2025-02-13 03:00:00+00:00,2025-02-12 22:00:00-05:00,43.422602,39.768584,train,44.10559,44.10559,51.611401
2025-02-13 04:00:00+00:00,2025-02-12 23:00:00-05:00,37.330713,36.520393,train,43.422602,43.422602,53.801151
2025-02-13 05:00:00+00:00,2025-02-13 00:00:00-05:00,64.365497,37.900056,train,37.330713,37.330713,49.255227
2025-02-13 06:00:00+00:00,2025-02-13 01:00:00-05:00,60.258995,35.93247,train,64.365497,64.365497,38.976897
2025-02-13 07:00:00+00:00,2025-02-13 02:00:00-05:00,40.021121,33.669874,train,60.258995,60.258995,36.087664
2025-02-13 08:00:00+00:00,2025-02-13 03:00:00-05:00,39.232735,33.014653,train,40.021121,40.021121,38.033491
2025-02-13 09:00:00+00:00,2025-02-13 04:00:00-05:00,48.771654,34.649565,train,39.232735,39.232735,39.723624
2025-02-13 10:00:00+00:00,2025-02-13 05:00:00-05:00,65.150656,38.594477,train,48.771654,48.771654,40.612084
2025-02-13 11:00:00+00:00,2025-02-13 06:00:00-05:00,59.019468,43.137013,train,65.150656,65.150656,37.961691
2025-02-13 12:00:00+00:00,2025-02-13 07:00:00-05:00,72.795802,51.989561,train,59.019468,59.019468,43.383358
2025-02-13 13:00:00+00:00,2025-02-13 08:00:00-05:00,70.547842,48.85572,train,72.795802,72.795802,44.525457
2025-02-13 14:00:00+00:00,2025-02-13 09:00:00-05:00,77.438748,45.622169,train,70.547842,70.547842,43.634069
2025-02-13 15:00:00+00:00,2025-02-13 10:00:00-05:00,94.441024,43.539839,train,77.438748,77.438748,46.301304
2025-02-13 16:00:00+00:00,2025-02-13 11:00:00-05:00,57.196014,38.292632,train,94.441024,94.441024,58.656931
2025-02-13 17:00:00+00:00,2025-02-13 12:00:00-05:00,39.16824,37.573707,train,57.196014,57.196014,54.624644
2025-02-13 18:00:00+00:00,2025-02-13 13:00:00-05:00,39.386084,34.467303,train,39.16824,39.16824,50.091153
2025-02-13 19:00:00+00:00,2025-02-13 14:00:00-05:00,32.848663,31.896754,train,39.386084,39.386084,47.370181
2025-02-13 20:00:00+00:00,2025-02-13 15:00:00-05:00,31.580099,32.274904,train,32.848663,32.848663,39.599171
2025-02-13 21:00:00+00:00,2025-02-13 16:00:00-05:00,36.865659,36.063191,train,31.580099,31.580099,39.634702
2025-02-13 22:00:00+00:00,2025-02-13 17:00:00-05:00,47.48055,51.486645,train,36.865659,36.865659,62.533712
2025-02-13 23:00:00+00:00,2025-02-13 18:00:00-05:00,61.806117,62.221818,train,47.48055,47.48055,66.944478
2025-02-14 00:00:00+00:00,2025-02-13 19:00:00-05:00,56.885292,56.295545,train,61.806117,61.806117,54.114688
2025-02-14 01:00:00+00:00,2025-02-13 20:00:00-05:00,54.747224,54.532581,train,56.885292,56.885292,49.661157
2025-02-14 02:00:00+00:00,2025-02-13 21:00:00-05:00,68.310766,50.562056,train,54.747224,54.747224,44.10559
2025-02-14 03:00:00+00:00,2025-02-13 22:00:00-05:00,47.197338,46.347682,train,68.310766,68.310766,43.422602
2025-02-14 04:00:00+00:00,2025-02-13 23:00:00-05:00,39.498027,41.593792,train,47.197338,47.197338,37.330713
2025-02-14 05:00:00+00:00,2025-02-14 00:00:00-05:00,39.178687,46.27972,train,39.498027,39.498027,64.365497
2025-02-14 06:00:00+00:00,2025-02-14 01:00:00-05:00,42.752399,46.091174,train,39.178687,39.178687,60.258995
2025-02-14 07:00:00+00:00,2025-02-14 02:00:00-05:00,38.628752,45.718927,train,42.752399,42.752399,40.021121
2025-02-14 08:00:00+00:00,2025-02-14 03:00:00-05:00,40.037688,46.679758,train,38.628752,38.628752,39.232735
2025-02-14 09:00:00+00:00,2025-02-14 04:00:00-05:00,45.333571,51.643015,train,40.037688,40.037688,48.771654
2025-02-14 10:00:00+00:00,2025-02-14 05:00:00-05:00,53.189568,53.035758,train,45.333571,45.333571,65.150656
2025-02-14 11:00:00+00:00,2025-02-14 06:00:00-05:00,77.199395,79.206502,train,53.189568,53.189568,59.019468
2025-02-14 12:00:00+00:00,2025-02-14 07:00:00-05:00,159.405143,99.260267,train,77.199395,77.199395,72.795802
2025-02-14 13:00:00+00:00,2025-02-14 08:00:00-05:00,36.090058,53.160233,train,159.405143,159.405143,70.547842
2025-02-14 14:00:00+00:00,2025-02-14 09:00:00-05:00,29.195868,42.348029,train,36.090058,36.090058,77.438748
2025-02-14 15:00:00+00:00,2025-02-14 10:00:00-05:00,36.165,43.684421,train,29.195868,29.195868,94.441024
2025-02-14 16:00:00+00:00,2025-02-14 11:00:00-05:00,34.723912,40.047877,train,36.165,36.165,57.196014
2025-02-14 17:00:00+00:00,2025-02-14 12:00:00-05:00,30.785095,37.837137,train,34.723912,34.723912,39.16824
2025-02-14 18:00:00+00:00,2025-02-14 13:00:00-05:00,28.471294,36.602937,train,30.785095,30.785095,39.386084
2025-02-14 19:00:00+00:00,2025-02-14 14:00:00-05:00,28.354885,35.878334,train,28.471294,28.471294,32.848663
2025-02-14 20:00:00+00:00,2025-02-14 15:00:00-05:00,33.657932,35.618857,train,28.354885,28.354885,31.580099
2025-02-14 21:00:00+00:00,2025-02-14 16:00:00-05:00,43.459211,38.946612,train,33.657932,33.657932,36.865659
2025-02-14 22:00:00+00:00,2025-02-14 17:00:00-05:00,44.5521,50.421955,train,43.459211,43.459211,47.48055
2025-02-14 23:00:00+00:00,2025-02-14 18:00:00-05:00,54.452361,50.978936,train,44.5521,44.5521,61.806117
2025-02-15 00:00:00+00:00,2025-02-14 19:00:00-05:00,48.250665,48.498863,train,54.452361,54.452361,56.885292
2025-02-15 01:00:00+00:00,2025-02-14 20:00:00-05:00,43.21681,47.649168,train,48.250665,48.250665,54.747224
2025-02-15 02:00:00+00:00,2025-02-14 21:00:00-05:00,40.737563,43.665705,train,43.21681,43.21681,68.310766
2025-02-15 03:00:00+00:00,2025-02-14 22:00:00-05:00,39.407049,41.043313,train,40.737563,40.737563,47.197338
2025-02-15 04:00:00+00:00,2025-02-14 23:00:00-05:00,36.905874,38.161072,train,39.407049,39.407049,39.498027
2025-02-15 05:00:00+00:00,2025-02-15 00:00:00-05:00,38.786964,40.652265,train,36.905874,36.905874,39.178687
2025-02-15 06:00:00+00:00,2025-02-15 01:00:00-05:00,36.227982,39.185067,train,38.786964,38.786964,42.752399
2025-02-15 07:00:00+00:00,2025-02-15 02:00:00-05:00,34.900884,38.631684,train,36.227982,36.227982,38.628752
2025-02-15 08:00:00+00:00,2025-02-15 03:00:00-05:00,33.358644,38.941625,train,34.900884,34.900884,40.037688
2025-02-15 09:00:00+00:00,2025-02-15 04:00:00-05:00,36.743612,39.37014,train,33.358644,33.358644,45.333571
2025-02-15 10:00:00+00:00,2025-02-15 05:00:00-05:00,35.510965,39.069133,train,36.743612,36.743612,53.189568
2025-02-15 11:00:00+00:00,2025-02-15 06:00:00-05:00,37.629007,38.844594,train,35.510965,35.510965,77.199395
2025-02-15 12:00:00+00:00,2025-02-15 07:00:00-05:00,38.18655,42.264945,train,37.629007,37.629007,159.405143
2025-02-15 13:00:00+00:00,2025-02-15 08:00:00-05:00,37.878529,43.879072,train,38.18655,38.18655,36.090058
2025-02-15 14:00:00+00:00,2025-02-15 09:00:00-05:00,39.694541,46.633594,train,37.878529,37.878529,29.195868
2025-02-15 15:00:00+00:00,2025-02-15 10:00:00-05:00,46.046844,50.208597,train,39.694541,39.694541,36.165
2025-02-15 16:00:00+00:00,2025-02-15 11:00:00-05:00,57.533129,47.18832,train,46.046844,46.046844,34.723912
2025-02-15 17:00:00+00:00,2025-02-15 12:00:00-05:00,58.231084,46.599112,train,57.533129,57.533129,30.785095
2025-02-15 18:00:00+00:00,2025-02-15 13:00:00-05:00,50.884645,45.978417,train,58.231084,58.231084,28.471294
2025-02-15 19:00:00+00:00,2025-02-15 14:00:00-05:00,49.797818,43.587447,train,50.884645,50.884645,28.354885
2025-02-15 20:00:00+00:00,2025-02-15 15:00:00-05:00,42.135157,41.781851,train,49.797818,49.797818,33.657932
2025-02-15 21:00:00+00:00,2025-02-15 16:00:00-05:00,49.105441,41.568885,train,42.135157,42.135157,43.459211
2025-02-15 22:00:00+00:00,2025-02-15 17:00:00-05:00,79.464046,46.052943,train,49.105441,49.105441,44.5521
2025-02-15 23:00:00+00:00,2025-02-15 18:00:00-05:00,79.785949,46.303175,train,79.464046,79.464046,54.452361
2025-02-16 00:00:00+00:00,2025-02-15 19:00:00-05:00,55.570301,43.455948,train,79.785949,79.785949,48.250665
2025-02-16 01:00:00+00:00,2025-02-15 20:00:00-05:00,37.471078,41.645673,train,55.570301,55.570301,43.21681
2025-02-16 02:00:00+00:00,2025-02-15 21:00:00-05:00,36.302518,39.654738,train,37.471078,37.471078,40.737563
2025-02-16 03:00:00+00:00,2025-02-15 22:00:00-05:00,37.121735,38.613842,train,36.302518,36.302518,39.407049
2025-02-16 04:00:00+00:00,2025-02-15 23:00:00-05:00,36.41098,38.055816,train,37.121735,37.121735,36.905874
2025-02-16 05:00:00+00:00,2025-02-16 00:00:00-05:00,36.193985,34.82566,train,36.41098,36.41098,38.786964
2025-02-16 06:00:00+00:00,2025-02-16 01:00:00-05:00,35.763458,32.928559,train,36.193985,36.193985,36.227982
2025-02-16 07:00:00+00:00,2025-02-16 02:00:00-05:00,34.84294,31.490174,train,35.763458,35.763458,34.900884
2025-02-16 08:00:00+00:00,2025-02-16 03:00:00-05:00,33.769062,30.825849,train,34.84294,34.84294,33.358644
2025-02-16 09:00:00+00:00,2025-02-16 04:00:00-05:00,36.702206,31.451066,train,33.769062,33.769062,36.743612
2025-02-16 10:00:00+00:00,2025-02-16 05:00:00-05:00,32.868625,31.437599,train,36.702206,36.702206,35.510965
2025-02-16 11:00:00+00:00,2025-02-16 06:00:00-05:00,32.849552,33.140074,train,32.868625,32.868625,37.629007
2025-02-16 12:00:00+00:00,2025-02-16 07:00:00-05:00,33.850979,33.767775,train,32.849552,32.849552,38.18655
2025-02-16 13:00:00+00:00,2025-02-16 08:00:00-05:00,35.113333,34.143146,train,33.850979,33.850979,37.878529
2025-02-16 14:00:00+00:00,2025-02-16 09:00:00-05:00,37.612729,35.164634,train,35.113333,35.113333,39.694541
2025-02-16 15:00:00+00:00,2025-02-16 10:00:00-05:00,47.032481,35.366398,train,37.612729,37.612729,46.046844
2025-02-16 16:00:00+00:00,2025-02-16 11:00:00-05:00,45.757285,36.067244,train,47.032481,47.032481,57.533129
2025-02-16 17:00:00+00:00,2025-02-16 12:00:00-05:00,38.505532,34.971181,train,45.757285,45.757285,58.231084
2025-02-16 18:00:00+00:00,2025-02-16 13:00:00-05:00,40.279785,33.670073,train,38.505532,38.505532,50.884645
2025-02-16 19:00:00+00:00,2025-02-16 14:00:00-05:00,38.06681,32.668176,train,40.279785,40.279785,49.797818
2025-02-16 20:00:00+00:00,2025-02-16 15:00:00-05:00,33.017185,31.919255,train,38.06681,38.06681,42.135157
2025-02-16 21:00:00+00:00,2025-02-16 16:00:00-05:00,32.732683,33.560802,train,33.017185,33.017185,49.105441
2025-02-16 22:00:00+00:00,2025-02-16 17:00:00-05:00,46.054669,38.13736,train,32.732683,32.732683,79.464046
2025-02-16 23:00:00+00:00,2025-02-16 18:00:00-05:00,50.189269,45.591973,train,46.054669,46.054669,79.785949
2025-02-17 00:00:00+00:00,2025-02-16 19:00:00-05:00,46.891442,44.715155,train,50.189269,50.189269,55.570301
2025-02-17 01:00:00+00:00,2025-02-16 20:00:00-05:00,47.100641,42.535384,train,46.891442,46.891442,37.471078
2025-02-17 02:00:00+00:00,2025-02-16 21:00:00-05:00,40.03602,40.607854,train,47.100641,47.100641,36.302518
2025-02-17 03:00:00+00:00,2025-02-16 22:00:00-05:00,37.306949,38.408352,train,40.03602,40.03602,37.121735
2025-02-17 04:00:00+00:00,2025-02-16 23:00:00-05:00,33.124422,36.697332,train,37.306949,37.306949,36.41098
2025-02-17 05:00:00+00:00,2025-02-17 00:00:00-05:00,37.381707,38.132839,train,33.124422,33.124422,36.193985
2025-02-17 06:00:00+00:00,2025-02-17 01:00:00-05:00,36.839287,38.322489,train,37.381707,37.381707,35.763458
2025-02-17 07:00:00+00:00,2025-02-17 02:00:00-05:00,36.339086,38.218472,train,36.839287,36.839287,34.84294
2025-02-17 08:00:00+00:00,2025-02-17 03:00:00-05:00,38.288808,38.889957,train,36.339086,36.339086,33.769062
2025-02-17 09:00:00+00:00,2025-02-17 04:00:00-05:00,39.853986,40.66514,train,38.288808,38.288808,36.702206
2025-02-17 10:00:00+00:00,2025-02-17 05:00:00-05:00,51.078418,46.592366,train,39.853986,39.853986,32.868625
2025-02-17 11:00:00+00:00,2025-02-17 06:00:00-05:00,51.958897,68.40425,train,51.078418,51.078418,32.849552
2025-02-17 12:00:00+00:00,2025-02-17 07:00:00-05:00,51.553898,71.502369,train,51.958897,51.958897,33.850979
2025-02-17 13:00:00+00:00,2025-02-17 08:00:00-05:00,39.706853,51.921775,train,51.553898,51.553898,35.113333
2025-02-17 14:00:00+00:00,2025-02-17 09:00:00-05:00,33.73142,42.410051,train,39.706853,39.706853,37.612729
2025-02-17 15:00:00+00:00,2025-02-17 10:00:00-05:00,37.657163,43.179546,train,33.73142,33.73142,47.032481
2025-02-17 16:00:00+00:00,2025-02-17 11:00:00-05:00,33.613709,41.367678,train,37.657163,37.657163,45.757285
2025-02-17 17:00:00+00:00,2025-02-17 12:00:00-05:00,33.061377,38.159917,train,33.613709,33.613709,38.505532
2025-02-17 18:00:00+00:00,2025-02-17 13:00:00-05:00,33.577885,37.396223,train,33.061377,33.061377,40.279785
2025-02-17 19:00:00+00:00,2025-02-17 14:00:00-05:00,33.243748,37.163399,train,33.577885,33.577885,38.06681
2025-02-17 20:00:00+00:00,2025-02-17 15:00:00-05:00,33.686592,38.002636,train,33.243748,33.243748,33.017185
2025-02-17 21:00:00+00:00,2025-02-17 16:00:00-05:00,40.040061,42.870807,train,33.686592,33.686592,32.732683
2025-02-17 22:00:00+00:00,2025-02-17 17:00:00-05:00,74.080448,72.471094,train,40.040061,40.040061,46.054669
2025-02-17 23:00:00+00:00,2025-02-17 18:00:00-05:00,123.800619,87.041127,train,74.080448,74.080448,50.189269
2025-02-18 00:00:00+00:00,2025-02-17 19:00:00-05:00,108.788742,73.841953,train,123.800619,123.800619,46.891442
2025-02-18 01:00:00+00:00,2025-02-17 20:00:00-05:00,72.830041,70.029768,train,108.788742,108.788742,47.100641
2025-02-18 02:00:00+00:00,2025-02-17 21:00:00-05:00,66.094987,66.60628,train,72.830041,72.830041,40.03602
2025-02-18 03:00:00+00:00,2025-02-17 22:00:00-05:00,68.67534,61.537402,train,66.094987,66.094987,37.306949
2025-02-18 04:00:00+00:00,2025-02-17 23:00:00-05:00,47.652918,58.383103,train,68.67534,68.67534,33.124422
2025-02-18 05:00:00+00:00,2025-02-18 00:00:00-05:00,56.893438,61.676606,train,47.652918,47.652918,37.381707
2025-02-18 06:00:00+00:00,2025-02-18 01:00:00-05:00,54.613699,60.837743,train,56.893438,56.893438,36.839287
2025-02-18 07:00:00+00:00,2025-02-18 02:00:00-05:00,64.240557,60.680365,train,54.613699,54.613699,36.339086
2025-02-18 08:00:00+00:00,2025-02-18 03:00:00-05:00,54.099158,60.730389,train,64.240557,64.240557,38.288808
2025-02-18 09:00:00+00:00,2025-02-18 04:00:00-05:00,49.593285,60.590908,train,54.099158,54.099158,39.853986
2025-02-18 10:00:00+00:00,2025-02-18 05:00:00-05:00,46.425414,72.634556,train,49.593285,49.593285,51.078418
2025-02-18 11:00:00+00:00,2025-02-18 06:00:00-05:00,68.215078,118.219239,train,46.425414,46.425414,51.958897
2025-02-18 12:00:00+00:00,2025-02-18 07:00:00-05:00,80.98475,129.463212,train,68.215078,68.215078,51.553898
2025-02-18 13:00:00+00:00,2025-02-18 08:00:00-05:00,58.348456,76.87312,train,80.98475,80.98475,39.706853
2025-02-18 14:00:00+00:00,2025-02-18 09:00:00-05:00,53.559459,62.009737,train,58.348456,58.348456,33.73142
2025-02-18 15:00:00+00:00,2025-02-18 10:00:00-05:00,74.783179,64.113022,train,53.559459,53.559459,37.657163
2025-02-18 16:00:00+00:00,2025-02-18 11:00:00-05:00,52.192321,60.06251,train,74.783179,74.783179,33.613709
2025-02-18 17:00:00+00:00,2025-02-18 12:00:00-05:00,56.64689,59.469833,train,52.192321,52.192321,33.061377
2025-02-18 18:00:00+00:00,2025-02-18 13:00:00-05:00,47.896521,54.706231,train,56.64689,56.64689,33.577885
2025-02-18 19:00:00+00:00,2025-02-18 14:00:00-05:00,42.631323,50.851581,train,47.896521,47.896521,33.243748
2025-02-18 20:00:00+00:00,2025-02-18 15:00:00-05:00,36.834925,50.7971,train,42.631323,42.631323,33.686592
2025-02-18 21:00:00+00:00,2025-02-18 16:00:00-05:00,40.546542,60.35338,train,36.834925,36.834925,40.040061
2025-02-18 22:00:00+00:00,2025-02-18 17:00:00-05:00,62.629641,87.837944,train,40.546542,40.546542,74.080448
2025-02-18 23:00:00+00:00,2025-02-18 18:00:00-05:00,77.76027,118.00577,train,62.629641,62.629641,123.800619
2025-02-19 00:00:00+00:00,2025-02-18 19:00:00-05:00,110.324544,102.022894,train,77.76027,77.76027,108.788742
2025-02-19 01:00:00+00:00,2025-02-18 20:00:00-05:00,85.604408,90.330106,train,110.324544,110.324544,72.830041
2025-02-19 02:00:00+00:00,2025-02-18 21:00:00-05:00,77.545632,84.320552,train,85.604408,85.604408,66.094987
2025-02-19 03:00:00+00:00,2025-02-18 22:00:00-05:00,72.978079,77.158781,train,77.545632,77.545632,68.67534
2025-02-19 04:00:00+00:00,2025-02-18 23:00:00-05:00,77.182208,73.279863,train,72.978079,72.978079,47.652918
2025-02-19 05:00:00+00:00,2025-02-19 00:00:00-05:00,74.395354,84.39193,train,77.182208,77.182208,56.893438
2025-02-19 06:00:00+00:00,2025-02-19 01:00:00-05:00,87.303334,83.721719,train,74.395354,74.395354,54.613699
2025-02-19 07:00:00+00:00,2025-02-19 02:00:00-05:00,74.909269,80.833902,train,87.303334,87.303334,64.240557
2025-02-19 08:00:00+00:00,2025-02-19 03:00:00-05:00,85.437519,82.424181,train,74.909269,74.909269,54.099158
2025-02-19 09:00:00+00:00,2025-02-19 04:00:00-05:00,66.924809,76.75686,train,85.437519,85.437519,49.593285
2025-02-19 10:00:00+00:00,2025-02-19 05:00:00-05:00,68.493868,81.076313,train,66.924809,66.924809,46.425414
2025-02-19 11:00:00+00:00,2025-02-19 06:00:00-05:00,88.403517,137.049439,train,68.493868,68.493868,68.215078
2025-02-19 12:00:00+00:00,2025-02-19 07:00:00-05:00,96.268207,157.119132,train,88.403517,88.403517,80.98475
2025-02-19 13:00:00+00:00,2025-02-19 08:00:00-05:00,136.077614,136.90672,train,96.268207,96.268207,58.348456
2025-02-19 14:00:00+00:00,2025-02-19 09:00:00-05:00,96.386949,113.86334,train,136.077614,136.077614,53.559459
2025-02-19 15:00:00+00:00,2025-02-19 10:00:00-05:00,95.879393,135.184782,train,96.386949,96.386949,74.783179
2025-02-19 16:00:00+00:00,2025-02-19 11:00:00-05:00,117.583986,125.646274,train,95.879393,95.879393,52.192321
2025-02-19 17:00:00+00:00,2025-02-19 12:00:00-05:00,102.856681,120.000108,train,117.583986,117.583986,56.64689
2025-02-19 18:00:00+00:00,2025-02-19 13:00:00-05:00,104.223286,108.982055,train,102.856681,102.856681,47.896521
2025-02-19 19:00:00+00:00,2025-02-19 14:00:00-05:00,100.917803,105.918116,train,104.223286,104.223286,42.631323
2025-02-19 20:00:00+00:00,2025-02-19 15:00:00-05:00,106.395099,104.469331,train,100.917803,100.917803,36.834925
2025-02-19 21:00:00+00:00,2025-02-19 16:00:00-05:00,100.661498,119.986154,train,106.395099,106.395099,40.546542
2025-02-19 22:00:00+00:00,2025-02-19 17:00:00-05:00,83.336936,131.556852,train,100.661498,100.661498,62.629641
2025-02-19 23:00:00+00:00,2025-02-19 18:00:00-05:00,121.08172,170.514947,train,83.336936,83.336936,77.76027
2025-02-20 00:00:00+00:00,2025-02-19 19:00:00-05:00,135.344534,150.697504,train,121.08172,121.08172,110.324544
2025-02-20 01:00:00+00:00,2025-02-19 20:00:00-05:00,119.606526,137.039413,train,135.344534,135.344534,85.604408
2025-02-20 02:00:00+00:00,2025-02-19 21:00:00-05:00,101.073502,147.25992,train,119.606526,119.606526,77.545632
2025-02-20 03:00:00+00:00,2025-02-19 22:00:00-05:00,98.042188,119.445967,train,101.073502,101.073502,72.978079
2025-02-20 04:00:00+00:00,2025-02-19 23:00:00-05:00,98.658092,104.340665,train,98.042188,98.042188,77.182208
2025-02-20 05:00:00+00:00,2025-02-20 00:00:00-05:00,201.817459,104.155606,train,98.658092,98.658092,74.395354
2025-02-20 06:00:00+00:00,2025-02-20 01:00:00-05:00,117.651082,103.494075,train,201.817459,201.817459,87.303334
2025-02-20 07:00:00+00:00,2025-02-20 02:00:00-05:00,98.672075,100.635589,train,117.651082,117.651082,74.909269
2025-02-20 08:00:00+00:00,2025-02-20 03:00:00-05:00,104.581531,101.840392,train,98.672075,98.672075,85.437519
2025-02-20 09:00:00+00:00,2025-02-20 04:00:00-05:00,116.387382,104.73881,train,104.581531,104.581531,66.924809
2025-02-20 10:00:00+00:00,2025-02-20 05:00:00-05:00,79.692648,121.397566,train,116.387382,116.387382,68.493868
2025-02-20 11:00:00+00:00,2025-02-20 06:00:00-05:00,126.310881,152.413584,train,79.692648,79.692648,88.403517
2025-02-20 12:00:00+00:00,2025-02-20 07:00:00-05:00,182.089257,194.697879,train,126.310881,126.310881,96.268207
2025-02-20 13:00:00+00:00,2025-02-20 08:00:00-05:00,149.328822,157.324819,train,182.089257,182.089257,136.077614
2025-02-20 14:00:00+00:00,2025-02-20 09:00:00-05:00,90.348319,127.026436,train,149.328822,149.328822,96.386949
2025-02-20 15:00:00+00:00,2025-02-20 10:00:00-05:00,68.190125,131.961196,train,90.348319,90.348319,95.879393
2025-02-20 16:00:00+00:00,2025-02-20 11:00:00-05:00,82.360583,113.213908,train,68.190125,68.190125,117.583986
2025-02-20 17:00:00+00:00,2025-02-20 12:00:00-05:00,84.178611,107.487171,train,82.360583,82.360583,102.856681
2025-02-20 18:00:00+00:00,2025-02-20 13:00:00-05:00,94.068947,102.489541,train,84.178611,84.178611,104.223286
2025-02-20 19:00:00+00:00,2025-02-20 14:00:00-05:00,91.029861,89.225481,train,94.068947,94.068947,100.917803
2025-02-20 20:00:00+00:00,2025-02-20 15:00:00-05:00,88.708149,87.111143,train,91.029861,91.029861,106.395099
2025-02-20 21:00:00+00:00,2025-02-20 16:00:00-05:00,111.195582,102.537925,train,88.708149,88.708149,100.661498
2025-02-20 22:00:00+00:00,2025-02-20 17:00:00-05:00,137.194043,134.442297,train,111.195582,111.195582,83.336936
2025-02-20 23:00:00+00:00,2025-02-20 18:00:00-05:00,151.919854,143.181154,train,137.194043,137.194043,121.08172
2025-02-21 00:00:00+00:00,2025-02-20 19:00:00-05:00,176.334017,142.159719,train,151.919854,151.919854,135.344534
2025-02-21 01:00:00+00:00,2025-02-20 20:00:00-05:00,186.157787,135.677708,train,176.334017,176.334017,119.606526
2025-02-21 02:00:00+00:00,2025-02-20 21:00:00-05:00,150.314399,130.079763,train,186.157787,186.157787,101.073502
2025-02-21 03:00:00+00:00,2025-02-20 22:00:00-05:00,123.881632,134.871918,train,150.314399,150.314399,98.042188
2025-02-21 04:00:00+00:00,2025-02-20 23:00:00-05:00,85.641968,132.868044,train,123.881632,123.881632,98.658092
2025-02-21 05:00:00+00:00,2025-02-21 00:00:00-05:00,119.886125,160.023319,train,85.641968,85.641968,201.817459
2025-02-21 06:00:00+00:00,2025-02-21 01:00:00-05:00,127.116055,160.088395,train,119.886125,119.886125,117.651082
2025-02-21 07:00:00+00:00,2025-02-21 02:00:00-05:00,131.35449,168.973171,train,127.116055,127.116055,98.672075
2025-02-21 08:00:00+00:00,2025-02-21 03:00:00-05:00,128.317047,164.217323,train,131.35449,131.35449,104.581531
2025-02-21 09:00:00+00:00,2025-02-21 04:00:00-05:00,90.648243,164.767423,train,128.317047,128.317047,116.387382
2025-02-21 10:00:00+00:00,2025-02-21 05:00:00-05:00,101.768354,177.440309,train,90.648243,90.648243,79.692648
2025-02-21 11:00:00+00:00,2025-02-21 06:00:00-05:00,186.904607,252.327123,train,101.768354,101.768354,126.310881
2025-02-21 12:00:00+00:00,2025-02-21 07:00:00-05:00,297.235002,272.129677,train,186.904607,186.904607,182.089257
2025-02-21 13:00:00+00:00,2025-02-21 08:00:00-05:00,82.359676,144.622685,train,297.235002,297.235002,149.328822
2025-02-21 14:00:00+00:00,2025-02-21 09:00:00-05:00,64.023801,94.06646,train,82.359676,82.359676,90.348319
2025-02-21 15:00:00+00:00,2025-02-21 10:00:00-05:00,49.141058,59.680206,train,64.023801,64.023801,68.190125
2025-02-21 16:00:00+00:00,2025-02-21 11:00:00-05:00,49.681543,54.481585,train,49.141058,49.141058,82.360583
2025-02-21 17:00:00+00:00,2025-02-21 12:00:00-05:00,43.477042,52.071921,train,49.681543,49.681543,84.178611
2025-02-21 18:00:00+00:00,2025-02-21 13:00:00-05:00,42.143783,46.687179,train,43.477042,43.477042,94.068947
2025-02-21 19:00:00+00:00,2025-02-21 14:00:00-05:00,40.652977,44.049731,train,42.143783,42.143783,91.029861
2025-02-21 20:00:00+00:00,2025-02-21 15:00:00-05:00,39.772593,43.225389,train,40.652977,40.652977,88.708149
2025-02-21 21:00:00+00:00,2025-02-21 16:00:00-05:00,42.725314,49.816394,train,39.772593,39.772593,111.195582
2025-02-21 22:00:00+00:00,2025-02-21 17:00:00-05:00,65.673048,81.926481,train,42.725314,42.725314,137.194043
2025-02-21 23:00:00+00:00,2025-02-21 18:00:00-05:00,83.180561,97.009415,train,65.673048,65.673048,151.919854
2025-02-22 00:00:00+00:00,2025-02-21 19:00:00-05:00,54.204195,85.800143,train,83.180561,83.180561,176.334017
2025-02-22 01:00:00+00:00,2025-02-21 20:00:00-05:00,52.955987,71.63707,train,54.204195,54.204195,186.157787
2025-02-22 02:00:00+00:00,2025-02-21 21:00:00-05:00,61.550864,72.469412,train,52.955987,52.955987,150.314399
2025-02-22 03:00:00+00:00,2025-02-21 22:00:00-05:00,59.50605,71.472099,train,61.550864,61.550864,123.881632
2025-02-22 04:00:00+00:00,2025-02-21 23:00:00-05:00,48.374899,67.243619,train,59.50605,59.50605,85.641968
2025-02-22 05:00:00+00:00,2025-02-22 00:00:00-05:00,62.671633,69.254191,train,48.374899,48.374899,119.886125
2025-02-22 06:00:00+00:00,2025-02-22 01:00:00-05:00,76.678044,69.444776,train,62.671633,62.671633,127.116055
2025-02-22 07:00:00+00:00,2025-02-22 02:00:00-05:00,59.911538,69.921234,train,76.678044,76.678044,131.35449
2025-02-22 08:00:00+00:00,2025-02-22 03:00:00-05:00,85.836918,72.309212,train,59.911538,59.911538,128.317047
2025-02-22 09:00:00+00:00,2025-02-22 04:00:00-05:00,62.480671,73.791675,train,85.836918,85.836918,90.648243
2025-02-22 10:00:00+00:00,2025-02-22 05:00:00-05:00,73.635676,75.7004,train,62.480671,62.480671,101.768354
2025-02-22 11:00:00+00:00,2025-02-22 06:00:00-05:00,68.343826,92.322414,train,73.635676,73.635676,186.904607
2025-02-22 12:00:00+00:00,2025-02-22 07:00:00-05:00,59.348784,95.448496,train,68.343826,68.343826,297.235002
2025-02-22 13:00:00+00:00,2025-02-22 08:00:00-05:00,42.473295,64.695767,train,59.348784,59.348784,82.359676
2025-02-22 14:00:00+00:00,2025-02-22 09:00:00-05:00,37.954458,48.87261,train,42.473295,42.473295,64.023801
2025-02-22 15:00:00+00:00,2025-02-22 10:00:00-05:00,28.900313,38.340197,train,37.954458,37.954458,49.141058
2025-02-22 16:00:00+00:00,2025-02-22 11:00:00-05:00,29.922552,36.991541,train,28.900313,28.900313,49.681543
2025-02-22 17:00:00+00:00,2025-02-22 12:00:00-05:00,26.585199,33.939424,train,29.922552,29.922552,43.477042
2025-02-22 18:00:00+00:00,2025-02-22 13:00:00-05:00,24.724944,32.652048,train,26.585199,26.585199,42.143783
2025-02-22 19:00:00+00:00,2025-02-22 14:00:00-05:00,24.434862,31.873121,train,24.724944,24.724944,40.652977
2025-02-22 20:00:00+00:00,2025-02-22 15:00:00-05:00,28.040307,32.853636,train,24.434862,24.434862,39.772593
2025-02-22 21:00:00+00:00,2025-02-22 16:00:00-05:00,31.367966,35.420492,train,28.040307,28.040307,42.725314
2025-02-22 22:00:00+00:00,2025-02-22 17:00:00-05:00,40.594285,44.144428,train,31.367966,31.367966,65.673048
2025-02-22 23:00:00+00:00,2025-02-22 18:00:00-05:00,49.917597,51.82157,train,40.594285,40.594285,83.180561
2025-02-23 00:00:00+00:00,2025-02-22 19:00:00-05:00,40.449815,51.436652,train,49.917597,49.917597,54.204195
2025-02-23 01:00:00+00:00,2025-02-22 20:00:00-05:00,40.881794,46.962551,train,40.449815,40.449815,52.955987
2025-02-23 02:00:00+00:00,2025-02-22 21:00:00-05:00,46.252253,42.600449,train,40.881794,40.881794,61.550864
2025-02-23 03:00:00+00:00,2025-02-22 22:00:00-05:00,37.324858,39.497224,train,46.252253,46.252253,59.50605
2025-02-23 04:00:00+00:00,2025-02-22 23:00:00-05:00,37.66153,37.577049,train,37.324858,37.324858,48.374899
2025-02-23 05:00:00+00:00,2025-02-23 00:00:00-05:00,41.398121,43.082938,train,37.66153,37.66153,62.671633
2025-02-23 06:00:00+00:00,2025-02-23 01:00:00-05:00,39.142054,41.627175,train,41.398121,41.398121,76.678044
2025-02-23 07:00:00+00:00,2025-02-23 02:00:00-05:00,39.651288,41.69238,train,39.142054,39.142054,59.911538
2025-02-23 08:00:00+00:00,2025-02-23 03:00:00-05:00,53.898986,44.303632,train,39.651288,39.651288,85.836918
2025-02-23 09:00:00+00:00,2025-02-23 04:00:00-05:00,54.569143,48.491869,train,53.898986,53.898986,62.480671
2025-02-23 10:00:00+00:00,2025-02-23 05:00:00-05:00,40.545501,50.150687,train,54.569143,54.569143,73.635676
2025-02-23 11:00:00+00:00,2025-02-23 06:00:00-05:00,44.188419,51.661591,train,40.545501,40.545501,68.343826
2025-02-23 12:00:00+00:00,2025-02-23 07:00:00-05:00,41.422816,51.496737,train,44.188419,44.188419,59.348784
2025-02-23 13:00:00+00:00,2025-02-23 08:00:00-05:00,27.944286,36.867535,train,41.422816,41.422816,42.473295
2025-02-23 14:00:00+00:00,2025-02-23 09:00:00-05:00,28.791454,33.270985,train,27.944286,27.944286,37.954458
2025-02-23 15:00:00+00:00,2025-02-23 10:00:00-05:00,30.208055,32.736895,train,28.791454,28.791454,28.900313
2025-02-23 16:00:00+00:00,2025-02-23 11:00:00-05:00,29.353405,31.381915,train,30.208055,30.208055,29.922552
2025-02-23 17:00:00+00:00,2025-02-23 12:00:00-05:00,28.314731,30.200637,train,29.353405,29.353405,26.585199
2025-02-23 18:00:00+00:00,2025-02-23 13:00:00-05:00,26.344711,28.77265,train,28.314731,28.314731,24.724944
2025-02-23 19:00:00+00:00,2025-02-23 14:00:00-05:00,24.975355,28.56903,train,26.344711,26.344711,24.434862
2025-02-23 20:00:00+00:00,2025-02-23 15:00:00-05:00,27.271248,29.442058,train,24.975355,24.975355,28.040307
2025-02-23 21:00:00+00:00,2025-02-23 16:00:00-05:00,34.813957,31.965306,train,27.271248,27.271248,31.367966
2025-02-23 22:00:00+00:00,2025-02-23 17:00:00-05:00,44.566146,43.760653,train,34.813957,34.813957,40.594285
2025-02-23 23:00:00+00:00,2025-02-23 18:00:00-05:00,54.896934,54.19352,train,44.566146,44.566146,49.917597
2025-02-24 00:00:00+00:00,2025-02-23 19:00:00-05:00,47.464921,48.049093,train,54.896934,54.896934,40.449815
2025-02-24 01:00:00+00:00,2025-02-23 20:00:00-05:00,47.229916,42.370662,train,47.464921,47.464921,40.881794
2025-02-24 02:00:00+00:00,2025-02-23 21:00:00-05:00,36.846352,39.9737,train,47.229916,47.229916,46.252253
2025-02-24 03:00:00+00:00,2025-02-23 22:00:00-05:00,37.605364,38.530638,train,36.846352,36.846352,37.324858
2025-02-24 04:00:00+00:00,2025-02-23 23:00:00-05:00,36.096351,37.307026,train,37.605364,37.605364,37.66153
2025-02-24 05:00:00+00:00,2025-02-24 00:00:00-05:00,32.724615,35.843938,train,36.096351,36.096351,41.398121
2025-02-24 06:00:00+00:00,2025-02-24 01:00:00-05:00,34.258986,36.203762,train,32.724615,32.724615,39.142054
2025-02-24 07:00:00+00:00,2025-02-24 02:00:00-05:00,37.082681,35.895379,train,34.258986,34.258986,39.651288
2025-02-24 08:00:00+00:00,2025-02-24 03:00:00-05:00,36.887001,35.979931,train,37.082681,37.082681,53.898986
2025-02-24 09:00:00+00:00,2025-02-24 04:00:00-05:00,37.972751,38.61175,train,36.887001,36.887001,54.569143
2025-02-24 10:00:00+00:00,2025-02-24 05:00:00-05:00,47.263336,43.755752,train,37.972751,37.972751,40.545501
2025-02-24 11:00:00+00:00,2025-02-24 06:00:00-05:00,77.576885,79.27622,train,47.263336,47.263336,44.188419
2025-02-24 12:00:00+00:00,2025-02-24 07:00:00-05:00,77.140293,77.789633,train,77.576885,77.576885,41.422816
2025-02-24 13:00:00+00:00,2025-02-24 08:00:00-05:00,32.185777,51.636566,train,77.140293,77.140293,27.944286
2025-02-24 14:00:00+00:00,2025-02-24 09:00:00-05:00,30.033395,46.379874,train,32.185777,32.185777,28.791454
2025-02-24 15:00:00+00:00,2025-02-24 10:00:00-05:00,29.97418,39.672974,train,30.033395,30.033395,30.208055
2025-02-24 16:00:00+00:00,2025-02-24 11:00:00-05:00,29.150143,36.716963,train,29.97418,29.97418,29.353405
2025-02-24 17:00:00+00:00,2025-02-24 12:00:00-05:00,27.644085,36.378076,train,29.150143,29.150143,28.314731
2025-02-24 18:00:00+00:00,2025-02-24 13:00:00-05:00,26.755305,35.161154,train,27.644085,27.644085,26.344711
2025-02-24 19:00:00+00:00,2025-02-24 14:00:00-05:00,27.653003,34.421901,train,26.755305,26.755305,24.975355
2025-02-24 20:00:00+00:00,2025-02-24 15:00:00-05:00,28.095557,34.603392,train,27.653003,27.653003,27.271248
2025-02-24 21:00:00+00:00,2025-02-24 16:00:00-05:00,32.937596,35.811292,train,28.095557,28.095557,34.813957
2025-02-24 22:00:00+00:00,2025-02-24 17:00:00-05:00,38.631605,51.148578,train,32.937596,32.937596,44.566146
2025-02-24 23:00:00+00:00,2025-02-24 18:00:00-05:00,45.521522,62.852065,train,38.631605,38.631605,54.896934
2025-02-25 00:00:00+00:00,2025-02-24 19:00:00-05:00,36.86874,54.691792,train,45.521522,45.521522,47.464921
2025-02-25 01:00:00+00:00,2025-02-24 20:00:00-05:00,36.981675,50.474796,train,36.86874,36.86874,47.229916
2025-02-25 02:00:00+00:00,2025-02-24 21:00:00-05:00,34.07295,44.907726,train,36.981675,36.981675,36.846352
2025-02-25 03:00:00+00:00,2025-02-24 22:00:00-05:00,29.805954,36.803938,train,34.07295,34.07295,37.605364
2025-02-25 04:00:00+00:00,2025-02-24 23:00:00-05:00,30.978064,35.860821,train,29.805954,29.805954,36.096351
2025-02-25 05:00:00+00:00,2025-02-25 00:00:00-05:00,32.786936,33.39512,train,30.978064,30.978064,32.724615
2025-02-25 06:00:00+00:00,2025-02-25 01:00:00-05:00,34.842924,33.276665,train,32.786936,32.786936,34.258986
2025-02-25 07:00:00+00:00,2025-02-25 02:00:00-05:00,30.810421,32.916402,train,34.842924,34.842924,37.082681
2025-02-25 08:00:00+00:00,2025-02-25 03:00:00-05:00,32.797532,33.449927,train,30.810421,30.810421,36.887001
2025-02-25 09:00:00+00:00,2025-02-25 04:00:00-05:00,31.459929,34.795874,train,32.797532,32.797532,37.972751
2025-02-25 10:00:00+00:00,2025-02-25 05:00:00-05:00,34.077352,40.303871,train,31.459929,31.459929,47.263336
2025-02-25 11:00:00+00:00,2025-02-25 06:00:00-05:00,76.858656,64.084495,train,34.077352,34.077352,77.576885
2025-02-25 12:00:00+00:00,2025-02-25 07:00:00-05:00,47.809495,71.765008,train,76.858656,76.858656,77.140293
2025-02-25 13:00:00+00:00,2025-02-25 08:00:00-05:00,30.053316,41.725123,train,47.809495,47.809495,32.185777
2025-02-25 14:00:00+00:00,2025-02-25 09:00:00-05:00,31.241795,37.540128,train,30.053316,30.053316,30.033395
2025-02-25 15:00:00+00:00,2025-02-25 10:00:00-05:00,35.90413,36.661781,train,31.241795,31.241795,29.97418
2025-02-25 16:00:00+00:00,2025-02-25 11:00:00-05:00,42.275789,32.681596,train,35.90413,35.90413,29.150143
2025-02-25 17:00:00+00:00,2025-02-25 12:00:00-05:00,29.93391,31.849378,train,42.275789,42.275789,27.644085
2025-02-25 18:00:00+00:00,2025-02-25 13:00:00-05:00,34.462561,29.872053,train,29.93391,29.93391,26.755305
2025-02-25 19:00:00+00:00,2025-02-25 14:00:00-05:00,24.089878,27.931822,train,34.462561,34.462561,27.653003
2025-02-25 20:00:00+00:00,2025-02-25 15:00:00-05:00,23.612084,28.336477,train,24.089878,24.089878,28.095557
2025-02-25 21:00:00+00:00,2025-02-25 16:00:00-05:00,24.209339,30.897063,train,23.612084,23.612084,32.937596
2025-02-25 22:00:00+00:00,2025-02-25 17:00:00-05:00,39.780069,44.713549,train,24.209339,24.209339,38.631605
2025-02-25 23:00:00+00:00,2025-02-25 18:00:00-05:00,90.460005,60.335849,train,39.780069,39.780069,45.521522
2025-02-26 00:00:00+00:00,2025-02-25 19:00:00-05:00,50.323034,53.955083,train,90.460005,90.460005,36.86874
2025-02-26 01:00:00+00:00,2025-02-25 20:00:00-05:00,47.718217,45.830302,train,50.323034,50.323034,36.981675
2025-02-26 02:00:00+00:00,2025-02-25 21:00:00-05:00,44.042536,38.247288,train,47.718217,47.718217,34.07295
2025-02-26 03:00:00+00:00,2025-02-25 22:00:00-05:00,31.02562,34.842396,train,44.042536,44.042536,29.805954
2025-02-26 04:00:00+00:00,2025-02-25 23:00:00-05:00,29.7106,32.029167,train,31.02562,31.02562,30.978064
2025-02-26 05:00:00+00:00,2025-02-26 00:00:00-05:00,29.449832,30.654489,train,29.7106,29.7106,32.786936
2025-02-26 06:00:00+00:00,2025-02-26 01:00:00-05:00,33.687444,29.217815,train,29.449832,29.449832,34.842924
2025-02-26 07:00:00+00:00,2025-02-26 02:00:00-05:00,29.962887,28.182975,train,33.687444,33.687444,30.810421
2025-02-26 08:00:00+00:00,2025-02-26 03:00:00-05:00,35.032018,28.699452,train,29.962887,29.962887,32.797532
2025-02-26 09:00:00+00:00,2025-02-26 04:00:00-05:00,37.785164,30.666163,train,35.032018,35.032018,31.459929
2025-02-26 10:00:00+00:00,2025-02-26 05:00:00-05:00,60.772845,36.107252,train,37.785164,37.785164,34.077352
2025-02-26 11:00:00+00:00,2025-02-26 06:00:00-05:00,76.619869,57.510888,train,60.772845,60.772845,76.858656
2025-02-26 12:00:00+00:00,2025-02-26 07:00:00-05:00,62.000127,50.382358,train,76.619869,76.619869,47.809495
2025-02-26 13:00:00+00:00,2025-02-26 08:00:00-05:00,31.489073,32.748244,train,62.000127,62.000127,30.053316
2025-02-26 14:00:00+00:00,2025-02-26 09:00:00-05:00,25.090168,29.403965,train,31.489073,31.489073,31.241795
2025-02-26 15:00:00+00:00,2025-02-26 10:00:00-05:00,30.908029,30.496551,train,25.090168,25.090168,35.90413
2025-02-26 16:00:00+00:00,2025-02-26 11:00:00-05:00,29.951082,28.941618,train,30.908029,30.908029,42.275789
2025-02-26 17:00:00+00:00,2025-02-26 12:00:00-05:00,30.635585,28.316745,train,29.951082,29.951082,29.93391
2025-02-26 18:00:00+00:00,2025-02-26 13:00:00-05:00,38.799405,27.867056,train,30.635585,30.635585,34.462561
2025-02-26 19:00:00+00:00,2025-02-26 14:00:00-05:00,36.125368,27.646395,train,38.799405,38.799405,24.089878
2025-02-26 20:00:00+00:00,2025-02-26 15:00:00-05:00,39.974346,28.168019,train,36.125368,36.125368,23.612084
2025-02-26 21:00:00+00:00,2025-02-26 16:00:00-05:00,40.573318,29.749612,train,39.974346,39.974346,24.209339
2025-02-26 22:00:00+00:00,2025-02-26 17:00:00-05:00,43.922764,41.571742,train,40.573318,40.573318,39.780069
2025-02-26 23:00:00+00:00,2025-02-26 18:00:00-05:00,46.52749,50.166147,train,43.922764,43.922764,90.460005
2025-02-27 00:00:00+00:00,2025-02-26 19:00:00-05:00,68.22275,39.673721,train,46.52749,46.52749,50.323034
2025-02-27 01:00:00+00:00,2025-02-26 20:00:00-05:00,58.224137,36.67646,train,68.22275,68.22275,47.718217
2025-02-27 02:00:00+00:00,2025-02-26 21:00:00-05:00,31.992622,31.842619,train,58.224137,58.224137,44.042536
2025-02-27 03:00:00+00:00,2025-02-26 22:00:00-05:00,27.036911,28.490185,train,31.992622,31.992622,31.02562
2025-02-27 04:00:00+00:00,2025-02-26 23:00:00-05:00,27.001862,27.412577,train,27.036911,27.036911,29.7106
2025-02-27 05:00:00+00:00,2025-02-27 00:00:00-05:00,29.027631,26.988708,train,27.001862,27.001862,29.449832
2025-02-27 06:00:00+00:00,2025-02-27 01:00:00-05:00,27.643597,26.894913,train,29.027631,29.027631,33.687444
2025-02-27 07:00:00+00:00,2025-02-27 02:00:00-05:00,27.015907,26.236551,train,27.643597,27.643597,29.962887
2025-02-27 08:00:00+00:00,2025-02-27 03:00:00-05:00,28.80741,26.408651,train,27.015907,27.015907,35.032018
2025-02-27 09:00:00+00:00,2025-02-27 04:00:00-05:00,31.798126,27.03081,train,28.80741,28.80741,37.785164
2025-02-27 10:00:00+00:00,2025-02-27 05:00:00-05:00,34.770691,29.410954,train,31.798126,31.798126,60.772845
2025-02-27 11:00:00+00:00,2025-02-27 06:00:00-05:00,74.993546,39.699432,train,34.770691,34.770691,76.619869
2025-02-27 12:00:00+00:00,2025-02-27 07:00:00-05:00,45.839149,43.809854,train,74.993546,74.993546,62.000127
2025-02-27 13:00:00+00:00,2025-02-27 08:00:00-05:00,54.451116,39.079048,train,45.839149,45.839149,31.489073
2025-02-27 14:00:00+00:00,2025-02-27 09:00:00-05:00,116.074621,37.18083,train,54.451116,54.451116,25.090168
2025-02-27 15:00:00+00:00,2025-02-27 10:00:00-05:00,55.622298,36.839833,train,116.074621,116.074621,30.908029
2025-02-27 16:00:00+00:00,2025-02-27 11:00:00-05:00,72.699249,33.862733,train,55.622298,55.622298,29.951082
2025-02-27 17:00:00+00:00,2025-02-27 12:00:00-05:00,31.391972,33.006683,train,72.699249,72.699249,30.635585
2025-02-27 18:00:00+00:00,2025-02-27 13:00:00-05:00,72.176465,31.390431,train,31.391972,31.391972,38.799405
2025-02-27 19:00:00+00:00,2025-02-27 14:00:00-05:00,34.219705,30.831436,train,72.176465,72.176465,36.125368
2025-02-27 20:00:00+00:00,2025-02-27 15:00:00-05:00,39.200262,30.155815,train,34.219705,34.219705,39.974346
2025-02-27 21:00:00+00:00,2025-02-27 16:00:00-05:00,29.739395,31.79139,train,39.200262,39.200262,40.573318
2025-02-27 22:00:00+00:00,2025-02-27 17:00:00-05:00,28.08088,39.043968,train,29.739395,29.739395,43.922764
2025-02-27 23:00:00+00:00,2025-02-27 18:00:00-05:00,43.306388,51.27841,train,28.08088,28.08088,46.52749
2025-02-28 00:00:00+00:00,2025-02-27 19:00:00-05:00,44.945743,50.408373,train,43.306388,43.306388,68.22275
2025-02-28 01:00:00+00:00,2025-02-27 20:00:00-05:00,56.406206,46.742224,train,44.945743,44.945743,58.224137
2025-02-28 02:00:00+00:00,2025-02-27 21:00:00-05:00,54.317245,44.960289,train,56.406206,56.406206,31.992622
2025-02-28 03:00:00+00:00,2025-02-27 22:00:00-05:00,35.337429,34.241205,train,54.317245,54.317245,27.036911
2025-02-28 04:00:00+00:00,2025-02-27 23:00:00-05:00,28.74955,30.846465,train,35.337429,35.337429,27.001862
2025-02-28 05:00:00+00:00,2025-02-28 00:00:00-05:00,29.024479,32.143511,train,28.74955,28.74955,29.027631
2025-02-28 06:00:00+00:00,2025-02-28 01:00:00-05:00,29.074356,30.922655,train,29.024479,29.024479,27.643597
2025-02-28 07:00:00+00:00,2025-02-28 02:00:00-05:00,25.756706,29.007693,train,29.074356,29.074356,27.015907
2025-02-28 08:00:00+00:00,2025-02-28 03:00:00-05:00,26.158822,29.553347,train,25.756706,25.756706,28.80741
2025-02-28 09:00:00+00:00,2025-02-28 04:00:00-05:00,26.035282,31.196792,train,26.158822,26.158822,31.798126
2025-02-28 10:00:00+00:00,2025-02-28 05:00:00-05:00,27.857013,37.631384,train,26.035282,26.035282,34.770691
2025-02-28 11:00:00+00:00,2025-02-28 06:00:00-05:00,65.822472,60.15841,train,27.857013,27.857013,74.993546
2025-02-28 12:00:00+00:00,2025-02-28 07:00:00-05:00,51.286189,49.27228,train,65.822472,65.822472,45.839149
2025-02-28 13:00:00+00:00,2025-02-28 08:00:00-05:00,26.963404,33.68246,train,51.286189,51.286189,54.451116
2025-02-28 14:00:00+00:00,2025-02-28 09:00:00-05:00,23.91679,31.172481,train,26.963404,26.963404,116.074621
2025-02-28 15:00:00+00:00,2025-02-28 10:00:00-05:00,26.047246,29.650884,train,23.91679,23.91679,55.622298
2025-02-28 16:00:00+00:00,2025-02-28 11:00:00-05:00,28.972574,28.177599,train,26.047246,26.047246,72.699249
2025-02-28 17:00:00+00:00,2025-02-28 12:00:00-05:00,27.298566,27.660307,train,28.972574,28.972574,31.391972
2025-02-28 18:00:00+00:00,2025-02-28 13:00:00-05:00,24.497368,27.402169,train,27.298566,27.298566,72.176465
2025-02-28 19:00:00+00:00,2025-02-28 14:00:00-05:00,25.889151,27.024665,train,24.497368,24.497368,34.219705
2025-02-28 20:00:00+00:00,2025-02-28 15:00:00-05:00,27.526017,27.533516,train,25.889151,25.889151,39.200262
2025-02-28 21:00:00+00:00,2025-02-28 16:00:00-05:00,22.811156,27.19134,train,27.526017,27.526017,29.739395
2025-02-28 22:00:00+00:00,2025-02-28 17:00:00-05:00,26.99756,35.367272,train,22.811156,22.811156,28.08088
2025-02-28 23:00:00+00:00,2025-02-28 18:00:00-05:00,30.21772,42.770097,train,26.99756,26.99756,43.306388
2025-03-01 00:00:00+00:00,2025-02-28 19:00:00-05:00,29.327446,36.935359,train,30.21772,30.21772,44.945743
2025-03-01 01:00:00+00:00,2025-02-28 20:00:00-05:00,29.831991,34.299282,train,29.327446,29.327446,56.406206
2025-03-01 02:00:00+00:00,2025-02-28 21:00:00-05:00,27.739741,33.140146,train,29.831991,29.831991,54.317245
2025-03-01 03:00:00+00:00,2025-02-28 22:00:00-05:00,26.795485,31.164163,train,27.739741,27.739741,35.337429
2025-03-01 04:00:00+00:00,2025-02-28 23:00:00-05:00,26.158283,29.470482,train,26.795485,26.795485,28.74955
2025-03-01 05:00:00+00:00,2025-03-01 00:00:00-05:00,32.57015,27.299689,train,26.158283,26.158283,29.024479
2025-03-01 06:00:00+00:00,2025-03-01 01:00:00-05:00,26.709861,27.088042,train,32.57015,32.57015,29.074356
2025-03-01 07:00:00+00:00,2025-03-01 02:00:00-05:00,27.705035,25.762796,train,26.709861,26.709861,25.756706
2025-03-01 08:00:00+00:00,2025-03-01 03:00:00-05:00,26.738281,26.579197,train,27.705035,27.705035,26.158822
2025-03-01 09:00:00+00:00,2025-03-01 04:00:00-05:00,26.560944,27.418712,train,26.738281,26.738281,26.035282
2025-03-01 10:00:00+00:00,2025-03-01 05:00:00-05:00,27.593028,29.481827,train,26.560944,26.560944,27.857013
2025-03-01 11:00:00+00:00,2025-03-01 06:00:00-05:00,36.923348,31.028599,train,27.593028,27.593028,65.822472
2025-03-01 12:00:00+00:00,2025-03-01 07:00:00-05:00,36.367072,35.074755,train,36.923348,36.923348,51.286189
2025-03-01 13:00:00+00:00,2025-03-01 08:00:00-05:00,34.307556,29.383906,train,36.367072,36.367072,26.963404
2025-03-01 14:00:00+00:00,2025-03-01 09:00:00-05:00,34.096865,27.694781,train,34.307556,34.307556,23.91679
2025-03-01 15:00:00+00:00,2025-03-01 10:00:00-05:00,26.90523,28.024142,train,34.096865,34.096865,26.047246
2025-03-01 16:00:00+00:00,2025-03-01 11:00:00-05:00,26.83424,27.203312,train,26.90523,26.90523,28.972574
2025-03-01 17:00:00+00:00,2025-03-01 12:00:00-05:00,23.844076,27.413586,train,26.83424,26.83424,27.298566
2025-03-01 18:00:00+00:00,2025-03-01 13:00:00-05:00,24.396967,27.168323,train,23.844076,23.844076,24.497368
2025-03-01 19:00:00+00:00,2025-03-01 14:00:00-05:00,23.131194,27.1098,train,24.396967,24.396967,25.889151
2025-03-01 20:00:00+00:00,2025-03-01 15:00:00-05:00,24.190426,27.999034,train,23.131194,23.131194,27.526017
2025-03-01 21:00:00+00:00,2025-03-01 16:00:00-05:00,28.206974,33.632111,train,24.190426,24.190426,22.811156
2025-03-01 22:00:00+00:00,2025-03-01 17:00:00-05:00,35.282979,51.282361,train,28.206974,28.206974,26.99756
2025-03-01 23:00:00+00:00,2025-03-01 18:00:00-05:00,42.880524,70.132272,train,35.282979,35.282979,30.21772
2025-03-02 00:00:00+00:00,2025-03-01 19:00:00-05:00,48.133512,73.32369,train,42.880524,42.880524,29.327446
2025-03-02 01:00:00+00:00,2025-03-01 20:00:00-05:00,55.271169,71.945521,train,48.133512,48.133512,29.831991
2025-03-02 02:00:00+00:00,2025-03-01 21:00:00-05:00,47.55829,68.806084,train,55.271169,55.271169,27.739741
2025-03-02 03:00:00+00:00,2025-03-01 22:00:00-05:00,40.708252,63.354356,train,47.55829,47.55829,26.795485
2025-03-02 04:00:00+00:00,2025-03-01 23:00:00-05:00,50.536262,60.864022,train,40.708252,40.708252,26.158283
2025-03-02 05:00:00+00:00,2025-03-02 00:00:00-05:00,42.201361,52.788998,train,50.536262,50.536262,32.57015
2025-03-02 06:00:00+00:00,2025-03-02 01:00:00-05:00,66.089018,50.696241,train,42.201361,42.201361,26.709861
2025-03-02 07:00:00+00:00,2025-03-02 02:00:00-05:00,50.065526,51.100212,train,66.089018,66.089018,27.705035
2025-03-02 08:00:00+00:00,2025-03-02 03:00:00-05:00,61.321326,53.465103,train,50.065526,50.065526,26.738281
2025-03-02 09:00:00+00:00,2025-03-02 04:00:00-05:00,63.463899,54.654118,train,61.321326,61.321326,26.560944
2025-03-02 10:00:00+00:00,2025-03-02 05:00:00-05:00,59.848073,58.497737,train,63.463899,63.463899,27.593028
2025-03-02 11:00:00+00:00,2025-03-02 06:00:00-05:00,54.42003,82.716039,train,59.848073,59.848073,36.923348
2025-03-02 12:00:00+00:00,2025-03-02 07:00:00-05:00,65.652393,83.519078,train,54.42003,54.42003,36.367072
2025-03-02 13:00:00+00:00,2025-03-02 08:00:00-05:00,49.68492,53.293912,train,65.652393,65.652393,34.307556
2025-03-02 14:00:00+00:00,2025-03-02 09:00:00-05:00,44.549274,41.736922,train,49.68492,49.68492,34.096865
2025-03-02 15:00:00+00:00,2025-03-02 10:00:00-05:00,37.36114,39.09881,train,44.549274,44.549274,26.90523
2025-03-02 16:00:00+00:00,2025-03-02 11:00:00-05:00,36.086132,37.805085,train,37.36114,37.36114,26.83424
2025-03-02 17:00:00+00:00,2025-03-02 12:00:00-05:00,29.581701,36.281955,train,36.086132,36.086132,23.844076
2025-03-02 18:00:00+00:00,2025-03-02 13:00:00-05:00,31.503054,34.422159,train,29.581701,29.581701,24.396967
2025-03-02 19:00:00+00:00,2025-03-02 14:00:00-05:00,29.432648,33.279016,train,31.503054,31.503054,23.131194
2025-03-02 20:00:00+00:00,2025-03-02 15:00:00-05:00,27.297778,34.454451,train,29.432648,29.432648,24.190426
2025-03-02 21:00:00+00:00,2025-03-02 16:00:00-05:00,36.325366,37.224643,train,27.297778,27.297778,28.206974
2025-03-02 22:00:00+00:00,2025-03-02 17:00:00-05:00,54.571624,57.301793,train,36.325366,36.325366,35.282979
2025-03-02 23:00:00+00:00,2025-03-02 18:00:00-05:00,87.839759,89.937081,train,54.571624,54.571624,42.880524
2025-03-03 00:00:00+00:00,2025-03-02 19:00:00-05:00,110.987746,87.49007,train,87.839759,87.839759,48.133512
2025-03-03 01:00:00+00:00,2025-03-02 20:00:00-05:00,91.192489,75.91826,train,110.987746,110.987746,55.271169
2025-03-03 02:00:00+00:00,2025-03-02 21:00:00-05:00,73.358002,66.914705,train,91.192489,91.192489,47.55829
2025-03-03 03:00:00+00:00,2025-03-02 22:00:00-05:00,71.938737,63.735941,train,73.358002,73.358002,40.708252
2025-03-03 04:00:00+00:00,2025-03-02 23:00:00-05:00,70.407171,62.562566,train,71.938737,71.938737,50.536262
2025-03-03 05:00:00+00:00,2025-03-03 00:00:00-05:00,55.826328,64.689977,train,70.407171,70.407171,42.201361
2025-03-03 06:00:00+00:00,2025-03-03 01:00:00-05:00,62.129058,64.208919,train,55.826328,55.826328,66.089018
2025-03-03 07:00:00+00:00,2025-03-03 02:00:00-05:00,48.269008,61.699529,train,62.129058,62.129058,50.065526
2025-03-03 08:00:00+00:00,2025-03-03 03:00:00-05:00,59.171701,63.988651,train,48.269008,48.269008,61.321326
2025-03-03 09:00:00+00:00,2025-03-03 04:00:00-05:00,53.756477,62.305439,train,59.171701,59.171701,63.463899
2025-03-03 10:00:00+00:00,2025-03-03 05:00:00-05:00,44.584668,70.795723,train,53.756477,53.756477,59.848073
2025-03-03 11:00:00+00:00,2025-03-03 06:00:00-05:00,80.069274,158.728402,train,44.584668,44.584668,54.42003
2025-03-03 12:00:00+00:00,2025-03-03 07:00:00-05:00,72.684278,146.49539,train,80.069274,80.069274,65.652393
2025-03-03 13:00:00+00:00,2025-03-03 08:00:00-05:00,33.98562,64.431608,train,72.684278,72.684278,49.68492
2025-03-03 14:00:00+00:00,2025-03-03 09:00:00-05:00,29.531119,48.520756,train,33.98562,33.98562,44.549274
2025-03-03 15:00:00+00:00,2025-03-03 10:00:00-05:00,39.81009,46.173483,train,29.531119,29.531119,37.36114
2025-03-03 16:00:00+00:00,2025-03-03 11:00:00-05:00,36.919256,43.328978,train,39.81009,39.81009,36.086132
2025-03-03 17:00:00+00:00,2025-03-03 12:00:00-05:00,33.066066,39.61525,train,36.919256,36.919256,29.581701
2025-03-03 18:00:00+00:00,2025-03-03 13:00:00-05:00,32.170571,37.195304,train,33.066066,33.066066,31.503054
2025-03-03 19:00:00+00:00,2025-03-03 14:00:00-05:00,32.53984,35.788324,train,32.170571,32.170571,29.432648
2025-03-03 20:00:00+00:00,2025-03-03 15:00:00-05:00,32.762345,36.605906,train,32.53984,32.53984,27.297778
2025-03-03 21:00:00+00:00,2025-03-03 16:00:00-05:00,42.305379,40.048443,train,32.762345,32.762345,36.325366
2025-03-03 22:00:00+00:00,2025-03-03 17:00:00-05:00,47.522274,58.11811,train,42.305379,42.305379,54.571624
2025-03-03 23:00:00+00:00,2025-03-03 18:00:00-05:00,50.601838,71.168479,train,47.522274,47.522274,87.839759
2025-03-04 00:00:00+00:00,2025-03-03 19:00:00-05:00,43.300212,62.554538,train,50.601838,50.601838,110.987746
2025-03-04 01:00:00+00:00,2025-03-03 20:00:00-05:00,43.787161,56.544549,train,43.300212,43.300212,91.192489
2025-03-04 02:00:00+00:00,2025-03-03 21:00:00-05:00,47.02453,59.302834,train,43.787161,43.787161,73.358002
2025-03-04 03:00:00+00:00,2025-03-03 22:00:00-05:00,39.816175,52.666928,train,47.02453,47.02453,71.938737
2025-03-04 04:00:00+00:00,2025-03-03 23:00:00-05:00,34.769886,46.596426,train,39.816175,39.816175,70.407171
2025-03-04 05:00:00+00:00,2025-03-04 00:00:00-05:00,53.93293,47.660663,train,34.769886,34.769886,55.826328
2025-03-04 06:00:00+00:00,2025-03-04 01:00:00-05:00,40.546368,46.319496,train,53.93293,53.93293,62.129058
2025-03-04 07:00:00+00:00,2025-03-04 02:00:00-05:00,39.859685,43.04615,train,40.546368,40.546368,48.269008
2025-03-04 08:00:00+00:00,2025-03-04 03:00:00-05:00,36.747783,42.514996,train,39.859685,39.859685,59.171701
2025-03-04 09:00:00+00:00,2025-03-04 04:00:00-05:00,44.281066,45.034644,train,36.747783,36.747783,53.756477
2025-03-04 10:00:00+00:00,2025-03-04 05:00:00-05:00,36.136137,47.10218,train,44.281066,44.281066,44.584668
2025-03-04 11:00:00+00:00,2025-03-04 06:00:00-05:00,129.282743,84.226516,train,36.136137,36.136137,80.069274
2025-03-04 12:00:00+00:00,2025-03-04 07:00:00-05:00,66.284573,76.900792,train,129.282743,129.282743,72.684278
2025-03-04 13:00:00+00:00,2025-03-04 08:00:00-05:00,52.596838,44.234051,train,66.284573,66.284573,33.98562
2025-03-04 14:00:00+00:00,2025-03-04 09:00:00-05:00,43.458995,41.501831,train,52.596838,52.596838,29.531119
2025-03-04 15:00:00+00:00,2025-03-04 10:00:00-05:00,44.230873,38.782971,train,43.458995,43.458995,39.81009
2025-03-04 16:00:00+00:00,2025-03-04 11:00:00-05:00,33.891279,35.511406,train,44.230873,44.230873,36.919256
2025-03-04 17:00:00+00:00,2025-03-04 12:00:00-05:00,36.77531,34.424381,train,33.891279,33.891279,33.066066
2025-03-04 18:00:00+00:00,2025-03-04 13:00:00-05:00,37.192352,34.079666,train,36.77531,36.77531,32.170571
2025-03-04 19:00:00+00:00,2025-03-04 14:00:00-05:00,32.485144,32.110142,train,37.192352,37.192352,32.53984
2025-03-04 20:00:00+00:00,2025-03-04 15:00:00-05:00,31.776591,31.857473,train,32.485144,32.485144,32.762345
2025-03-04 21:00:00+00:00,2025-03-04 16:00:00-05:00,38.463882,33.735486,train,31.776591,31.776591,42.305379
2025-03-04 22:00:00+00:00,2025-03-04 17:00:00-05:00,45.821785,39.69221,train,38.463882,38.463882,47.522274
2025-03-04 23:00:00+00:00,2025-03-04 18:00:00-05:00,70.089483,44.874858,train,45.821785,45.821785,50.601838
2025-03-05 00:00:00+00:00,2025-03-04 19:00:00-05:00,50.495645,42.900404,train,70.089483,70.089483,43.300212
2025-03-05 01:00:00+00:00,2025-03-04 20:00:00-05:00,50.761018,42.013105,train,50.495645,50.495645,43.787161
2025-03-05 02:00:00+00:00,2025-03-04 21:00:00-05:00,50.674214,37.741651,train,50.761018,50.761018,47.02453
2025-03-05 03:00:00+00:00,2025-03-04 22:00:00-05:00,29.071825,32.194431,train,50.674214,50.674214,39.816175
2025-03-05 04:00:00+00:00,2025-03-04 23:00:00-05:00,28.873818,30.107216,train,29.071825,29.071825,34.769886
2025-03-05 05:00:00+00:00,2025-03-05 00:00:00-05:00,27.083425,31.210659,train,28.873818,28.873818,53.93293
2025-03-05 06:00:00+00:00,2025-03-05 01:00:00-05:00,28.058782,30.982918,train,27.083425,27.083425,40.546368
2025-03-05 07:00:00+00:00,2025-03-05 02:00:00-05:00,30.548488,27.33188,train,28.058782,28.058782,39.859685
2025-03-05 08:00:00+00:00,2025-03-05 03:00:00-05:00,26.018797,27.318716,train,30.548488,30.548488,36.747783
2025-03-05 09:00:00+00:00,2025-03-05 04:00:00-05:00,30.500271,29.275983,train,26.018797,26.018797,44.281066
2025-03-05 10:00:00+00:00,2025-03-05 05:00:00-05:00,28.921602,34.107577,train,30.500271,30.500271,36.136137
2025-03-05 11:00:00+00:00,2025-03-05 06:00:00-05:00,37.59033,44.350345,train,28.921602,28.921602,129.282743
2025-03-05 12:00:00+00:00,2025-03-05 07:00:00-05:00,43.306569,50.165606,train,37.59033,37.59033,66.284573
2025-03-05 13:00:00+00:00,2025-03-05 08:00:00-05:00,33.630104,48.725145,train,43.306569,43.306569,52.596838
2025-03-05 14:00:00+00:00,2025-03-05 09:00:00-05:00,33.132724,49.981402,train,33.630104,33.630104,43.458995
2025-03-05 15:00:00+00:00,2025-03-05 10:00:00-05:00,40.420132,47.064746,train,33.132724,33.132724,44.230873
2025-03-05 16:00:00+00:00,2025-03-05 11:00:00-05:00,54.264785,42.640628,train,40.420132,40.420132,33.891279
2025-03-05 17:00:00+00:00,2025-03-05 12:00:00-05:00,136.017538,42.287033,train,54.264785,54.264785,36.77531
2025-03-05 18:00:00+00:00,2025-03-05 13:00:00-05:00,40.78617,42.699053,train,136.017538,136.017538,37.192352
2025-03-05 19:00:00+00:00,2025-03-05 14:00:00-05:00,38.630354,40.088444,train,40.78617,40.78617,32.485144
2025-03-05 20:00:00+00:00,2025-03-05 15:00:00-05:00,46.791331,38.597706,train,38.630354,38.630354,31.776591
2025-03-05 21:00:00+00:00,2025-03-05 16:00:00-05:00,41.413355,39.405403,train,46.791331,46.791331,38.463882
2025-03-05 22:00:00+00:00,2025-03-05 17:00:00-05:00,58.704522,49.502898,train,41.413355,41.413355,45.821785
2025-03-05 23:00:00+00:00,2025-03-05 18:00:00-05:00,87.387553,55.11303,train,58.704522,58.704522,70.089483
2025-03-06 00:00:00+00:00,2025-03-05 19:00:00-05:00,108.21918,54.715862,train,87.387553,87.387553,50.495645
2025-03-06 01:00:00+00:00,2025-03-05 20:00:00-05:00,75.843341,51.56357,train,108.21918,108.21918,50.761018
2025-03-06 02:00:00+00:00,2025-03-05 21:00:00-05:00,59.361031,45.15909,train,75.843341,75.843341,50.674214
2025-03-06 03:00:00+00:00,2025-03-05 22:00:00-05:00,57.530619,38.94896,train,59.361031,59.361031,29.071825
2025-03-06 04:00:00+00:00,2025-03-05 23:00:00-05:00,33.819463,35.245826,train,57.530619,57.530619,28.873818
2025-03-06 05:00:00+00:00,2025-03-06 00:00:00-05:00,60.073928,39.136343,train,33.819463,33.819463,27.083425
2025-03-06 06:00:00+00:00,2025-03-06 01:00:00-05:00,39.112577,38.065623,train,60.073928,60.073928,28.058782
2025-03-06 07:00:00+00:00,2025-03-06 02:00:00-05:00,40.463598,37.628419,train,39.112577,39.112577,30.548488
2025-03-06 08:00:00+00:00,2025-03-06 03:00:00-05:00,50.192654,37.226733,train,40.463598,40.463598,26.018797
2025-03-06 09:00:00+00:00,2025-03-06 04:00:00-05:00,55.371789,40.337322,train,50.192654,50.192654,30.500271
2025-03-06 10:00:00+00:00,2025-03-06 05:00:00-05:00,72.774385,42.89807,train,55.371789,55.371789,28.921602
2025-03-06 11:00:00+00:00,2025-03-06 06:00:00-05:00,69.594782,65.892518,train,72.774385,72.774385,37.59033
2025-03-06 12:00:00+00:00,2025-03-06 07:00:00-05:00,96.263778,71.111425,train,69.594782,69.594782,43.306569
2025-03-06 13:00:00+00:00,2025-03-06 08:00:00-05:00,51.074766,55.189753,train,96.263778,96.263778,33.630104
2025-03-06 14:00:00+00:00,2025-03-06 09:00:00-05:00,54.539882,47.909943,train,51.074766,51.074766,33.132724
2025-03-06 15:00:00+00:00,2025-03-06 10:00:00-05:00,70.868094,51.999601,train,54.539882,54.539882,40.420132
2025-03-06 16:00:00+00:00,2025-03-06 11:00:00-05:00,48.863918,49.227039,train,70.868094,70.868094,54.264785
2025-03-06 17:00:00+00:00,2025-03-06 12:00:00-05:00,63.168303,47.267375,train,48.863918,48.863918,136.017538
2025-03-06 18:00:00+00:00,2025-03-06 13:00:00-05:00,57.440615,45.958558,train,63.168303,63.168303,40.78617
2025-03-06 19:00:00+00:00,2025-03-06 14:00:00-05:00,49.913291,43.947499,train,57.440615,57.440615,38.630354
2025-03-06 20:00:00+00:00,2025-03-06 15:00:00-05:00,47.995862,41.736159,train,49.913291,49.913291,46.791331
2025-03-06 21:00:00+00:00,2025-03-06 16:00:00-05:00,45.18574,43.977775,train,47.995862,47.995862,41.413355
2025-03-06 22:00:00+00:00,2025-03-06 17:00:00-05:00,70.13652,54.689192,train,45.18574,45.18574,58.704522
2025-03-06 23:00:00+00:00,2025-03-06 18:00:00-05:00,78.93974,78.433542,train,70.13652,70.13652,87.387553
2025-03-07 00:00:00+00:00,2025-03-06 19:00:00-05:00,155.788352,88.812276,train,78.93974,78.93974,108.21918
2025-03-07 01:00:00+00:00,2025-03-06 20:00:00-05:00,80.531018,77.702549,train,155.788352,155.788352,75.843341
2025-03-07 02:00:00+00:00,2025-03-06 21:00:00-05:00,94.835093,65.602971,train,80.531018,80.531018,59.361031
2025-03-07 03:00:00+00:00,2025-03-06 22:00:00-05:00,119.449762,59.119962,train,94.835093,94.835093,57.530619
2025-03-07 04:00:00+00:00,2025-03-06 23:00:00-05:00,100.781979,50.555457,train,119.449762,119.449762,33.819463
2025-03-07 05:00:00+00:00,2025-03-07 00:00:00-05:00,72.688376,49.020193,train,100.781979,100.781979,60.073928
2025-03-07 06:00:00+00:00,2025-03-07 01:00:00-05:00,56.891134,47.481238,train,72.688376,72.688376,39.112577
2025-03-07 07:00:00+00:00,2025-03-07 02:00:00-05:00,46.158589,45.070667,train,56.891134,56.891134,40.463598
2025-03-07 08:00:00+00:00,2025-03-07 03:00:00-05:00,88.436624,45.48479,train,46.158589,46.158589,50.192654
2025-03-07 09:00:00+00:00,2025-03-07 04:00:00-05:00,46.189754,50.054413,train,88.436624,88.436624,55.371789
2025-03-07 10:00:00+00:00,2025-03-07 05:00:00-05:00,72.886003,63.333772,train,46.189754,46.189754,72.774385
2025-03-07 11:00:00+00:00,2025-03-07 06:00:00-05:00,127.512033,108.120468,train,72.886003,72.886003,69.594782
2025-03-07 12:00:00+00:00,2025-03-07 07:00:00-05:00,152.917097,102.951042,train,127.512033,127.512033,96.263778
2025-03-07 13:00:00+00:00,2025-03-07 08:00:00-05:00,66.39679,60.954311,train,152.917097,152.917097,51.074766
2025-03-07 14:00:00+00:00,2025-03-07 09:00:00-05:00,53.359377,52.20549,train,66.39679,66.39679,54.539882
2025-03-07 15:00:00+00:00,2025-03-07 10:00:00-05:00,50.480587,49.271438,train,53.359377,53.359377,70.868094
2025-03-07 16:00:00+00:00,2025-03-07 11:00:00-05:00,38.573091,47.277301,train,50.480587,50.480587,48.863918
2025-03-07 17:00:00+00:00,2025-03-07 12:00:00-05:00,33.562562,43.647116,train,38.573091,38.573091,63.168303
2025-03-07 18:00:00+00:00,2025-03-07 13:00:00-05:00,30.258724,41.09324,train,33.562562,33.562562,57.440615
2025-03-07 19:00:00+00:00,2025-03-07 14:00:00-05:00,34.358755,40.126191,train,30.258724,30.258724,49.913291
2025-03-07 20:00:00+00:00,2025-03-07 15:00:00-05:00,35.575369,41.040939,train,34.358755,34.358755,47.995862
2025-03-07 21:00:00+00:00,2025-03-07 16:00:00-05:00,46.398697,43.125966,train,35.575369,35.575369,45.18574
2025-03-07 22:00:00+00:00,2025-03-07 17:00:00-05:00,55.894626,60.252863,train,46.398697,46.398697,70.13652
2025-03-07 23:00:00+00:00,2025-03-07 18:00:00-05:00,40.88862,69.793632,train,55.894626,55.894626,78.93974
2025-03-08 00:00:00+00:00,2025-03-07 19:00:00-05:00,47.662325,59.422561,train,40.88862,40.88862,155.788352
2025-03-08 01:00:00+00:00,2025-03-07 20:00:00-05:00,50.048943,57.700895,train,47.662325,47.662325,80.531018
2025-03-08 02:00:00+00:00,2025-03-07 21:00:00-05:00,45.189092,54.755374,train,50.048943,50.048943,94.835093
2025-03-08 03:00:00+00:00,2025-03-07 22:00:00-05:00,32.791114,46.582942,train,45.189092,45.189092,119.449762
2025-03-08 04:00:00+00:00,2025-03-07 23:00:00-05:00,45.323313,43.002696,train,32.791114,32.791114,100.781979
2025-03-08 05:00:00+00:00,2025-03-08 00:00:00-05:00,39.942399,44.079624,train,45.323313,45.323313,72.688376
2025-03-08 06:00:00+00:00,2025-03-08 01:00:00-05:00,30.875427,39.741337,train,39.942399,39.942399,56.891134
2025-03-08 07:00:00+00:00,2025-03-08 02:00:00-05:00,42.04901,37.123633,train,30.875427,30.875427,46.158589
2025-03-08 08:00:00+00:00,2025-03-08 03:00:00-05:00,32.346214,38.041627,train,42.04901,42.04901,88.436624
2025-03-08 09:00:00+00:00,2025-03-08 04:00:00-05:00,33.879217,39.130442,train,32.346214,32.346214,46.189754
2025-03-08 10:00:00+00:00,2025-03-08 05:00:00-05:00,35.383839,41.660649,train,33.879217,33.879217,72.886003
2025-03-08 11:00:00+00:00,2025-03-08 06:00:00-05:00,41.174159,51.211732,train,35.383839,35.383839,127.512033
2025-03-08 12:00:00+00:00,2025-03-08 07:00:00-05:00,68.54023,51.358042,train,41.174159,41.174159,152.917097
2025-03-08 13:00:00+00:00,2025-03-08 08:00:00-05:00,81.738004,45.672413,train,68.54023,68.54023,66.39679
2025-03-08 14:00:00+00:00,2025-03-08 09:00:00-05:00,52.949226,41.649533,train,81.738004,81.738004,53.359377
2025-03-08 15:00:00+00:00,2025-03-08 10:00:00-05:00,44.479939,40.729948,train,52.949226,52.949226,50.480587
2025-03-08 16:00:00+00:00,2025-03-08 11:00:00-05:00,34.502653,38.614195,train,44.479939,44.479939,38.573091
2025-03-08 17:00:00+00:00,2025-03-08 12:00:00-05:00,27.488162,34.281891,train,34.502653,34.502653,33.562562
2025-03-08 18:00:00+00:00,2025-03-08 13:00:00-05:00,24.296723,32.372041,train,27.488162,27.488162,30.258724
2025-03-08 19:00:00+00:00,2025-03-08 14:00:00-05:00,22.761665,30.489396,train,24.296723,24.296723,34.358755
2025-03-08 20:00:00+00:00,2025-03-08 15:00:00-05:00,22.152675,30.585731,train,22.761665,22.761665,35.575369
2025-03-08 21:00:00+00:00,2025-03-08 16:00:00-05:00,25.110615,32.541988,train,22.152675,22.152675,46.398697
2025-03-08 22:00:00+00:00,2025-03-08 17:00:00-05:00,52.743646,40.342745,train,25.110615,25.110615,55.894626
2025-03-08 23:00:00+00:00,2025-03-08 18:00:00-05:00,80.200734,67.27244,train,52.743646,52.743646,40.88862
2025-03-09 00:00:00+00:00,2025-03-08 19:00:00-05:00,68.207391,62.356421,train,80.200734,80.200734,47.662325
2025-03-09 01:00:00+00:00,2025-03-08 20:00:00-05:00,41.521538,53.07952,train,68.207391,68.207391,50.048943
2025-03-09 02:00:00+00:00,2025-03-08 21:00:00-05:00,49.196268,52.69755,train,41.521538,41.521538,45.189092
2025-03-09 03:00:00+00:00,2025-03-08 22:00:00-05:00,34.960163,47.520767,train,49.196268,49.196268,32.791114
2025-03-09 04:00:00+00:00,2025-03-08 23:00:00-05:00,41.193819,44.440224,train,34.960163,34.960163,45.323313
2025-03-09 05:00:00+00:00,2025-03-09 00:00:00-05:00,39.278484,41.430169,train,41.193819,41.193819,39.942399
2025-03-09 06:00:00+00:00,2025-03-09 01:00:00-05:00,43.389644,40.36285,train,39.278484,39.278484,30.875427
2025-03-09 07:00:00+00:00,2025-03-09 03:00:00-04:00,33.126421,42.130306,train,43.389644,43.389644,42.04901
2025-03-09 08:00:00+00:00,2025-03-09 04:00:00-04:00,32.891445,45.155915,train,33.126421,33.126421,32.346214
2025-03-09 09:00:00+00:00,2025-03-09 05:00:00-04:00,42.730728,49.175136,train,32.891445,32.891445,33.879217
2025-03-09 10:00:00+00:00,2025-03-09 06:00:00-04:00,54.04218,64.034328,train,42.730728,42.730728,35.383839
2025-03-09 11:00:00+00:00,2025-03-09 07:00:00-04:00,220.842422,78.375301,train,54.04218,54.04218,41.174159
2025-03-09 12:00:00+00:00,2025-03-09 08:00:00-04:00,96.729391,57.841603,train,220.842422,220.842422,68.54023
2025-03-09 13:00:00+00:00,2025-03-09 09:00:00-04:00,27.443139,42.831541,train,96.729391,96.729391,81.738004
2025-03-09 14:00:00+00:00,2025-03-09 10:00:00-04:00,22.229813,38.77668,train,27.443139,27.443139,52.949226
2025-03-09 15:00:00+00:00,2025-03-09 11:00:00-04:00,20.940563,34.023281,train,22.229813,22.229813,44.479939
2025-03-09 16:00:00+00:00,2025-03-09 12:00:00-04:00,20.942834,30.541926,train,20.940563,20.940563,34.502653
2025-03-09 17:00:00+00:00,2025-03-09 13:00:00-04:00,18.375185,28.627594,train,20.942834,20.942834,27.488162
2025-03-09 18:00:00+00:00,2025-03-09 14:00:00-04:00,14.006194,27.565924,train,18.375185,18.375185,24.296723
2025-03-09 19:00:00+00:00,2025-03-09 15:00:00-04:00,15.18748,26.726759,train,14.006194,14.006194,22.761665
2025-03-09 20:00:00+00:00,2025-03-09 16:00:00-04:00,20.267222,25.840639,train,15.18748,15.18748,22.152675
2025-03-09 21:00:00+00:00,2025-03-09 17:00:00-04:00,24.600542,28.076742,train,20.267222,20.267222,25.110615
2025-03-09 22:00:00+00:00,2025-03-09 18:00:00-04:00,28.756771,38.202287,train,24.600542,24.600542,52.743646
2025-03-09 23:00:00+00:00,2025-03-09 19:00:00-04:00,82.67988,66.673315,train,28.756771,28.756771,80.200734
2025-03-10 00:00:00+00:00,2025-03-09 20:00:00-04:00,53.087347,60.784692,train,82.67988,82.67988,68.207391
2025-03-10 01:00:00+00:00,2025-03-09 21:00:00-04:00,36.996801,45.114769,train,53.087347,53.087347,41.521538
2025-03-10 02:00:00+00:00,2025-03-09 22:00:00-04:00,28.780488,39.869512,train,36.996801,36.996801,49.196268
2025-03-10 03:00:00+00:00,2025-03-09 23:00:00-04:00,29.245928,36.302338,train,28.780488,28.780488,34.960163
2025-03-10 04:00:00+00:00,2025-03-10 00:00:00-04:00,28.268501,36.024452,train,29.245928,29.245928,41.193819
2025-03-10 05:00:00+00:00,2025-03-10 01:00:00-04:00,27.184065,34.220189,train,28.268501,28.268501,39.278484
2025-03-10 06:00:00+00:00,2025-03-10 02:00:00-04:00,30.272151,36.004238,train,27.184065,27.184065,43.389644
2025-03-10 07:00:00+00:00,2025-03-10 03:00:00-04:00,33.103606,37.3147,train,30.272151,30.272151,33.126421
2025-03-10 08:00:00+00:00,2025-03-10 04:00:00-04:00,54.576104,40.237183,train,33.103606,33.103606,32.891445
2025-03-10 09:00:00+00:00,2025-03-10 05:00:00-04:00,33.461394,47.25345,train,54.576104,54.576104,42.730728
2025-03-10 10:00:00+00:00,2025-03-10 06:00:00-04:00,42.717846,96.6339,train,33.461394,33.461394,54.04218
2025-03-10 11:00:00+00:00,2025-03-10 07:00:00-04:00,80.704701,149.349653,train,42.717846,42.717846,220.842422
2025-03-10 12:00:00+00:00,2025-03-10 08:00:00-04:00,54.812993,93.720206,train,80.704701,80.704701,96.729391
2025-03-10 13:00:00+00:00,2025-03-10 09:00:00-04:00,29.101112,51.120551,train,54.812993,54.812993,27.443139
2025-03-10 14:00:00+00:00,2025-03-10 10:00:00-04:00,29.153329,44.446868,train,29.101112,29.101112,22.229813
2025-03-10 15:00:00+00:00,2025-03-10 11:00:00-04:00,29.341191,40.344585,train,29.153329,29.153329,20.940563
2025-03-10 16:00:00+00:00,2025-03-10 12:00:00-04:00,34.762984,38.447374,train,29.341191,29.341191,20.942834
2025-03-10 17:00:00+00:00,2025-03-10 13:00:00-04:00,28.948323,33.730233,train,34.762984,34.762984,18.375185
2025-03-10 18:00:00+00:00,2025-03-10 14:00:00-04:00,24.729039,32.133312,train,28.948323,28.948323,14.006194
2025-03-10 19:00:00+00:00,2025-03-10 15:00:00-04:00,25.622766,29.708915,train,24.729039,24.729039,15.18748
2025-03-10 20:00:00+00:00,2025-03-10 16:00:00-04:00,28.271243,28.992914,train,25.622766,25.622766,20.267222
2025-03-10 21:00:00+00:00,2025-03-10 17:00:00-04:00,28.35477,32.785829,train,28.271243,28.271243,24.600542
2025-03-10 22:00:00+00:00,2025-03-10 18:00:00-04:00,67.154216,46.100177,train,28.35477,28.35477,28.756771
2025-03-10 23:00:00+00:00,2025-03-10 19:00:00-04:00,98.265827,67.326738,train,67.154216,67.154216,82.67988
2025-03-11 00:00:00+00:00,2025-03-10 20:00:00-04:00,55.805735,58.555292,train,98.265827,98.265827,53.087347
2025-03-11 01:00:00+00:00,2025-03-10 21:00:00-04:00,47.957302,45.339128,train,55.805735,55.805735,36.996801
2025-03-11 02:00:00+00:00,2025-03-10 22:00:00-04:00,38.379034,37.090153,train,47.957302,47.957302,28.780488
2025-03-11 03:00:00+00:00,2025-03-10 23:00:00-04:00,33.104402,31.303637,train,38.379034,38.379034,29.245928
2025-03-11 04:00:00+00:00,2025-03-11 00:00:00-04:00,31.554476,28.600577,train,33.104402,33.104402,28.268501
2025-03-11 05:00:00+00:00,2025-03-11 01:00:00-04:00,32.961611,29.466983,train,31.554476,31.554476,27.184065
2025-03-11 06:00:00+00:00,2025-03-11 02:00:00-04:00,33.024042,28.702284,train,32.961611,32.961611,30.272151
2025-03-11 07:00:00+00:00,2025-03-11 03:00:00-04:00,36.960106,29.190183,train,33.024042,33.024042,33.103606
2025-03-11 08:00:00+00:00,2025-03-11 04:00:00-04:00,33.103727,29.532468,train,36.960106,36.960106,54.576104
2025-03-11 09:00:00+00:00,2025-03-11 05:00:00-04:00,87.637735,34.085119,train,33.103727,33.103727,33.461394
2025-03-11 10:00:00+00:00,2025-03-11 06:00:00-04:00,68.195021,70.952083,train,87.637735,87.637735,42.717846
2025-03-11 11:00:00+00:00,2025-03-11 07:00:00-04:00,179.676487,95.580978,train,68.195021,68.195021,80.704701
2025-03-11 12:00:00+00:00,2025-03-11 08:00:00-04:00,66.022105,52.537756,train,179.676487,179.676487,54.812993
2025-03-11 13:00:00+00:00,2025-03-11 09:00:00-04:00,20.244098,34.829092,train,66.022105,66.022105,29.101112
2025-03-11 14:00:00+00:00,2025-03-11 10:00:00-04:00,24.23062,32.887268,train,20.244098,20.244098,29.153329
2025-03-11 15:00:00+00:00,2025-03-11 11:00:00-04:00,29.07484,31.782779,train,24.23062,24.23062,29.341191
2025-03-11 16:00:00+00:00,2025-03-11 12:00:00-04:00,37.623026,31.20449,train,29.07484,29.07484,34.762984
2025-03-11 17:00:00+00:00,2025-03-11 13:00:00-04:00,37.141582,30.865881,train,37.623026,37.623026,28.948323
2025-03-11 18:00:00+00:00,2025-03-11 14:00:00-04:00,65.737633,29.492244,train,37.141582,37.141582,24.729039
2025-03-11 19:00:00+00:00,2025-03-11 15:00:00-04:00,39.068445,28.247779,train,65.737633,65.737633,25.622766
2025-03-11 20:00:00+00:00,2025-03-11 16:00:00-04:00,29.654099,28.278471,train,39.068445,39.068445,28.271243
2025-03-11 21:00:00+00:00,2025-03-11 17:00:00-04:00,28.61004,31.262871,train,29.654099,29.654099,28.35477
2025-03-11 22:00:00+00:00,2025-03-11 18:00:00-04:00,48.563327,45.9293,train,28.61004,28.61004,67.154216
2025-03-11 23:00:00+00:00,2025-03-11 19:00:00-04:00,105.056791,67.307286,train,48.563327,48.563327,98.265827
2025-03-12 00:00:00+00:00,2025-03-11 20:00:00-04:00,42.000112,55.736155,train,105.056791,105.056791,55.805735
2025-03-12 01:00:00+00:00,2025-03-11 21:00:00-04:00,38.956045,40.622368,train,42.000112,42.000112,47.957302
2025-03-12 02:00:00+00:00,2025-03-11 22:00:00-04:00,34.830048,34.268338,train,38.956045,38.956045,38.379034
2025-03-12 03:00:00+00:00,2025-03-11 23:00:00-04:00,28.761798,31.355466,train,34.830048,34.830048,33.104402
2025-03-12 04:00:00+00:00,2025-03-12 00:00:00-04:00,29.476963,33.130252,train,28.761798,28.761798,31.554476
2025-03-12 05:00:00+00:00,2025-03-12 01:00:00-04:00,36.0276,34.358193,train,29.476963,29.476963,32.961611
2025-03-12 06:00:00+00:00,2025-03-12 02:00:00-04:00,31.840014,33.786003,train,36.0276,36.0276,33.024042
2025-03-12 07:00:00+00:00,2025-03-12 03:00:00-04:00,30.099927,35.093046,train,31.840014,31.840014,36.960106
2025-03-12 08:00:00+00:00,2025-03-12 04:00:00-04:00,27.501974,38.311018,train,30.099927,30.099927,33.103727
2025-03-12 09:00:00+00:00,2025-03-12 05:00:00-04:00,28.347462,44.924448,train,27.501974,27.501974,87.637735
2025-03-12 10:00:00+00:00,2025-03-12 06:00:00-04:00,38.191014,70.929056,train,28.347462,28.347462,68.195021
2025-03-12 11:00:00+00:00,2025-03-12 07:00:00-04:00,61.406679,109.910147,train,38.191014,38.191014,179.676487
2025-03-12 12:00:00+00:00,2025-03-12 08:00:00-04:00,48.063195,68.774646,train,61.406679,61.406679,66.022105
2025-03-12 13:00:00+00:00,2025-03-12 09:00:00-04:00,37.217986,43.076699,train,48.063195,48.063195,20.244098
2025-03-12 14:00:00+00:00,2025-03-12 10:00:00-04:00,46.83204,39.512227,train,37.217986,37.217986,24.23062
2025-03-12 15:00:00+00:00,2025-03-12 11:00:00-04:00,43.182876,41.268099,train,46.83204,46.83204,29.07484
2025-03-12 16:00:00+00:00,2025-03-12 12:00:00-04:00,39.42156,38.927175,train,43.182876,43.182876,37.623026
2025-03-12 17:00:00+00:00,2025-03-12 13:00:00-04:00,37.583666,39.194698,train,39.42156,39.42156,37.141582
2025-03-12 18:00:00+00:00,2025-03-12 14:00:00-04:00,37.186394,34.9007,train,37.583666,37.583666,65.737633
2025-03-12 19:00:00+00:00,2025-03-12 15:00:00-04:00,33.337608,34.112831,train,37.186394,37.186394,39.068445
2025-03-12 20:00:00+00:00,2025-03-12 16:00:00-04:00,29.153007,36.858374,train,33.337608,33.337608,29.654099
2025-03-12 21:00:00+00:00,2025-03-12 17:00:00-04:00,31.138199,44.788148,train,29.153007,29.153007,28.61004
2025-03-12 22:00:00+00:00,2025-03-12 18:00:00-04:00,78.698371,66.389321,train,31.138199,31.138199,48.563327
2025-03-12 23:00:00+00:00,2025-03-12 19:00:00-04:00,170.053303,91.872822,train,78.698371,78.698371,105.056791
2025-03-13 00:00:00+00:00,2025-03-12 20:00:00-04:00,74.668332,74.732546,train,170.053303,170.053303,42.000112
2025-03-13 01:00:00+00:00,2025-03-12 21:00:00-04:00,42.594239,59.655543,train,74.668332,74.668332,38.956045
2025-03-13 02:00:00+00:00,2025-03-12 22:00:00-04:00,44.303763,50.814989,train,42.594239,42.594239,34.830048
2025-03-13 03:00:00+00:00,2025-03-12 23:00:00-04:00,56.851216,41.835651,train,44.303763,44.303763,28.761798
2025-03-13 04:00:00+00:00,2025-03-13 00:00:00-04:00,38.461796,37.705052,train,56.851216,56.851216,29.476963
2025-03-13 05:00:00+00:00,2025-03-13 01:00:00-04:00,49.882751,36.68967,train,38.461796,38.461796,36.0276
2025-03-13 06:00:00+00:00,2025-03-13 02:00:00-04:00,37.940127,35.677968,train,49.882751,49.882751,31.840014
2025-03-13 07:00:00+00:00,2025-03-13 03:00:00-04:00,43.056665,35.689941,train,37.940127,37.940127,30.099927
2025-03-13 08:00:00+00:00,2025-03-13 04:00:00-04:00,42.705841,37.109465,train,43.056665,43.056665,27.501974
2025-03-13 09:00:00+00:00,2025-03-13 05:00:00-04:00,54.121586,41.507164,train,42.705841,42.705841,28.347462
2025-03-13 10:00:00+00:00,2025-03-13 06:00:00-04:00,68.308743,61.122165,train,54.121586,54.121586,38.191014
2025-03-13 11:00:00+00:00,2025-03-13 07:00:00-04:00,212.917934,97.817875,train,68.308743,68.308743,61.406679
2025-03-13 12:00:00+00:00,2025-03-13 08:00:00-04:00,154.678459,72.184809,train,212.917934,212.917934,48.063195
2025-03-13 13:00:00+00:00,2025-03-13 09:00:00-04:00,86.638592,55.081257,train,154.678459,154.678459,37.217986
2025-03-13 14:00:00+00:00,2025-03-13 10:00:00-04:00,88.429575,47.487137,train,86.638592,86.638592,46.83204
2025-03-13 15:00:00+00:00,2025-03-13 11:00:00-04:00,118.180707,46.223306,train,88.429575,88.429575,43.182876
2025-03-13 16:00:00+00:00,2025-03-13 12:00:00-04:00,47.156093,41.767691,train,118.180707,118.180707,39.42156
2025-03-13 17:00:00+00:00,2025-03-13 13:00:00-04:00,60.565371,38.051997,train,47.156093,47.156093,37.583666
2025-03-13 18:00:00+00:00,2025-03-13 14:00:00-04:00,46.32527,37.436494,train,60.565371,60.565371,37.186394
2025-03-13 19:00:00+00:00,2025-03-13 15:00:00-04:00,28.091568,34.50176,train,46.32527,46.32527,33.337608
2025-03-13 20:00:00+00:00,2025-03-13 16:00:00-04:00,26.782099,36.394818,train,28.091568,28.091568,29.153007
2025-03-13 21:00:00+00:00,2025-03-13 17:00:00-04:00,30.258734,37.794995,train,26.782099,26.782099,31.138199
2025-03-13 22:00:00+00:00,2025-03-13 18:00:00-04:00,78.934445,51.050224,train,30.258734,30.258734,78.698371
2025-03-13 23:00:00+00:00,2025-03-13 19:00:00-04:00,51.406774,75.23994,train,78.934445,78.934445,170.053303
2025-03-14 00:00:00+00:00,2025-03-13 20:00:00-04:00,39.132202,65.166879,train,51.406774,51.406774,74.668332
2025-03-14 01:00:00+00:00,2025-03-13 21:00:00-04:00,53.026244,46.67528,train,39.132202,39.132202,42.594239
2025-03-14 02:00:00+00:00,2025-03-13 22:00:00-04:00,36.001972,37.537544,train,53.026244,53.026244,44.303763
2025-03-14 03:00:00+00:00,2025-03-13 23:00:00-04:00,33.517801,34.73621,train,36.001972,36.001972,56.851216
2025-03-14 04:00:00+00:00,2025-03-14 00:00:00-04:00,31.787548,33.033864,train,33.517801,33.517801,38.461796
2025-03-14 05:00:00+00:00,2025-03-14 01:00:00-04:00,35.011943,33.275146,train,31.787548,31.787548,49.882751
2025-03-14 06:00:00+00:00,2025-03-14 02:00:00-04:00,34.02756,32.32362,train,35.011943,35.011943,37.940127
2025-03-14 07:00:00+00:00,2025-03-14 03:00:00-04:00,39.079454,32.726525,train,34.02756,34.02756,43.056665
2025-03-14 08:00:00+00:00,2025-03-14 04:00:00-04:00,38.32096,34.429206,train,39.079454,39.079454,42.705841
2025-03-14 09:00:00+00:00,2025-03-14 05:00:00-04:00,37.173176,40.013379,train,38.32096,38.32096,54.121586
2025-03-14 10:00:00+00:00,2025-03-14 06:00:00-04:00,31.579093,62.318196,train,37.173176,37.173176,68.308743
2025-03-14 11:00:00+00:00,2025-03-14 07:00:00-04:00,42.601628,97.158353,train,31.579093,31.579093,212.917934
2025-03-14 12:00:00+00:00,2025-03-14 08:00:00-04:00,34.124745,73.099223,train,42.601628,42.601628,154.678459
2025-03-14 13:00:00+00:00,2025-03-14 09:00:00-04:00,31.941344,52.347109,train,34.124745,34.124745,86.638592
2025-03-14 14:00:00+00:00,2025-03-14 10:00:00-04:00,37.527172,47.948571,train,31.941344,31.941344,88.429575
2025-03-14 15:00:00+00:00,2025-03-14 11:00:00-04:00,175.691029,41.837709,train,37.527172,37.527172,118.180707
2025-03-14 16:00:00+00:00,2025-03-14 12:00:00-04:00,53.974456,37.293996,train,175.691029,175.691029,47.156093
2025-03-14 17:00:00+00:00,2025-03-14 13:00:00-04:00,33.869823,37.181558,train,53.974456,53.974456,60.565371
2025-03-14 18:00:00+00:00,2025-03-14 14:00:00-04:00,35.521567,36.667298,train,33.869823,33.869823,46.32527
2025-03-14 19:00:00+00:00,2025-03-14 15:00:00-04:00,35.468773,35.022177,train,35.521567,35.521567,28.091568
2025-03-14 20:00:00+00:00,2025-03-14 16:00:00-04:00,32.786112,35.477276,train,35.468773,35.468773,26.782099
2025-03-14 21:00:00+00:00,2025-03-14 17:00:00-04:00,29.570382,36.691768,train,32.786112,32.786112,30.258734
2025-03-14 22:00:00+00:00,2025-03-14 18:00:00-04:00,36.840846,50.867101,train,29.570382,29.570382,78.934445
2025-03-14 23:00:00+00:00,2025-03-14 19:00:00-04:00,34.508501,70.957598,train,36.840846,36.840846,51.406774
2025-03-15 00:00:00+00:00,2025-03-14 20:00:00-04:00,32.80057,54.459186,train,34.508501,34.508501,39.132202
2025-03-15 01:00:00+00:00,2025-03-14 21:00:00-04:00,43.543724,44.254042,train,32.80057,32.80057,53.026244
2025-03-15 02:00:00+00:00,2025-03-14 22:00:00-04:00,31.916178,35.984523,train,43.543724,43.543724,36.001972
2025-03-15 03:00:00+00:00,2025-03-14 23:00:00-04:00,32.694096,32.745552,train,31.916178,31.916178,33.517801
2025-03-15 04:00:00+00:00,2025-03-15 00:00:00-04:00,35.437102,29.871644,train,32.694096,32.694096,31.787548
2025-03-15 05:00:00+00:00,2025-03-15 01:00:00-04:00,60.208985,30.630475,train,35.437102,35.437102,35.011943
2025-03-15 06:00:00+00:00,2025-03-15 02:00:00-04:00,26.679141,28.005605,train,60.208985,60.208985,34.02756
2025-03-15 07:00:00+00:00,2025-03-15 03:00:00-04:00,23.450936,28.168228,train,26.679141,26.679141,39.079454
2025-03-15 08:00:00+00:00,2025-03-15 04:00:00-04:00,27.344948,27.891835,train,23.450936,23.450936,38.32096
2025-03-15 09:00:00+00:00,2025-03-15 05:00:00-04:00,27.701157,28.096031,train,27.344948,27.344948,37.173176
2025-03-15 10:00:00+00:00,2025-03-15 06:00:00-04:00,25.956376,32.510565,train,27.701157,27.701157,31.579093
2025-03-15 11:00:00+00:00,2025-03-15 07:00:00-04:00,25.577178,40.863766,train,25.956376,25.956376,42.601628
2025-03-15 12:00:00+00:00,2025-03-15 08:00:00-04:00,31.828852,46.032213,train,25.577178,25.577178,34.124745
2025-03-15 13:00:00+00:00,2025-03-15 09:00:00-04:00,36.181369,44.01207,train,31.828852,31.828852,31.941344
2025-03-15 14:00:00+00:00,2025-03-15 10:00:00-04:00,185.379868,42.723087,train,36.181369,36.181369,37.527172
2025-03-15 15:00:00+00:00,2025-03-15 11:00:00-04:00,41.895845,40.93529,train,185.379868,185.379868,175.691029
2025-03-15 16:00:00+00:00,2025-03-15 12:00:00-04:00,41.579847,34.437136,train,41.895845,41.895845,53.974456
2025-03-15 17:00:00+00:00,2025-03-15 13:00:00-04:00,35.204653,29.796739,train,41.579847,41.579847,33.869823
2025-03-15 18:00:00+00:00,2025-03-15 14:00:00-04:00,115.689627,27.365289,train,35.204653,35.204653,35.521567
2025-03-15 19:00:00+00:00,2025-03-15 15:00:00-04:00,36.686763,27.353117,train,115.689627,115.689627,35.468773
2025-03-15 20:00:00+00:00,2025-03-15 16:00:00-04:00,43.13179,27.648007,train,36.686763,36.686763,32.786112
2025-03-15 21:00:00+00:00,2025-03-15 17:00:00-04:00,32.133033,28.875088,train,43.13179,43.13179,29.570382
2025-03-15 22:00:00+00:00,2025-03-15 18:00:00-04:00,27.349691,35.012307,train,32.133033,32.133033,36.840846
2025-03-15 23:00:00+00:00,2025-03-15 19:00:00-04:00,26.329722,44.987854,train,27.349691,27.349691,34.508501
2025-03-16 00:00:00+00:00,2025-03-15 20:00:00-04:00,25.98156,42.102343,train,26.329722,26.329722,32.80057
2025-03-16 01:00:00+00:00,2025-03-15 21:00:00-04:00,26.460288,37.940831,train,25.98156,25.98156,43.543724
2025-03-16 02:00:00+00:00,2025-03-15 22:00:00-04:00,33.475849,33.789562,train,26.460288,26.460288,31.916178
2025-03-16 03:00:00+00:00,2025-03-15 23:00:00-04:00,32.854894,29.048362,train,33.475849,33.475849,32.694096
2025-03-16 04:00:00+00:00,2025-03-16 00:00:00-04:00,30.442429,27.128461,train,32.854894,32.854894,35.437102
2025-03-16 05:00:00+00:00,2025-03-16 01:00:00-04:00,25.614475,27.588005,train,30.442429,30.442429,60.208985
2025-03-16 06:00:00+00:00,2025-03-16 02:00:00-04:00,25.645687,26.032471,train,25.614475,25.614475,26.679141
2025-03-16 07:00:00+00:00,2025-03-16 03:00:00-04:00,25.685449,24.332092,train,25.645687,25.645687,23.450936
2025-03-16 08:00:00+00:00,2025-03-16 04:00:00-04:00,27.079085,24.117325,train,25.685449,25.685449,27.344948
2025-03-16 09:00:00+00:00,2025-03-16 05:00:00-04:00,31.30934,25.649472,train,27.079085,27.079085,27.701157
2025-03-16 10:00:00+00:00,2025-03-16 06:00:00-04:00,32.758047,26.19816,train,31.30934,31.30934,25.956376
2025-03-16 11:00:00+00:00,2025-03-16 07:00:00-04:00,43.472807,27.332538,train,32.758047,32.758047,25.577178
2025-03-16 12:00:00+00:00,2025-03-16 08:00:00-04:00,73.999253,32.649692,train,43.472807,43.472807,31.828852
2025-03-16 13:00:00+00:00,2025-03-16 09:00:00-04:00,80.171021,36.610452,train,73.999253,73.999253,36.181369
2025-03-16 14:00:00+00:00,2025-03-16 10:00:00-04:00,50.8958,38.705556,train,80.171021,80.171021,185.379868
2025-03-16 15:00:00+00:00,2025-03-16 11:00:00-04:00,40.83934,38.631369,train,50.8958,50.8958,41.895845
2025-03-16 16:00:00+00:00,2025-03-16 12:00:00-04:00,41.092837,37.107188,train,40.83934,40.83934,41.579847
2025-03-16 17:00:00+00:00,2025-03-16 13:00:00-04:00,24.688095,37.680418,train,41.092837,41.092837,35.204653
2025-03-16 18:00:00+00:00,2025-03-16 14:00:00-04:00,24.141995,36.856059,train,24.688095,24.688095,115.689627
2025-03-16 19:00:00+00:00,2025-03-16 15:00:00-04:00,27.504604,35.851445,train,24.141995,24.141995,36.686763
2025-03-16 20:00:00+00:00,2025-03-16 16:00:00-04:00,34.684483,36.172994,train,27.504604,27.504604,43.13179
2025-03-16 21:00:00+00:00,2025-03-16 17:00:00-04:00,32.311068,40.024647,train,34.684483,34.684483,32.133033
2025-03-16 22:00:00+00:00,2025-03-16 18:00:00-04:00,37.545197,47.448739,train,32.311068,32.311068,27.349691
2025-03-16 23:00:00+00:00,2025-03-16 19:00:00-04:00,86.241385,69.770542,train,37.545197,37.545197,26.329722
2025-03-17 00:00:00+00:00,2025-03-16 20:00:00-04:00,49.010864,69.550221,train,86.241385,86.241385,25.98156
2025-03-17 01:00:00+00:00,2025-03-16 21:00:00-04:00,40.623509,57.593338,train,49.010864,49.010864,26.460288
2025-03-17 02:00:00+00:00,2025-03-16 22:00:00-04:00,42.383282,51.102337,train,40.623509,40.623509,33.475849
2025-03-17 03:00:00+00:00,2025-03-16 23:00:00-04:00,36.140305,39.317641,train,42.383282,42.383282,32.854894
2025-03-17 04:00:00+00:00,2025-03-17 00:00:00-04:00,31.811214,39.033157,train,36.140305,36.140305,30.442429
2025-03-17 05:00:00+00:00,2025-03-17 01:00:00-04:00,62.416992,37.864011,train,31.811214,31.811214,25.614475
2025-03-17 06:00:00+00:00,2025-03-17 02:00:00-04:00,35.419653,36.222591,train,62.416992,62.416992,25.645687
2025-03-17 07:00:00+00:00,2025-03-17 03:00:00-04:00,121.590196,37.139996,train,35.419653,35.419653,25.685449
2025-03-17 08:00:00+00:00,2025-03-17 04:00:00-04:00,30.754302,37.332523,train,121.590196,121.590196,27.079085
2025-03-17 09:00:00+00:00,2025-03-17 05:00:00-04:00,50.388915,45.843014,train,30.754302,30.754302,31.30934
2025-03-17 10:00:00+00:00,2025-03-17 06:00:00-04:00,41.86644,62.988768,train,50.388915,50.388915,32.758047
2025-03-17 11:00:00+00:00,2025-03-17 07:00:00-04:00,62.695778,91.410127,train,41.86644,41.86644,43.472807
2025-03-17 12:00:00+00:00,2025-03-17 08:00:00-04:00,49.300357,73.552458,train,62.695778,62.695778,73.999253
2025-03-17 13:00:00+00:00,2025-03-17 09:00:00-04:00,34.383295,51.745489,train,49.300357,49.300357,80.171021
2025-03-17 14:00:00+00:00,2025-03-17 10:00:00-04:00,44.135387,53.725745,train,34.383295,34.383295,50.8958
2025-03-17 15:00:00+00:00,2025-03-17 11:00:00-04:00,44.806958,49.707834,train,44.135387,44.135387,40.83934
2025-03-17 16:00:00+00:00,2025-03-17 12:00:00-04:00,28.620124,42.910199,train,44.806958,44.806958,41.092837
2025-03-17 17:00:00+00:00,2025-03-17 13:00:00-04:00,34.450856,40.177569,train,28.620124,28.620124,24.688095
2025-03-17 18:00:00+00:00,2025-03-17 14:00:00-04:00,31.210248,38.194884,train,34.450856,34.450856,24.141995
2025-03-17 19:00:00+00:00,2025-03-17 15:00:00-04:00,27.600155,34.82458,train,31.210248,31.210248,27.504604
2025-03-17 20:00:00+00:00,2025-03-17 16:00:00-04:00,25.143317,35.147447,train,27.600155,27.600155,34.684483
2025-03-17 21:00:00+00:00,2025-03-17 17:00:00-04:00,25.748022,37.464914,train,25.143317,25.143317,32.311068
2025-03-17 22:00:00+00:00,2025-03-17 18:00:00-04:00,39.440232,52.485611,train,25.748022,25.748022,37.545197
2025-03-17 23:00:00+00:00,2025-03-17 19:00:00-04:00,139.757939,85.975627,train,39.440232,39.440232,86.241385
2025-03-18 00:00:00+00:00,2025-03-17 20:00:00-04:00,96.318551,64.845268,train,139.757939,139.757939,49.010864
2025-03-18 01:00:00+00:00,2025-03-17 21:00:00-04:00,50.056116,51.014416,train,96.318551,96.318551,40.623509
2025-03-18 02:00:00+00:00,2025-03-17 22:00:00-04:00,83.428116,43.912638,train,50.056116,50.056116,42.383282
2025-03-18 03:00:00+00:00,2025-03-17 23:00:00-04:00,44.012708,37.314185,train,83.428116,83.428116,36.140305
2025-03-18 04:00:00+00:00,2025-03-18 00:00:00-04:00,33.502284,42.405614,train,44.012708,44.012708,31.811214
2025-03-18 05:00:00+00:00,2025-03-18 01:00:00-04:00,73.239333,40.292999,train,33.502284,33.502284,62.416992
2025-03-18 06:00:00+00:00,2025-03-18 02:00:00-04:00,40.85726,39.258634,train,73.239333,73.239333,35.419653
2025-03-18 07:00:00+00:00,2025-03-18 03:00:00-04:00,40.951971,40.626478,train,40.85726,40.85726,121.590196
2025-03-18 08:00:00+00:00,2025-03-18 04:00:00-04:00,65.00617,41.981501,train,40.951971,40.951971,30.754302
2025-03-18 09:00:00+00:00,2025-03-18 05:00:00-04:00,71.809566,52.563024,train,65.00617,65.00617,50.388915
2025-03-18 10:00:00+00:00,2025-03-18 06:00:00-04:00,167.928672,125.000296,train,71.809566,71.809566,41.86644
2025-03-18 11:00:00+00:00,2025-03-18 07:00:00-04:00,211.114038,171.312888,train,167.928672,167.928672,62.695778
2025-03-18 12:00:00+00:00,2025-03-18 08:00:00-04:00,49.884626,59.787208,train,211.114038,211.114038,49.300357
2025-03-18 13:00:00+00:00,2025-03-18 09:00:00-04:00,61.93678,41.711195,train,49.884626,49.884626,34.383295
2025-03-18 14:00:00+00:00,2025-03-18 10:00:00-04:00,24.264241,41.779627,train,61.93678,61.93678,44.135387
2025-03-18 15:00:00+00:00,2025-03-18 11:00:00-04:00,29.547227,39.559946,train,24.264241,24.264241,44.806958
2025-03-18 16:00:00+00:00,2025-03-18 12:00:00-04:00,35.663917,37.114564,train,29.547227,29.547227,28.620124
2025-03-18 17:00:00+00:00,2025-03-18 13:00:00-04:00,30.488827,33.618104,train,35.663917,35.663917,34.450856
2025-03-18 18:00:00+00:00,2025-03-18 14:00:00-04:00,27.263228,31.678105,train,30.488827,30.488827,31.210248
2025-03-18 19:00:00+00:00,2025-03-18 15:00:00-04:00,24.224217,29.826202,train,27.263228,27.263228,27.600155
2025-03-18 20:00:00+00:00,2025-03-18 16:00:00-04:00,28.799312,28.915962,train,24.224217,24.224217,25.143317
2025-03-18 21:00:00+00:00,2025-03-18 17:00:00-04:00,30.745391,30.622963,train,28.799312,28.799312,25.748022
2025-03-18 22:00:00+00:00,2025-03-18 18:00:00-04:00,48.065186,54.124084,train,30.745391,30.745391,39.440232
2025-03-18 23:00:00+00:00,2025-03-18 19:00:00-04:00,83.927341,73.937103,train,48.065186,48.065186,139.757939
2025-03-19 00:00:00+00:00,2025-03-18 20:00:00-04:00,37.778278,60.915023,train,83.927341,83.927341,96.318551
2025-03-19 01:00:00+00:00,2025-03-18 21:00:00-04:00,34.642242,45.241444,train,37.778278,37.778278,50.056116
2025-03-19 02:00:00+00:00,2025-03-18 22:00:00-04:00,42.158857,40.377662,train,34.642242,34.642242,83.428116
2025-03-19 03:00:00+00:00,2025-03-18 23:00:00-04:00,45.708778,33.15351,train,42.158857,42.158857,44.012708
2025-03-19 04:00:00+00:00,2025-03-19 00:00:00-04:00,31.910474,32.070801,train,45.708778,45.708778,33.502284
2025-03-19 05:00:00+00:00,2025-03-19 01:00:00-04:00,31.800218,31.994273,train,31.910474,31.910474,73.239333
2025-03-19 06:00:00+00:00,2025-03-19 02:00:00-04:00,29.554934,32.218381,train,31.800218,31.800218,40.85726
2025-03-19 07:00:00+00:00,2025-03-19 03:00:00-04:00,29.942859,32.770871,train,29.554934,29.554934,40.951971
2025-03-19 08:00:00+00:00,2025-03-19 04:00:00-04:00,32.695891,32.966445,train,29.942859,29.942859,65.00617
2025-03-19 09:00:00+00:00,2025-03-19 05:00:00-04:00,50.329467,38.545907,train,32.695891,32.695891,71.809566
2025-03-19 10:00:00+00:00,2025-03-19 06:00:00-04:00,118.88844,72.811025,train,50.329467,50.329467,167.928672
2025-03-19 11:00:00+00:00,2025-03-19 07:00:00-04:00,146.840874,98.379618,train,118.88844,118.88844,211.114038
2025-03-19 12:00:00+00:00,2025-03-19 08:00:00-04:00,44.578832,51.095402,train,146.840874,146.840874,49.884626
2025-03-19 13:00:00+00:00,2025-03-19 09:00:00-04:00,42.480898,36.602819,train,44.578832,44.578832,61.93678
2025-03-19 14:00:00+00:00,2025-03-19 10:00:00-04:00,40.387719,34.271483,train,42.480898,42.480898,24.264241
2025-03-19 15:00:00+00:00,2025-03-19 11:00:00-04:00,55.459184,34.348214,train,40.387719,40.387719,29.547227
2025-03-19 16:00:00+00:00,2025-03-19 12:00:00-04:00,29.470494,34.236343,train,55.459184,55.459184,35.663917
2025-03-19 17:00:00+00:00,2025-03-19 13:00:00-04:00,117.961185,33.277459,train,29.470494,29.470494,30.488827
2025-03-19 18:00:00+00:00,2025-03-19 14:00:00-04:00,206.948023,32.358736,train,117.961185,117.961185,27.263228
2025-03-19 19:00:00+00:00,2025-03-19 15:00:00-04:00,141.7984,32.128546,train,206.948023,206.948023,24.224217
2025-03-19 20:00:00+00:00,2025-03-19 16:00:00-04:00,33.042549,32.753738,train,141.7984,141.7984,28.799312
2025-03-19 21:00:00+00:00,2025-03-19 17:00:00-04:00,46.960446,37.777045,train,33.042549,33.042549,30.745391
2025-03-19 22:00:00+00:00,2025-03-19 18:00:00-04:00,56.89465,47.860698,train,46.960446,46.960446,48.065186
2025-03-19 23:00:00+00:00,2025-03-19 19:00:00-04:00,83.085588,66.199744,train,56.89465,56.89465,83.927341
2025-03-20 00:00:00+00:00,2025-03-19 20:00:00-04:00,46.202003,59.270442,train,83.085588,83.085588,37.778278
2025-03-20 01:00:00+00:00,2025-03-19 21:00:00-04:00,32.490927,41.028669,train,46.202003,46.202003,34.642242
2025-03-20 02:00:00+00:00,2025-03-19 22:00:00-04:00,29.742566,34.456052,train,32.490927,32.490927,42.158857
2025-03-20 03:00:00+00:00,2025-03-19 23:00:00-04:00,27.193165,30.87949,train,29.742566,29.742566,45.708778
2025-03-20 04:00:00+00:00,2025-03-20 00:00:00-04:00,29.567171,31.155364,train,27.193165,27.193165,31.910474
2025-03-20 05:00:00+00:00,2025-03-20 01:00:00-04:00,29.38147,33.206662,train,29.567171,29.567171,31.800218
2025-03-20 06:00:00+00:00,2025-03-20 02:00:00-04:00,26.395736,30.719463,train,29.38147,29.38147,29.554934
2025-03-20 07:00:00+00:00,2025-03-20 03:00:00-04:00,26.122474,29.489973,train,26.395736,26.395736,29.942859
2025-03-20 08:00:00+00:00,2025-03-20 04:00:00-04:00,31.962558,30.910278,train,26.122474,26.122474,32.695891
2025-03-20 09:00:00+00:00,2025-03-20 05:00:00-04:00,38.639491,35.766229,train,31.962558,31.962558,50.329467
2025-03-20 10:00:00+00:00,2025-03-20 06:00:00-04:00,53.367372,59.488373,train,38.639491,38.639491,118.88844
2025-03-20 11:00:00+00:00,2025-03-20 07:00:00-04:00,53.097069,71.320177,train,53.367372,53.367372,146.840874
2025-03-20 12:00:00+00:00,2025-03-20 08:00:00-04:00,35.17376,57.522684,train,53.097069,53.097069,44.578832
2025-03-20 13:00:00+00:00,2025-03-20 09:00:00-04:00,35.708691,55.600884,train,35.17376,35.17376,42.480898
2025-03-20 14:00:00+00:00,2025-03-20 10:00:00-04:00,80.861216,54.696095,train,35.708691,35.708691,40.387719
2025-03-20 15:00:00+00:00,2025-03-20 11:00:00-04:00,51.779644,50.728791,train,80.861216,80.861216,55.459184
2025-03-20 16:00:00+00:00,2025-03-20 12:00:00-04:00,33.245101,48.013863,train,51.779644,51.779644,29.470494
2025-03-20 17:00:00+00:00,2025-03-20 13:00:00-04:00,48.098277,47.795063,train,33.245101,33.245101,117.961185
2025-03-20 18:00:00+00:00,2025-03-20 14:00:00-04:00,296.073527,43.582582,train,48.098277,48.098277,206.948023
2025-03-20 19:00:00+00:00,2025-03-20 15:00:00-04:00,353.817321,42.330253,train,296.073527,296.073527,141.7984
2025-03-20 20:00:00+00:00,2025-03-20 16:00:00-04:00,334.983309,43.678302,train,353.817321,353.817321,33.042549
2025-03-20 21:00:00+00:00,2025-03-20 17:00:00-04:00,209.112266,46.288909,train,334.983309,334.983309,46.960446
2025-03-20 22:00:00+00:00,2025-03-20 18:00:00-04:00,39.267668,54.141478,train,209.112266,209.112266,56.89465
2025-03-20 23:00:00+00:00,2025-03-20 19:00:00-04:00,41.520649,88.78814,train,39.267668,39.267668,83.085588
2025-03-21 00:00:00+00:00,2025-03-20 20:00:00-04:00,54.079983,91.012431,train,41.520649,41.520649,46.202003
2025-03-21 01:00:00+00:00,2025-03-20 21:00:00-04:00,52.278726,67.803089,train,54.079983,54.079983,32.490927
2025-03-21 02:00:00+00:00,2025-03-20 22:00:00-04:00,50.01552,59.869295,train,52.278726,52.278726,29.742566
2025-03-21 03:00:00+00:00,2025-03-20 23:00:00-04:00,36.468713,53.260146,train,50.01552,50.01552,27.193165
2025-03-21 04:00:00+00:00,2025-03-21 00:00:00-04:00,39.109228,47.189582,train,36.468713,36.468713,29.567171
2025-03-21 05:00:00+00:00,2025-03-21 01:00:00-04:00,42.044175,43.792106,train,39.109228,39.109228,29.38147
2025-03-21 06:00:00+00:00,2025-03-21 02:00:00-04:00,50.587761,42.137859,train,42.044175,42.044175,26.395736
2025-03-21 07:00:00+00:00,2025-03-21 03:00:00-04:00,41.700419,45.142175,train,50.587761,50.587761,26.122474
2025-03-21 08:00:00+00:00,2025-03-21 04:00:00-04:00,34.404725,43.983838,train,41.700419,41.700419,31.962558
2025-03-21 09:00:00+00:00,2025-03-21 05:00:00-04:00,33.277472,54.360081,train,34.404725,34.404725,38.639491
2025-03-21 10:00:00+00:00,2025-03-21 06:00:00-04:00,82.793669,103.117891,train,33.277472,33.277472,53.367372
2025-03-21 11:00:00+00:00,2025-03-21 07:00:00-04:00,175.455554,128.66774,train,82.793669,82.793669,53.097069
2025-03-21 12:00:00+00:00,2025-03-21 08:00:00-04:00,47.544772,55.412958,train,175.455554,175.455554,35.17376
2025-03-21 13:00:00+00:00,2025-03-21 09:00:00-04:00,36.889269,43.377671,train,47.544772,47.544772,35.708691
2025-03-21 14:00:00+00:00,2025-03-21 10:00:00-04:00,40.864898,40.846406,train,36.889269,36.889269,80.861216
2025-03-21 15:00:00+00:00,2025-03-21 11:00:00-04:00,35.491682,35.550327,train,40.864898,40.864898,51.779644
2025-03-21 16:00:00+00:00,2025-03-21 12:00:00-04:00,36.030352,34.192035,train,35.491682,35.491682,33.245101
2025-03-21 17:00:00+00:00,2025-03-21 13:00:00-04:00,39.519523,30.506252,train,36.030352,36.030352,48.098277
2025-03-21 18:00:00+00:00,2025-03-21 14:00:00-04:00,26.296731,28.138811,train,39.519523,39.519523,296.073527
2025-03-21 19:00:00+00:00,2025-03-21 15:00:00-04:00,34.021238,26.975989,train,26.296731,26.296731,353.817321
2025-03-21 20:00:00+00:00,2025-03-21 16:00:00-04:00,27.220759,26.361639,train,34.021238,34.021238,334.983309
2025-03-21 21:00:00+00:00,2025-03-21 17:00:00-04:00,26.999983,31.2599,train,27.220759,27.220759,209.112266
2025-03-21 22:00:00+00:00,2025-03-21 18:00:00-04:00,26.556397,46.07571,train,26.999983,26.999983,39.267668
2025-03-21 23:00:00+00:00,2025-03-21 19:00:00-04:00,40.800474,64.033802,train,26.556397,26.556397,41.520649
2025-03-22 00:00:00+00:00,2025-03-21 20:00:00-04:00,35.366896,51.306181,train,40.800474,40.800474,54.079983
2025-03-22 01:00:00+00:00,2025-03-21 21:00:00-04:00,36.472344,42.497708,train,35.366896,35.366896,52.278726
2025-03-22 02:00:00+00:00,2025-03-21 22:00:00-04:00,31.418275,41.875331,train,36.472344,36.472344,50.01552
2025-03-22 03:00:00+00:00,2025-03-21 23:00:00-04:00,27.924766,34.679096,train,31.418275,31.418275,36.468713
2025-03-22 04:00:00+00:00,2025-03-22 00:00:00-04:00,31.831113,35.677258,train,27.924766,27.924766,39.109228
2025-03-22 05:00:00+00:00,2025-03-22 01:00:00-04:00,35.343032,35.24423,train,31.831113,31.831113,42.044175
2025-03-22 06:00:00+00:00,2025-03-22 02:00:00-04:00,32.829923,33.383568,train,35.343032,35.343032,50.587761
2025-03-22 07:00:00+00:00,2025-03-22 03:00:00-04:00,31.601183,34.585757,train,32.829923,32.829923,41.700419
2025-03-22 08:00:00+00:00,2025-03-22 04:00:00-04:00,30.433412,34.949148,train,31.601183,31.601183,34.404725
2025-03-22 09:00:00+00:00,2025-03-22 05:00:00-04:00,33.148628,37.14868,train,30.433412,30.433412,33.277472
2025-03-22 10:00:00+00:00,2025-03-22 06:00:00-04:00,32.198285,42.414374,train,33.148628,33.148628,82.793669
2025-03-22 11:00:00+00:00,2025-03-22 07:00:00-04:00,38.310791,53.201584,train,32.198285,32.198285,175.455554
2025-03-22 12:00:00+00:00,2025-03-22 08:00:00-04:00,39.688771,46.078822,train,38.310791,38.310791,47.544772
2025-03-22 13:00:00+00:00,2025-03-22 09:00:00-04:00,52.42736,39.122087,train,39.688771,39.688771,36.889269
2025-03-22 14:00:00+00:00,2025-03-22 10:00:00-04:00,35.393612,41.511224,train,52.42736,52.42736,40.864898
2025-03-22 15:00:00+00:00,2025-03-22 11:00:00-04:00,68.870822,38.253733,train,35.393612,35.393612,35.491682
2025-03-22 16:00:00+00:00,2025-03-22 12:00:00-04:00,35.437255,35.865876,train,68.870822,68.870822,36.030352
2025-03-22 17:00:00+00:00,2025-03-22 13:00:00-04:00,32.675716,33.681976,train,35.437255,35.437255,39.519523
2025-03-22 18:00:00+00:00,2025-03-22 14:00:00-04:00,34.85005,31.175446,train,32.675716,32.675716,26.296731
2025-03-22 19:00:00+00:00,2025-03-22 15:00:00-04:00,33.852846,28.219285,train,34.85005,34.85005,34.021238
2025-03-22 20:00:00+00:00,2025-03-22 16:00:00-04:00,39.801341,28.473055,train,33.852846,33.852846,27.220759
2025-03-22 21:00:00+00:00,2025-03-22 17:00:00-04:00,35.598855,30.495655,train,39.801341,39.801341,26.999983
2025-03-22 22:00:00+00:00,2025-03-22 18:00:00-04:00,32.89307,44.766187,train,35.598855,35.598855,26.556397
2025-03-22 23:00:00+00:00,2025-03-22 19:00:00-04:00,86.601596,71.128398,train,32.89307,32.89307,40.800474
2025-03-23 00:00:00+00:00,2025-03-22 20:00:00-04:00,47.985746,64.195995,train,86.601596,86.601596,35.366896
2025-03-23 01:00:00+00:00,2025-03-22 21:00:00-04:00,50.641673,46.09719,train,47.985746,47.985746,36.472344
2025-03-23 02:00:00+00:00,2025-03-22 22:00:00-04:00,47.509508,42.651865,train,50.641673,50.641673,31.418275
2025-03-23 03:00:00+00:00,2025-03-22 23:00:00-04:00,45.732328,39.75248,train,47.509508,47.509508,27.924766
2025-03-23 04:00:00+00:00,2025-03-23 00:00:00-04:00,33.383833,33.869124,train,45.732328,45.732328,31.831113
2025-03-23 05:00:00+00:00,2025-03-23 01:00:00-04:00,34.480746,34.532796,train,33.383833,33.383833,35.343032
2025-03-23 06:00:00+00:00,2025-03-23 02:00:00-04:00,33.776163,33.063564,train,34.480746,34.480746,32.829923
2025-03-23 07:00:00+00:00,2025-03-23 03:00:00-04:00,33.380182,32.585372,train,33.776163,33.776163,31.601183
2025-03-23 08:00:00+00:00,2025-03-23 04:00:00-04:00,34.662897,33.803269,train,33.380182,33.380182,30.433412
2025-03-23 09:00:00+00:00,2025-03-23 05:00:00-04:00,38.90751,37.19319,train,34.662897,34.662897,33.148628
2025-03-23 10:00:00+00:00,2025-03-23 06:00:00-04:00,37.227129,42.802757,train,38.90751,38.90751,32.198285
2025-03-23 11:00:00+00:00,2025-03-23 07:00:00-04:00,43.918352,52.02309,train,37.227129,37.227129,38.310791
2025-03-23 12:00:00+00:00,2025-03-23 08:00:00-04:00,55.683343,41.051001,train,43.918352,43.918352,39.688771
2025-03-23 13:00:00+00:00,2025-03-23 09:00:00-04:00,31.219947,34.716309,train,55.683343,55.683343,52.42736
2025-03-23 14:00:00+00:00,2025-03-23 10:00:00-04:00,35.53762,34.235515,train,31.219947,31.219947,35.393612
2025-03-23 15:00:00+00:00,2025-03-23 11:00:00-04:00,37.792826,33.831856,train,35.53762,35.53762,68.870822
2025-03-23 16:00:00+00:00,2025-03-23 12:00:00-04:00,32.021753,33.320137,train,37.792826,37.792826,35.437255
2025-03-23 17:00:00+00:00,2025-03-23 13:00:00-04:00,31.221588,31.541855,train,32.021753,32.021753,32.675716
2025-03-23 18:00:00+00:00,2025-03-23 14:00:00-04:00,30.462307,30.19894,train,31.221588,31.221588,34.85005
2025-03-23 19:00:00+00:00,2025-03-23 15:00:00-04:00,32.946561,30.052827,train,30.462307,30.462307,33.852846
2025-03-23 20:00:00+00:00,2025-03-23 16:00:00-04:00,114.71037,31.816226,train,32.946561,32.946561,39.801341
2025-03-23 21:00:00+00:00,2025-03-23 17:00:00-04:00,80.595723,34.944178,train,114.71037,114.71037,35.598855
2025-03-23 22:00:00+00:00,2025-03-23 18:00:00-04:00,47.719797,43.689389,train,80.595723,80.595723,32.89307
2025-03-23 23:00:00+00:00,2025-03-23 19:00:00-04:00,53.862782,48.406154,train,47.719797,47.719797,86.601596
2025-03-24 00:00:00+00:00,2025-03-23 20:00:00-04:00,47.833457,47.280799,train,53.862782,53.862782,47.985746
2025-03-24 01:00:00+00:00,2025-03-23 21:00:00-04:00,64.072943,39.8759,train,47.833457,47.833457,50.641673
2025-03-24 02:00:00+00:00,2025-03-23 22:00:00-04:00,40.750695,33.615317,train,64.072943,64.072943,47.509508
2025-03-24 03:00:00+00:00,2025-03-23 23:00:00-04:00,30.994797,31.547809,train,40.750695,40.750695,45.732328
2025-03-24 04:00:00+00:00,2025-03-24 00:00:00-04:00,26.679181,29.509213,train,30.994797,30.994797,33.383833
2025-03-24 05:00:00+00:00,2025-03-24 01:00:00-04:00,30.810974,29.970375,train,26.679181,26.679181,34.480746
2025-03-24 06:00:00+00:00,2025-03-24 02:00:00-04:00,26.53288,29.861946,train,30.810974,30.810974,33.776163
2025-03-24 07:00:00+00:00,2025-03-24 03:00:00-04:00,27.285749,29.33245,train,26.53288,26.53288,33.380182
2025-03-24 08:00:00+00:00,2025-03-24 04:00:00-04:00,28.001781,29.377227,train,27.285749,27.285749,34.662897
2025-03-24 09:00:00+00:00,2025-03-24 05:00:00-04:00,73.608426,36.143809,train,28.001781,28.001781,38.90751
2025-03-24 10:00:00+00:00,2025-03-24 06:00:00-04:00,82.753268,55.055471,train,73.608426,73.608426,37.227129
2025-03-24 11:00:00+00:00,2025-03-24 07:00:00-04:00,122.408934,67.425573,train,82.753268,82.753268,43.918352
2025-03-24 12:00:00+00:00,2025-03-24 08:00:00-04:00,69.763509,58.760968,train,122.408934,122.408934,55.683343
2025-03-24 13:00:00+00:00,2025-03-24 09:00:00-04:00,41.815117,55.244951,train,69.763509,69.763509,31.219947
2025-03-24 14:00:00+00:00,2025-03-24 10:00:00-04:00,94.707794,54.34051,train,41.815117,41.815117,35.53762
2025-03-24 15:00:00+00:00,2025-03-24 11:00:00-04:00,133.403261,50.860404,train,94.707794,94.707794,37.792826
2025-03-24 16:00:00+00:00,2025-03-24 12:00:00-04:00,119.767236,46.437971,train,133.403261,133.403261,32.021753
2025-03-24 17:00:00+00:00,2025-03-24 13:00:00-04:00,83.942398,40.711158,train,119.767236,119.767236,31.221588
2025-03-24 18:00:00+00:00,2025-03-24 14:00:00-04:00,41.97604,38.648246,train,83.942398,83.942398,30.462307
2025-03-24 19:00:00+00:00,2025-03-24 15:00:00-04:00,34.665731,36.805545,train,41.97604,41.97604,32.946561
2025-03-24 20:00:00+00:00,2025-03-24 16:00:00-04:00,27.31864,34.818866,train,34.665731,34.665731,114.71037
2025-03-24 21:00:00+00:00,2025-03-24 17:00:00-04:00,34.855929,36.456241,train,27.31864,27.31864,80.595723
2025-03-24 22:00:00+00:00,2025-03-24 18:00:00-04:00,36.938566,41.54511,train,34.855929,34.855929,47.719797
2025-03-24 23:00:00+00:00,2025-03-24 19:00:00-04:00,67.137598,69.933659,train,36.938566,36.938566,53.862782
2025-03-25 00:00:00+00:00,2025-03-24 20:00:00-04:00,83.750447,73.051453,train,67.137598,67.137598,47.833457
2025-03-25 01:00:00+00:00,2025-03-24 21:00:00-04:00,78.533954,53.247641,train,83.750447,83.750447,64.072943
2025-03-25 02:00:00+00:00,2025-03-24 22:00:00-04:00,83.124993,40.988043,train,78.533954,78.533954,40.750695
2025-03-25 03:00:00+00:00,2025-03-24 23:00:00-04:00,33.116552,37.345363,train,83.124993,83.124993,30.994797
2025-03-25 04:00:00+00:00,2025-03-25 00:00:00-04:00,51.847649,38.83801,train,33.116552,33.116552,26.679181
2025-03-25 05:00:00+00:00,2025-03-25 01:00:00-04:00,39.408138,40.166407,train,51.847649,51.847649,30.810974
2025-03-25 06:00:00+00:00,2025-03-25 02:00:00-04:00,35.839409,38.130205,train,39.408138,39.408138,26.53288
2025-03-25 07:00:00+00:00,2025-03-25 03:00:00-04:00,46.506955,40.849089,train,35.839409,35.839409,27.285749
2025-03-25 08:00:00+00:00,2025-03-25 04:00:00-04:00,43.752254,41.46348,train,46.506955,46.506955,28.001781
2025-03-25 09:00:00+00:00,2025-03-25 05:00:00-04:00,58.658431,49.048105,train,43.752254,43.752254,73.608426
2025-03-25 10:00:00+00:00,2025-03-25 06:00:00-04:00,51.70938,86.409554,train,58.658431,58.658431,82.753268
2025-03-25 11:00:00+00:00,2025-03-25 07:00:00-04:00,74.920806,104.572727,train,51.70938,51.70938,122.408934
2025-03-25 12:00:00+00:00,2025-03-25 08:00:00-04:00,54.838861,62.60116,train,74.920806,74.920806,69.763509
2025-03-25 13:00:00+00:00,2025-03-25 09:00:00-04:00,33.94394,51.624057,train,54.838861,54.838861,41.815117
2025-03-25 14:00:00+00:00,2025-03-25 10:00:00-04:00,29.599936,49.358963,train,33.94394,33.94394,94.707794
2025-03-25 15:00:00+00:00,2025-03-25 11:00:00-04:00,55.169449,49.31693,train,29.599936,29.599936,133.403261
2025-03-25 16:00:00+00:00,2025-03-25 12:00:00-04:00,24.483817,46.625357,train,55.169449,55.169449,119.767236
2025-03-25 17:00:00+00:00,2025-03-25 13:00:00-04:00,25.069737,45.129872,train,24.483817,24.483817,83.942398
2025-03-25 18:00:00+00:00,2025-03-25 14:00:00-04:00,24.503023,45.420292,train,25.069737,25.069737,41.97604
2025-03-25 19:00:00+00:00,2025-03-25 15:00:00-04:00,33.162019,45.533839,train,24.503023,24.503023,34.665731
2025-03-25 20:00:00+00:00,2025-03-25 16:00:00-04:00,41.666397,46.417543,train,33.162019,33.162019,27.31864
2025-03-25 21:00:00+00:00,2025-03-25 17:00:00-04:00,36.804603,51.535469,train,41.666397,41.666397,34.855929
2025-03-25 22:00:00+00:00,2025-03-25 18:00:00-04:00,41.917812,62.978233,train,36.804603,36.804603,36.938566
2025-03-25 23:00:00+00:00,2025-03-25 19:00:00-04:00,58.323918,81.880733,train,41.917812,41.917812,67.137598
2025-03-26 00:00:00+00:00,2025-03-25 20:00:00-04:00,77.528764,82.807745,train,58.323918,58.323918,83.750447
2025-03-26 01:00:00+00:00,2025-03-25 21:00:00-04:00,62.442357,64.372253,train,77.528764,77.528764,78.533954
2025-03-26 02:00:00+00:00,2025-03-25 22:00:00-04:00,86.411279,52.364482,train,62.442357,62.442357,83.124993
2025-03-26 03:00:00+00:00,2025-03-25 23:00:00-04:00,65.552807,42.680903,train,86.411279,86.411279,33.116552
2025-03-26 04:00:00+00:00,2025-03-26 00:00:00-04:00,40.397451,45.969082,train,65.552807,65.552807,51.847649
2025-03-26 05:00:00+00:00,2025-03-26 01:00:00-04:00,35.923952,43.521161,train,40.397451,40.397451,39.408138
2025-03-26 06:00:00+00:00,2025-03-26 02:00:00-04:00,36.061618,43.635222,train,35.923952,35.923952,35.839409
2025-03-26 07:00:00+00:00,2025-03-26 03:00:00-04:00,37.818648,43.29798,train,36.061618,36.061618,46.506955
2025-03-26 08:00:00+00:00,2025-03-26 04:00:00-04:00,32.377929,47.574758,train,37.818648,37.818648,43.752254
2025-03-26 09:00:00+00:00,2025-03-26 05:00:00-04:00,35.893074,62.165876,train,32.377929,32.377929,58.658431
2025-03-26 10:00:00+00:00,2025-03-26 06:00:00-04:00,66.792266,94.258163,train,35.893074,35.893074,51.70938
2025-03-26 11:00:00+00:00,2025-03-26 07:00:00-04:00,106.223279,116.603778,train,66.792266,66.792266,74.920806
2025-03-26 12:00:00+00:00,2025-03-26 08:00:00-04:00,41.460639,60.79745,train,106.223279,106.223279,54.838861
2025-03-26 13:00:00+00:00,2025-03-26 09:00:00-04:00,27.549412,46.286619,train,41.460639,41.460639,33.94394
2025-03-26 14:00:00+00:00,2025-03-26 10:00:00-04:00,31.072625,46.293183,train,27.549412,27.549412,29.599936
2025-03-26 15:00:00+00:00,2025-03-26 11:00:00-04:00,31.87264,45.15927,train,31.072625,31.072625,55.169449
2025-03-26 16:00:00+00:00,2025-03-26 12:00:00-04:00,29.97137,43.271639,train,31.87264,31.87264,24.483817
2025-03-26 17:00:00+00:00,2025-03-26 13:00:00-04:00,29.062595,40.228835,train,29.97137,29.97137,25.069737
2025-03-26 18:00:00+00:00,2025-03-26 14:00:00-04:00,26.773355,39.810471,train,29.062595,29.062595,24.503023
2025-03-26 19:00:00+00:00,2025-03-26 15:00:00-04:00,27.42229,38.406416,train,26.773355,26.773355,33.162019
2025-03-26 20:00:00+00:00,2025-03-26 16:00:00-04:00,30.223486,39.6603,train,27.42229,27.42229,41.666397
2025-03-26 21:00:00+00:00,2025-03-26 17:00:00-04:00,35.014427,40.82473,train,30.223486,30.223486,36.804603
2025-03-26 22:00:00+00:00,2025-03-26 18:00:00-04:00,43.382904,62.905906,train,35.014427,35.014427,41.917812
2025-03-26 23:00:00+00:00,2025-03-26 19:00:00-04:00,63.135544,104.019707,train,43.382904,43.382904,58.323918
2025-03-27 00:00:00+00:00,2025-03-26 20:00:00-04:00,94.47484,88.309684,train,63.135544,63.135544,77.528764
2025-03-27 01:00:00+00:00,2025-03-26 21:00:00-04:00,66.986448,71.859197,train,94.47484,94.47484,62.442357
2025-03-27 02:00:00+00:00,2025-03-26 22:00:00-04:00,64.071272,63.826092,train,66.986448,66.986448,86.411279
2025-03-27 03:00:00+00:00,2025-03-26 23:00:00-04:00,54.879681,56.85099,train,64.071272,64.071272,65.552807
2025-03-27 04:00:00+00:00,2025-03-27 00:00:00-04:00,57.95196,47.678809,train,54.879681,54.879681,40.397451
2025-03-27 05:00:00+00:00,2025-03-27 01:00:00-04:00,39.503277,46.838142,train,57.95196,57.95196,35.923952
2025-03-27 06:00:00+00:00,2025-03-27 02:00:00-04:00,40.893511,47.231843,train,39.503277,39.503277,36.061618
2025-03-27 07:00:00+00:00,2025-03-27 03:00:00-04:00,65.178741,47.019683,train,40.893511,40.893511,37.818648
2025-03-27 08:00:00+00:00,2025-03-27 04:00:00-04:00,50.883902,47.433631,train,65.178741,65.178741,32.377929
2025-03-27 09:00:00+00:00,2025-03-27 05:00:00-04:00,64.592268,66.114276,train,50.883902,50.883902,35.893074
2025-03-27 10:00:00+00:00,2025-03-27 06:00:00-04:00,77.703276,151.821313,train,64.592268,64.592268,66.792266
2025-03-27 11:00:00+00:00,2025-03-27 07:00:00-04:00,79.573785,188.01999,train,77.703276,77.703276,106.223279
2025-03-27 12:00:00+00:00,2025-03-27 08:00:00-04:00,44.873371,62.160988,train,79.573785,79.573785,41.460639
2025-03-27 13:00:00+00:00,2025-03-27 09:00:00-04:00,27.924435,43.164671,train,44.873371,44.873371,27.549412
2025-03-27 14:00:00+00:00,2025-03-27 10:00:00-04:00,32.611515,41.21371,train,27.924435,27.924435,31.072625
2025-03-27 15:00:00+00:00,2025-03-27 11:00:00-04:00,39.3898,41.782213,train,32.611515,32.611515,31.87264
2025-03-27 16:00:00+00:00,2025-03-27 12:00:00-04:00,39.604032,38.866473,train,39.3898,39.3898,29.97137
2025-03-27 17:00:00+00:00,2025-03-27 13:00:00-04:00,26.808692,37.484824,train,39.604032,39.604032,29.062595
2025-03-27 18:00:00+00:00,2025-03-27 14:00:00-04:00,26.099034,34.477387,train,26.808692,26.808692,26.773355
2025-03-27 19:00:00+00:00,2025-03-27 15:00:00-04:00,26.649922,33.141961,train,26.099034,26.099034,27.42229
2025-03-27 20:00:00+00:00,2025-03-27 16:00:00-04:00,29.593613,35.058038,train,26.649922,26.649922,30.223486
2025-03-27 21:00:00+00:00,2025-03-27 17:00:00-04:00,55.772398,37.173719,train,29.593613,29.593613,35.014427
2025-03-27 22:00:00+00:00,2025-03-27 18:00:00-04:00,46.926879,50.435665,train,55.772398,55.772398,43.382904
2025-03-27 23:00:00+00:00,2025-03-27 19:00:00-04:00,57.88256,72.519489,train,46.926879,46.926879,63.135544
2025-03-28 00:00:00+00:00,2025-03-27 20:00:00-04:00,59.132438,61.379851,train,57.88256,57.88256,94.47484
2025-03-28 01:00:00+00:00,2025-03-27 21:00:00-04:00,67.502313,47.949367,train,59.132438,59.132438,66.986448
2025-03-28 02:00:00+00:00,2025-03-27 22:00:00-04:00,65.111394,42.629314,train,67.502313,67.502313,64.071272
2025-03-28 03:00:00+00:00,2025-03-27 23:00:00-04:00,37.813066,38.033436,train,65.111394,65.111394,54.879681
2025-03-28 04:00:00+00:00,2025-03-28 00:00:00-04:00,30.457257,33.461406,train,37.813066,37.813066,57.95196
2025-03-28 05:00:00+00:00,2025-03-28 01:00:00-04:00,83.805261,34.327692,train,30.457257,30.457257,39.503277
2025-03-28 06:00:00+00:00,2025-03-28 02:00:00-04:00,30.78472,32.82761,train,83.805261,83.805261,40.893511
2025-03-28 07:00:00+00:00,2025-03-28 03:00:00-04:00,40.742608,32.610709,train,30.78472,30.78472,65.178741
2025-03-28 08:00:00+00:00,2025-03-28 04:00:00-04:00,25.855591,33.573008,train,40.742608,40.742608,50.883902
2025-03-28 09:00:00+00:00,2025-03-28 05:00:00-04:00,88.2993,40.668104,train,25.855591,25.855591,64.592268
2025-03-28 10:00:00+00:00,2025-03-28 06:00:00-04:00,54.583873,61.344092,train,88.2993,88.2993,77.703276
2025-03-28 11:00:00+00:00,2025-03-28 07:00:00-04:00,49.660232,82.207208,train,54.583873,54.583873,79.573785
2025-03-28 12:00:00+00:00,2025-03-28 08:00:00-04:00,57.387329,55.074062,train,49.660232,49.660232,44.873371
2025-03-28 13:00:00+00:00,2025-03-28 09:00:00-04:00,52.590818,50.328469,train,57.387329,57.387329,27.924435
2025-03-28 14:00:00+00:00,2025-03-28 10:00:00-04:00,50.429482,44.259479,train,52.590818,52.590818,32.611515
2025-03-28 15:00:00+00:00,2025-03-28 11:00:00-04:00,36.975193,44.522412,train,50.429482,50.429482,39.3898
2025-03-28 16:00:00+00:00,2025-03-28 12:00:00-04:00,36.786202,39.624731,train,36.975193,36.975193,39.604032
2025-03-28 17:00:00+00:00,2025-03-28 13:00:00-04:00,33.40275,38.406647,train,36.786202,36.786202,26.808692
2025-03-28 18:00:00+00:00,2025-03-28 14:00:00-04:00,94.120517,35.141211,train,33.40275,33.40275,26.099034
2025-03-28 19:00:00+00:00,2025-03-28 15:00:00-04:00,46.808785,35.253739,train,94.120517,94.120517,26.649922
2025-03-28 20:00:00+00:00,2025-03-28 16:00:00-04:00,41.890885,33.916598,train,46.808785,46.808785,29.593613
2025-03-28 21:00:00+00:00,2025-03-28 17:00:00-04:00,69.246053,34.780984,train,41.890885,41.890885,55.772398
2025-03-28 22:00:00+00:00,2025-03-28 18:00:00-04:00,160.167958,38.567605,train,69.246053,69.246053,46.926879
2025-03-28 23:00:00+00:00,2025-03-28 19:00:00-04:00,72.443973,44.66481,train,160.167958,160.167958,57.88256
2025-03-29 00:00:00+00:00,2025-03-28 20:00:00-04:00,38.659548,41.796354,train,72.443973,72.443973,59.132438
2025-03-29 01:00:00+00:00,2025-03-28 21:00:00-04:00,34.63485,37.919087,train,38.659548,38.659548,67.502313
2025-03-29 02:00:00+00:00,2025-03-28 22:00:00-04:00,32.282629,31.388607,train,34.63485,34.63485,65.111394
2025-03-29 03:00:00+00:00,2025-03-28 23:00:00-04:00,29.219105,27.617053,train,32.282629,32.282629,37.813066
2025-03-29 04:00:00+00:00,2025-03-29 00:00:00-04:00,78.271411,30.867929,train,29.219105,29.219105,30.457257
2025-03-29 05:00:00+00:00,2025-03-29 01:00:00-04:00,37.469643,29.511742,train,78.271411,78.271411,83.805261
2025-03-29 06:00:00+00:00,2025-03-29 02:00:00-04:00,32.171746,27.217918,train,37.469643,37.469643,30.78472
2025-03-29 07:00:00+00:00,2025-03-29 03:00:00-04:00,29.420912,26.852387,train,32.171746,32.171746,40.742608
2025-03-29 08:00:00+00:00,2025-03-29 04:00:00-04:00,26.396838,27.208609,train,29.420912,29.420912,25.855591
2025-03-29 09:00:00+00:00,2025-03-29 05:00:00-04:00,29.296139,29.029597,train,26.396838,26.396838,88.2993
2025-03-29 10:00:00+00:00,2025-03-29 06:00:00-04:00,51.470091,32.439457,train,29.296139,29.296139,54.583873
2025-03-29 11:00:00+00:00,2025-03-29 07:00:00-04:00,45.278134,37.388655,train,51.470091,51.470091,49.660232
2025-03-29 12:00:00+00:00,2025-03-29 08:00:00-04:00,57.209381,37.037528,train,45.278134,45.278134,57.387329
2025-03-29 13:00:00+00:00,2025-03-29 09:00:00-04:00,41.800091,37.70321,train,57.209381,57.209381,52.590818
2025-03-29 14:00:00+00:00,2025-03-29 10:00:00-04:00,36.333062,38.567109,train,41.800091,41.800091,50.429482
2025-03-29 15:00:00+00:00,2025-03-29 11:00:00-04:00,32.841357,38.665494,train,36.333062,36.333062,36.975193
2025-03-29 16:00:00+00:00,2025-03-29 12:00:00-04:00,24.81337,38.204585,train,32.841357,32.841357,36.786202
2025-03-29 17:00:00+00:00,2025-03-29 13:00:00-04:00,277.188998,39.719448,train,24.81337,24.81337,33.40275
2025-03-29 18:00:00+00:00,2025-03-29 14:00:00-04:00,347.011831,43.010957,train,277.188998,277.188998,94.120517
2025-03-29 19:00:00+00:00,2025-03-29 15:00:00-04:00,345.534455,48.660248,train,347.011831,347.011831,46.808785
2025-03-29 20:00:00+00:00,2025-03-29 16:00:00-04:00,337.710967,54.90816,train,345.534455,345.534455,41.890885
2025-03-29 21:00:00+00:00,2025-03-29 17:00:00-04:00,63.292413,58.526203,train,337.710967,337.710967,69.246053
2025-03-29 22:00:00+00:00,2025-03-29 18:00:00-04:00,37.380355,61.204252,train,63.292413,63.292413,160.167958
2025-03-29 23:00:00+00:00,2025-03-29 19:00:00-04:00,54.962557,71.174375,train,37.380355,37.380355,72.443973
2025-03-30 00:00:00+00:00,2025-03-29 20:00:00-04:00,71.471602,64.800127,train,54.962557,54.962557,38.659548
2025-03-30 01:00:00+00:00,2025-03-29 21:00:00-04:00,35.991679,49.359781,train,71.471602,71.471602,34.63485
2025-03-30 02:00:00+00:00,2025-03-29 22:00:00-04:00,61.433989,38.973293,train,35.991679,35.991679,32.282629
2025-03-30 03:00:00+00:00,2025-03-29 23:00:00-04:00,29.074828,37.143105,train,61.433989,61.433989,29.219105
2025-03-30 04:00:00+00:00,2025-03-30 00:00:00-04:00,31.606022,34.60803,train,29.074828,29.074828,78.271411
2025-03-30 05:00:00+00:00,2025-03-30 01:00:00-04:00,71.51785,31.848071,train,31.606022,31.606022,37.469643
2025-03-30 06:00:00+00:00,2025-03-30 02:00:00-04:00,21.727611,26.794879,train,71.51785,71.51785,32.171746
2025-03-30 07:00:00+00:00,2025-03-30 03:00:00-04:00,24.487829,26.474888,train,21.727611,21.727611,29.420912
2025-03-30 08:00:00+00:00,2025-03-30 04:00:00-04:00,20.83967,25.301042,train,24.487829,24.487829,26.396838
2025-03-30 09:00:00+00:00,2025-03-30 05:00:00-04:00,26.604679,27.093402,train,20.83967,20.83967,29.296139
2025-03-30 10:00:00+00:00,2025-03-30 06:00:00-04:00,21.2183,30.534409,train,26.604679,26.604679,51.470091
2025-03-30 11:00:00+00:00,2025-03-30 07:00:00-04:00,27.439712,31.051411,train,21.2183,21.2183,45.278134
2025-03-30 12:00:00+00:00,2025-03-30 08:00:00-04:00,42.778346,34.912945,train,27.439712,27.439712,57.209381
2025-03-30 13:00:00+00:00,2025-03-30 09:00:00-04:00,31.253962,37.178665,train,42.778346,42.778346,41.800091
2025-03-30 14:00:00+00:00,2025-03-30 10:00:00-04:00,28.86861,40.141725,train,31.253962,31.253962,36.333062
2025-03-30 15:00:00+00:00,2025-03-30 11:00:00-04:00,29.397141,39.311687,train,28.86861,28.86861,32.841357
2025-03-30 16:00:00+00:00,2025-03-30 12:00:00-04:00,30.621359,38.992401,train,29.397141,29.397141,24.81337
2025-03-30 17:00:00+00:00,2025-03-30 13:00:00-04:00,33.593787,38.821257,train,30.621359,30.621359,277.188998
2025-03-30 18:00:00+00:00,2025-03-30 14:00:00-04:00,31.438445,42.088442,train,33.593787,33.593787,347.011831
2025-03-30 19:00:00+00:00,2025-03-30 15:00:00-04:00,46.510093,46.114314,train,31.438445,31.438445,345.534455
2025-03-30 20:00:00+00:00,2025-03-30 16:00:00-04:00,35.952162,50.652276,train,46.510093,46.510093,337.710967
2025-03-30 21:00:00+00:00,2025-03-30 17:00:00-04:00,36.810493,54.085839,train,35.952162,35.952162,63.292413
2025-03-30 22:00:00+00:00,2025-03-30 18:00:00-04:00,46.147794,55.476138,train,36.810493,36.810493,37.380355
2025-03-30 23:00:00+00:00,2025-03-30 19:00:00-04:00,105.58573,65.128174,train,46.147794,46.147794,54.962557
2025-03-31 00:00:00+00:00,2025-03-30 20:00:00-04:00,48.710763,57.428888,train,105.58573,105.58573,71.471602
2025-03-31 01:00:00+00:00,2025-03-30 21:00:00-04:00,43.632467,43.968395,train,48.710763,48.710763,35.991679
2025-03-31 02:00:00+00:00,2025-03-30 22:00:00-04:00,40.581621,36.640337,train,43.632467,43.632467,61.433989
2025-03-31 03:00:00+00:00,2025-03-30 23:00:00-04:00,24.831397,32.140218,train,40.581621,40.581621,29.074828
2025-03-31 04:00:00+00:00,2025-03-31 00:00:00-04:00,25.245296,30.586426,train,24.831397,24.831397,31.606022
2025-03-31 05:00:00+00:00,2025-03-31 01:00:00-04:00,20.962525,29.553233,train,25.245296,25.245296,71.51785
2025-03-31 06:00:00+00:00,2025-03-31 02:00:00-04:00,21.824262,24.802225,train,20.962525,20.962525,21.727611
2025-03-31 07:00:00+00:00,2025-03-31 03:00:00-04:00,20.234899,25.538219,train,21.824262,21.824262,24.487829
2025-03-31 08:00:00+00:00,2025-03-31 04:00:00-04:00,22.33,29.556755,train,20.234899,20.234899,20.83967
2025-03-31 09:00:00+00:00,2025-03-31 05:00:00-04:00,21.705677,33.098504,train,22.33,22.33,26.604679
2025-03-31 10:00:00+00:00,2025-03-31 06:00:00-04:00,31.290094,40.326403,train,21.705677,21.705677,21.2183
2025-03-31 11:00:00+00:00,2025-03-31 07:00:00-04:00,32.500927,47.866369,train,31.290094,31.290094,27.439712
2025-03-31 12:00:00+00:00,2025-03-31 08:00:00-04:00,36.556371,50.000192,train,32.500927,32.500927,42.778346
2025-03-31 13:00:00+00:00,2025-03-31 09:00:00-04:00,28.557257,51.22155,train,36.556371,36.556371,31.253962
2025-03-31 14:00:00+00:00,2025-03-31 10:00:00-04:00,37.589877,56.797002,train,28.557257,28.557257,28.86861
2025-03-31 15:00:00+00:00,2025-03-31 11:00:00-04:00,75.02347,61.825062,train,37.589877,37.589877,29.397141
2025-03-31 16:00:00+00:00,2025-03-31 12:00:00-04:00,180.288411,64.629032,train,75.02347,75.02347,30.621359
2025-03-31 17:00:00+00:00,2025-03-31 13:00:00-04:00,285.539062,71.874686,train,180.288411,180.288411,33.593787
2025-03-31 18:00:00+00:00,2025-03-31 14:00:00-04:00,295.826537,72.75024,train,285.539062,285.539062,31.438445
2025-03-31 19:00:00+00:00,2025-03-31 15:00:00-04:00,317.02673,74.262355,train,295.826537,295.826537,46.510093
2025-03-31 20:00:00+00:00,2025-03-31 16:00:00-04:00,321.491512,75.000198,train,317.02673,317.02673,35.952162
2025-03-31 21:00:00+00:00,2025-03-31 17:00:00-04:00,327.238183,69.974596,train,321.491512,321.491512,36.810493
2025-03-31 22:00:00+00:00,2025-03-31 18:00:00-04:00,297.77724,63.658316,train,327.238183,327.238183,46.147794
2025-03-31 23:00:00+00:00,2025-03-31 19:00:00-04:00,155.194179,79.947084,train,297.77724,297.77724,105.58573
2025-04-01 00:00:00+00:00,2025-03-31 20:00:00-04:00,97.199731,79.298522,train,155.194179,155.194179,48.710763
2025-04-01 01:00:00+00:00,2025-03-31 21:00:00-04:00,47.442815,56.049055,train,97.199731,97.199731,43.632467
2025-04-01 02:00:00+00:00,2025-03-31 22:00:00-04:00,40.095267,45.877666,train,47.442815,47.442815,40.581621
2025-04-01 03:00:00+00:00,2025-03-31 23:00:00-04:00,41.842192,38.614709,train,40.095267,40.095267,24.831397
2025-04-01 04:00:00+00:00,2025-04-01 00:00:00-04:00,37.023822,34.153771,train,41.842192,41.842192,25.245296
2025-04-01 05:00:00+00:00,2025-04-01 01:00:00-04:00,26.562579,31.914937,train,37.023822,37.023822,20.962525
2025-04-01 06:00:00+00:00,2025-04-01 02:00:00-04:00,23.025529,30.184459,train,26.562579,26.562579,21.824262
2025-04-01 07:00:00+00:00,2025-04-01 03:00:00-04:00,26.539758,29.95331,train,23.025529,23.025529,20.234899
2025-04-01 08:00:00+00:00,2025-04-01 04:00:00-04:00,32.317712,30.91992,train,26.539758,26.539758,22.33
2025-04-01 09:00:00+00:00,2025-04-01 05:00:00-04:00,30.262123,35.373942,train,32.317712,32.317712,21.705677
2025-04-01 10:00:00+00:00,2025-04-01 06:00:00-04:00,63.988846,58.111379,train,30.262123,30.262123,31.290094
2025-04-01 11:00:00+00:00,2025-04-01 07:00:00-04:00,55.987375,66.645885,train,63.988846,63.988846,32.500927
2025-04-01 12:00:00+00:00,2025-04-01 08:00:00-04:00,38.903128,47.336534,train,55.987375,55.987375,36.556371
2025-04-01 13:00:00+00:00,2025-04-01 09:00:00-04:00,25.84758,36.249143,train,38.903128,38.903128,28.557257
2025-04-01 14:00:00+00:00,2025-04-01 10:00:00-04:00,24.664169,33.857949,train,25.84758,25.84758,37.589877
2025-04-01 15:00:00+00:00,2025-04-01 11:00:00-04:00,25.453911,32.867984,train,24.664169,24.664169,75.02347
2025-04-01 16:00:00+00:00,2025-04-01 12:00:00-04:00,25.277885,32.242426,train,25.453911,25.453911,180.288411
2025-04-01 17:00:00+00:00,2025-04-01 13:00:00-04:00,25.544942,30.874382,train,25.277885,25.277885,285.539062
2025-04-01 18:00:00+00:00,2025-04-01 14:00:00-04:00,24.51832,31.135346,train,25.544942,25.544942,295.826537
2025-04-01 19:00:00+00:00,2025-04-01 15:00:00-04:00,24.840498,30.132013,train,24.51832,24.51832,317.02673
2025-04-01 20:00:00+00:00,2025-04-01 16:00:00-04:00,25.762813,30.707855,train,24.840498,24.840498,321.491512
2025-04-01 21:00:00+00:00,2025-04-01 17:00:00-04:00,30.903538,32.498788,train,25.762813,25.762813,327.238183
2025-04-01 22:00:00+00:00,2025-04-01 18:00:00-04:00,39.704594,44.700933,train,30.903538,30.903538,297.77724
2025-04-01 23:00:00+00:00,2025-04-01 19:00:00-04:00,65.718742,74.162907,train,39.704594,39.704594,155.194179
2025-04-02 00:00:00+00:00,2025-04-01 20:00:00-04:00,72.806568,62.003247,train,65.718742,65.718742,97.199731
2025-04-02 01:00:00+00:00,2025-04-01 21:00:00-04:00,45.611692,44.773603,train,72.806568,72.806568,47.442815
2025-04-02 02:00:00+00:00,2025-04-01 22:00:00-04:00,41.006027,39.671001,train,45.611692,45.611692,40.095267
2025-04-02 03:00:00+00:00,2025-04-01 23:00:00-04:00,33.551077,33.914686,train,41.006027,41.006027,41.842192
2025-04-02 04:00:00+00:00,2025-04-02 00:00:00-04:00,32.806097,34.672977,train,33.551077,33.551077,37.023822
2025-04-02 05:00:00+00:00,2025-04-02 01:00:00-04:00,33.728138,34.373752,train,32.806097,32.806097,26.562579
2025-04-02 06:00:00+00:00,2025-04-02 02:00:00-04:00,31.240534,32.784861,train,33.728138,33.728138,23.025529
2025-04-02 07:00:00+00:00,2025-04-02 03:00:00-04:00,30.633583,32.58375,train,31.240534,31.240534,26.539758
2025-04-02 08:00:00+00:00,2025-04-02 04:00:00-04:00,30.885694,33.80152,train,30.633583,30.633583,32.317712
2025-04-02 09:00:00+00:00,2025-04-02 05:00:00-04:00,30.149047,40.416456,train,30.885694,30.885694,30.262123
2025-04-02 10:00:00+00:00,2025-04-02 06:00:00-04:00,51.259661,60.639437,train,30.149047,30.149047,63.988846
2025-04-02 11:00:00+00:00,2025-04-02 07:00:00-04:00,66.034706,71.831403,train,51.259661,51.259661,55.987375
2025-04-02 12:00:00+00:00,2025-04-02 08:00:00-04:00,80.139709,52.07502,train,66.034706,66.034706,38.903128
2025-04-02 13:00:00+00:00,2025-04-02 09:00:00-04:00,71.14814,42.627715,train,80.139709,80.139709,25.84758
2025-04-02 14:00:00+00:00,2025-04-02 10:00:00-04:00,56.106102,40.469992,train,71.14814,71.14814,24.664169
2025-04-02 15:00:00+00:00,2025-04-02 11:00:00-04:00,32.636327,38.04632,train,56.106102,56.106102,25.453911
2025-04-02 16:00:00+00:00,2025-04-02 12:00:00-04:00,38.784007,42.828284,train,32.636327,32.636327,25.277885
2025-04-02 17:00:00+00:00,2025-04-02 13:00:00-04:00,36.154535,44.247796,train,38.784007,38.784007,25.544942
2025-04-02 18:00:00+00:00,2025-04-02 14:00:00-04:00,39.763003,44.078786,train,36.154535,36.154535,24.51832
2025-04-02 19:00:00+00:00,2025-04-02 15:00:00-04:00,38.869438,45.021295,train,39.763003,39.763003,24.840498
2025-04-02 20:00:00+00:00,2025-04-02 16:00:00-04:00,47.365065,46.439655,train,38.869438,38.869438,25.762813
2025-04-02 21:00:00+00:00,2025-04-02 17:00:00-04:00,63.408162,51.128211,train,47.365065,47.365065,30.903538
2025-04-02 22:00:00+00:00,2025-04-02 18:00:00-04:00,56.703526,55.408503,train,63.408162,63.408162,39.704594
2025-04-02 23:00:00+00:00,2025-04-02 19:00:00-04:00,56.65973,61.448946,train,56.703526,56.703526,65.718742
2025-04-03 00:00:00+00:00,2025-04-02 20:00:00-04:00,49.364921,63.538309,train,56.65973,56.65973,72.806568
2025-04-03 01:00:00+00:00,2025-04-02 21:00:00-04:00,50.260158,50.982191,train,49.364921,49.364921,45.611692
2025-04-03 02:00:00+00:00,2025-04-02 22:00:00-04:00,38.676205,41.837176,train,50.260158,50.260158,41.006027
2025-04-03 03:00:00+00:00,2025-04-02 23:00:00-04:00,31.694524,35.507895,train,38.676205,38.676205,33.551077
2025-04-03 04:00:00+00:00,2025-04-03 00:00:00-04:00,30.559087,31.485237,train,31.694524,31.694524,32.806097
2025-04-03 05:00:00+00:00,2025-04-03 01:00:00-04:00,26.473108,29.450797,train,30.559087,30.559087,33.728138
2025-04-03 06:00:00+00:00,2025-04-03 02:00:00-04:00,26.524835,27.581984,train,26.473108,26.473108,31.240534
2025-04-03 07:00:00+00:00,2025-04-03 03:00:00-04:00,26.537621,27.763575,train,26.524835,26.524835,30.633583
2025-04-03 08:00:00+00:00,2025-04-03 04:00:00-04:00,28.946222,29.467828,train,26.537621,26.537621,30.885694
2025-04-03 09:00:00+00:00,2025-04-03 05:00:00-04:00,33.247616,32.363675,train,28.946222,28.946222,30.149047
2025-04-03 10:00:00+00:00,2025-04-03 06:00:00-04:00,37.42906,41.460943,train,33.247616,33.247616,51.259661
2025-04-03 11:00:00+00:00,2025-04-03 07:00:00-04:00,45.020103,51.587106,train,37.42906,37.42906,66.034706
2025-04-03 12:00:00+00:00,2025-04-03 08:00:00-04:00,41.922249,49.229581,train,45.020103,45.020103,80.139709
2025-04-03 13:00:00+00:00,2025-04-03 09:00:00-04:00,37.582425,50.190459,train,41.922249,41.922249,71.14814
2025-04-03 14:00:00+00:00,2025-04-03 10:00:00-04:00,36.175724,49.783428,train,37.582425,37.582425,56.106102
2025-04-03 15:00:00+00:00,2025-04-03 11:00:00-04:00,52.995479,54.189693,train,36.175724,36.175724,32.636327
2025-04-03 16:00:00+00:00,2025-04-03 12:00:00-04:00,37.967342,64.246002,train,52.995479,52.995479,38.784007
2025-04-03 17:00:00+00:00,2025-04-03 13:00:00-04:00,39.613399,77.809784,train,37.967342,37.967342,36.154535
2025-04-03 18:00:00+00:00,2025-04-03 14:00:00-04:00,128.348341,85.489899,train,39.613399,39.613399,39.763003
2025-04-03 19:00:00+00:00,2025-04-03 15:00:00-04:00,224.020454,88.880039,train,128.348341,128.348341,38.869438
2025-04-03 20:00:00+00:00,2025-04-03 16:00:00-04:00,95.35383,90.641415,train,224.020454,224.020454,47.365065
2025-04-03 21:00:00+00:00,2025-04-03 17:00:00-04:00,51.789688,94.781204,train,95.35383,95.35383,63.408162
2025-04-03 22:00:00+00:00,2025-04-03 18:00:00-04:00,40.363639,100.322948,train,51.789688,51.789688,56.703526
2025-04-03 23:00:00+00:00,2025-04-03 19:00:00-04:00,122.47742,117.016633,train,40.363639,40.363639,56.65973
2025-04-04 00:00:00+00:00,2025-04-03 20:00:00-04:00,96.68524,104.964719,train,122.47742,122.47742,49.364921
2025-04-04 01:00:00+00:00,2025-04-03 21:00:00-04:00,46.338602,67.669982,train,96.68524,96.68524,50.260158
2025-04-04 02:00:00+00:00,2025-04-03 22:00:00-04:00,69.718364,55.322631,train,46.338602,46.338602,38.676205
2025-04-04 03:00:00+00:00,2025-04-03 23:00:00-04:00,54.726641,42.734155,train,69.718364,69.718364,31.694524
2025-04-04 04:00:00+00:00,2025-04-04 00:00:00-04:00,100.974032,38.597865,train,54.726641,54.726641,30.559087
2025-04-04 05:00:00+00:00,2025-04-04 01:00:00-04:00,74.154908,37.851896,train,100.974032,100.974032,26.473108
2025-04-04 06:00:00+00:00,2025-04-04 02:00:00-04:00,36.124407,35.277653,train,74.154908,74.154908,26.524835
2025-04-04 07:00:00+00:00,2025-04-04 03:00:00-04:00,34.457267,35.220695,train,36.124407,36.124407,26.537621
2025-04-04 08:00:00+00:00,2025-04-04 04:00:00-04:00,35.660192,36.839628,train,34.457267,34.457267,28.946222
2025-04-04 09:00:00+00:00,2025-04-04 05:00:00-04:00,33.377057,39.237584,train,35.660192,35.660192,33.247616
2025-04-04 10:00:00+00:00,2025-04-04 06:00:00-04:00,39.378604,48.800208,train,33.377057,33.377057,37.42906
2025-04-04 11:00:00+00:00,2025-04-04 07:00:00-04:00,64.974824,54.324301,train,39.378604,39.378604,45.020103
2025-04-04 12:00:00+00:00,2025-04-04 08:00:00-04:00,62.683135,51.866915,train,64.974824,64.974824,41.922249
2025-04-04 13:00:00+00:00,2025-04-04 09:00:00-04:00,49.311229,52.510629,train,62.683135,62.683135,37.582425
2025-04-04 14:00:00+00:00,2025-04-04 10:00:00-04:00,36.848571,57.451395,train,49.311229,49.311229,36.175724
2025-04-04 15:00:00+00:00,2025-04-04 11:00:00-04:00,51.3944,59.49382,train,36.848571,36.848571,52.995479
2025-04-04 16:00:00+00:00,2025-04-04 12:00:00-04:00,41.645492,62.977718,train,51.3944,51.3944,37.967342
2025-04-04 17:00:00+00:00,2025-04-04 13:00:00-04:00,57.141643,68.527217,train,41.645492,41.645492,39.613399
2025-04-04 18:00:00+00:00,2025-04-04 14:00:00-04:00,141.828658,70.871033,train,57.141643,57.141643,128.348341
2025-04-04 19:00:00+00:00,2025-04-04 15:00:00-04:00,67.208141,71.059814,train,141.828658,141.828658,224.020454
2025-04-04 20:00:00+00:00,2025-04-04 16:00:00-04:00,78.836295,75.764125,train,67.208141,67.208141,95.35383
2025-04-04 21:00:00+00:00,2025-04-04 17:00:00-04:00,41.997201,72.212306,train,78.836295,78.836295,51.789688
2025-04-04 22:00:00+00:00,2025-04-04 18:00:00-04:00,55.480703,67.164019,train,41.997201,41.997201,40.363639
2025-04-04 23:00:00+00:00,2025-04-04 19:00:00-04:00,63.12014,65.805431,train,55.480703,55.480703,122.47742
2025-04-05 00:00:00+00:00,2025-04-04 20:00:00-04:00,50.792805,61.210134,train,63.12014,63.12014,96.68524
2025-04-05 01:00:00+00:00,2025-04-04 21:00:00-04:00,52.321267,45.782385,train,50.792805,50.792805,46.338602
2025-04-05 02:00:00+00:00,2025-04-04 22:00:00-04:00,62.933044,41.565915,train,52.321267,52.321267,69.718364
2025-04-05 03:00:00+00:00,2025-04-04 23:00:00-04:00,46.628132,37.011611,train,62.933044,62.933044,54.726641
2025-04-05 04:00:00+00:00,2025-04-05 00:00:00-04:00,102.973673,41.626628,train,46.628132,46.628132,100.974032
2025-04-05 05:00:00+00:00,2025-04-05 01:00:00-04:00,51.739492,38.801089,train,102.973673,102.973673,74.154908
2025-04-05 06:00:00+00:00,2025-04-05 02:00:00-04:00,37.981943,33.586622,train,51.739492,51.739492,36.124407
2025-04-05 07:00:00+00:00,2025-04-05 03:00:00-04:00,32.411885,31.660756,train,37.981943,37.981943,34.457267
2025-04-05 08:00:00+00:00,2025-04-05 04:00:00-04:00,44.248591,31.711548,train,32.411885,32.411885,35.660192
2025-04-05 09:00:00+00:00,2025-04-05 05:00:00-04:00,43.119095,33.211667,train,44.248591,44.248591,33.377057
2025-04-05 10:00:00+00:00,2025-04-05 06:00:00-04:00,34.57568,35.808494,train,43.119095,43.119095,39.378604
2025-04-05 11:00:00+00:00,2025-04-05 07:00:00-04:00,39.391739,38.171722,train,34.57568,34.57568,64.974824
2025-04-05 12:00:00+00:00,2025-04-05 08:00:00-04:00,43.201365,44.020764,train,39.391739,39.391739,62.683135
2025-04-05 13:00:00+00:00,2025-04-05 09:00:00-04:00,67.451572,44.404642,train,43.201365,43.201365,49.311229
2025-04-05 14:00:00+00:00,2025-04-05 10:00:00-04:00,49.318216,47.647654,train,67.451572,67.451572,36.848571
2025-04-05 15:00:00+00:00,2025-04-05 11:00:00-04:00,122.264035,51.176872,train,49.318216,49.318216,51.3944
2025-04-05 16:00:00+00:00,2025-04-05 12:00:00-04:00,38.899785,50.744101,train,122.264035,122.264035,41.645492
2025-04-05 17:00:00+00:00,2025-04-05 13:00:00-04:00,52.319231,56.989855,train,38.899785,38.899785,57.141643
2025-04-05 18:00:00+00:00,2025-04-05 14:00:00-04:00,61.404388,65.000151,train,52.319231,52.319231,141.828658
2025-04-05 19:00:00+00:00,2025-04-05 15:00:00-04:00,58.784283,68.880197,train,61.404388,61.404388,67.208141
2025-04-05 20:00:00+00:00,2025-04-05 16:00:00-04:00,65.858172,85.978015,train,58.784283,58.784283,78.836295
2025-04-05 21:00:00+00:00,2025-04-05 17:00:00-04:00,81.074905,82.710123,train,65.858172,65.858172,41.997201
2025-04-05 22:00:00+00:00,2025-04-05 18:00:00-04:00,122.118629,82.698179,train,81.074905,81.074905,55.480703
2025-04-05 23:00:00+00:00,2025-04-05 19:00:00-04:00,99.309394,85.331314,train,122.118629,122.118629,63.12014
2025-04-06 00:00:00+00:00,2025-04-05 20:00:00-04:00,73.216597,68.024851,train,99.309394,99.309394,50.792805
2025-04-06 01:00:00+00:00,2025-04-05 21:00:00-04:00,93.914028,59.661591,train,73.216597,73.216597,52.321267
2025-04-06 02:00:00+00:00,2025-04-05 22:00:00-04:00,74.795329,47.544652,train,93.914028,93.914028,62.933044
2025-04-06 03:00:00+00:00,2025-04-05 23:00:00-04:00,69.717222,42.646841,train,74.795329,74.795329,46.628132
2025-04-06 04:00:00+00:00,2025-04-06 00:00:00-04:00,69.460489,48.418842,train,69.717222,69.717222,102.973673
2025-04-06 05:00:00+00:00,2025-04-06 01:00:00-04:00,44.578558,44.146156,train,69.460489,69.460489,51.739492
2025-04-06 06:00:00+00:00,2025-04-06 02:00:00-04:00,36.271908,35.965472,train,44.578558,44.578558,37.981943
2025-04-06 07:00:00+00:00,2025-04-06 03:00:00-04:00,34.162646,36.135116,train,36.271908,36.271908,32.411885
2025-04-06 08:00:00+00:00,2025-04-06 04:00:00-04:00,33.939492,36.033987,train,34.162646,34.162646,44.248591
2025-04-06 09:00:00+00:00,2025-04-06 05:00:00-04:00,35.906954,36.222209,train,33.939492,33.939492,43.119095
2025-04-06 10:00:00+00:00,2025-04-06 06:00:00-04:00,61.069453,37.756165,train,35.906954,35.906954,34.57568
2025-04-06 11:00:00+00:00,2025-04-06 07:00:00-04:00,42.868447,40.559285,train,61.069453,61.069453,39.391739
2025-04-06 12:00:00+00:00,2025-04-06 08:00:00-04:00,36.536318,40.647502,train,42.868447,42.868447,43.201365
2025-04-06 13:00:00+00:00,2025-04-06 09:00:00-04:00,44.664264,44.901143,train,36.536318,36.536318,67.451572
2025-04-06 14:00:00+00:00,2025-04-06 10:00:00-04:00,36.837007,49.387008,train,44.664264,44.664264,49.318216
2025-04-06 15:00:00+00:00,2025-04-06 11:00:00-04:00,44.36058,51.736412,train,36.837007,36.837007,122.264035
2025-04-06 16:00:00+00:00,2025-04-06 12:00:00-04:00,48.815593,55.000337,train,44.36058,44.36058,38.899785
2025-04-06 17:00:00+00:00,2025-04-06 13:00:00-04:00,51.45938,60.056928,train,48.815593,48.815593,52.319231
2025-04-06 18:00:00+00:00,2025-04-06 14:00:00-04:00,72.997891,65.329155,train,51.45938,51.45938,61.404388
2025-04-06 19:00:00+00:00,2025-04-06 15:00:00-04:00,38.298581,67.631014,train,72.997891,72.997891,58.784283
2025-04-06 20:00:00+00:00,2025-04-06 16:00:00-04:00,54.692356,65.889913,train,38.298581,38.298581,65.858172
2025-04-06 21:00:00+00:00,2025-04-06 17:00:00-04:00,86.058637,68.837438,train,54.692356,54.692356,81.074905
2025-04-06 22:00:00+00:00,2025-04-06 18:00:00-04:00,61.866032,72.955838,train,86.058637,86.058637,122.118629
2025-04-06 23:00:00+00:00,2025-04-06 19:00:00-04:00,63.448572,84.408775,train,61.866032,61.866032,99.309394
2025-04-07 00:00:00+00:00,2025-04-06 20:00:00-04:00,69.773246,81.776089,train,63.448572,63.448572,73.216597
2025-04-07 01:00:00+00:00,2025-04-06 21:00:00-04:00,79.068213,70.187773,train,69.773246,69.773246,93.914028
2025-04-07 02:00:00+00:00,2025-04-06 22:00:00-04:00,74.000098,60.634165,train,79.068213,79.068213,74.795329
2025-04-07 03:00:00+00:00,2025-04-06 23:00:00-04:00,64.066969,50.553668,train,74.000098,74.000098,69.717222
2025-04-07 04:00:00+00:00,2025-04-07 00:00:00-04:00,71.208551,50.120385,train,64.066969,64.066969,69.460489
2025-04-07 05:00:00+00:00,2025-04-07 01:00:00-04:00,42.240596,44.708454,train,71.208551,71.208551,44.578558
2025-04-07 06:00:00+00:00,2025-04-07 02:00:00-04:00,48.23888,39.989579,train,42.240596,42.240596,36.271908
2025-04-07 07:00:00+00:00,2025-04-07 03:00:00-04:00,42.699044,39.871816,train,48.23888,48.23888,34.162646
2025-04-07 08:00:00+00:00,2025-04-07 04:00:00-04:00,52.817056,43.317229,train,42.699044,42.699044,33.939492
2025-04-07 09:00:00+00:00,2025-04-07 05:00:00-04:00,56.646178,55.717866,train,52.817056,52.817056,35.906954
2025-04-07 10:00:00+00:00,2025-04-07 06:00:00-04:00,65.406663,75.303654,train,56.646178,56.646178,61.069453
2025-04-07 11:00:00+00:00,2025-04-07 07:00:00-04:00,90.053161,84.796596,train,65.406663,65.406663,42.868447
2025-04-07 12:00:00+00:00,2025-04-07 08:00:00-04:00,96.646225,79.909134,train,90.053161,90.053161,36.536318
2025-04-07 13:00:00+00:00,2025-04-07 09:00:00-04:00,76.570056,79.045736,train,96.646225,96.646225,44.664264
2025-04-07 14:00:00+00:00,2025-04-07 10:00:00-04:00,102.075335,74.411301,train,76.570056,76.570056,36.837007
2025-04-07 15:00:00+00:00,2025-04-07 11:00:00-04:00,43.140393,69.680598,train,102.075335,102.075335,44.36058
2025-04-07 16:00:00+00:00,2025-04-07 12:00:00-04:00,51.172236,64.765011,train,43.140393,43.140393,48.815593
2025-04-07 17:00:00+00:00,2025-04-07 13:00:00-04:00,51.262048,61.179044,train,51.172236,51.172236,51.45938
2025-04-07 18:00:00+00:00,2025-04-07 14:00:00-04:00,38.244304,59.57838,train,51.262048,51.262048,72.997891
2025-04-07 19:00:00+00:00,2025-04-07 15:00:00-04:00,48.615946,56.464669,train,38.244304,38.244304,38.298581
2025-04-07 20:00:00+00:00,2025-04-07 16:00:00-04:00,45.715459,60.889889,train,48.615946,48.615946,54.692356
2025-04-07 21:00:00+00:00,2025-04-07 17:00:00-04:00,47.149148,62.683404,train,45.715459,45.715459,86.058637
2025-04-07 22:00:00+00:00,2025-04-07 18:00:00-04:00,39.605495,71.535224,train,47.149148,47.149148,61.866032
2025-04-07 23:00:00+00:00,2025-04-07 19:00:00-04:00,51.155857,89.81369,train,39.605495,39.605495,63.448572
2025-04-08 00:00:00+00:00,2025-04-07 20:00:00-04:00,63.326288,105.894038,train,51.155857,51.155857,69.773246
2025-04-08 01:00:00+00:00,2025-04-07 21:00:00-04:00,59.523312,84.156364,train,63.326288,63.326288,79.068213
2025-04-08 02:00:00+00:00,2025-04-07 22:00:00-04:00,48.442905,73.081784,train,59.523312,59.523312,74.000098
2025-04-08 03:00:00+00:00,2025-04-07 23:00:00-04:00,46.641987,63.560386,train,48.442905,48.442905,64.066969
2025-04-08 04:00:00+00:00,2025-04-08 00:00:00-04:00,43.5517,54.686199,train,46.641987,46.641987,71.208551
2025-04-08 05:00:00+00:00,2025-04-08 01:00:00-04:00,40.361263,51.532119,train,43.5517,43.5517,42.240596
2025-04-08 06:00:00+00:00,2025-04-08 02:00:00-04:00,34.920322,50.119235,train,40.361263,40.361263,48.23888
2025-04-08 07:00:00+00:00,2025-04-08 03:00:00-04:00,44.659705,52.267632,train,34.920322,34.920322,42.699044
2025-04-08 08:00:00+00:00,2025-04-08 04:00:00-04:00,42.753996,55.686488,train,44.659705,44.659705,52.817056
2025-04-08 09:00:00+00:00,2025-04-08 05:00:00-04:00,42.332839,76.938781,train,42.753996,42.753996,56.646178
2025-04-08 10:00:00+00:00,2025-04-08 06:00:00-04:00,65.581614,135.850642,train,42.332839,42.332839,65.406663
2025-04-08 11:00:00+00:00,2025-04-08 07:00:00-04:00,907.344622,141.268192,train,65.581614,65.581614,90.053161
2025-04-08 12:00:00+00:00,2025-04-08 08:00:00-04:00,27.888307,73.585399,train,907.344622,907.344622,96.646225
2025-04-08 13:00:00+00:00,2025-04-08 09:00:00-04:00,26.733271,55.790983,train,27.888307,27.888307,76.570056
2025-04-08 14:00:00+00:00,2025-04-08 10:00:00-04:00,39.243021,50.792899,train,26.733271,26.733271,102.075335
2025-04-08 15:00:00+00:00,2025-04-08 11:00:00-04:00,33.525255,47.164594,train,39.243021,39.243021,43.140393
2025-04-08 16:00:00+00:00,2025-04-08 12:00:00-04:00,32.20562,42.760563,train,33.525255,33.525255,51.172236
2025-04-08 17:00:00+00:00,2025-04-08 13:00:00-04:00,28.428448,40.736099,train,32.20562,32.20562,51.262048
2025-04-08 18:00:00+00:00,2025-04-08 14:00:00-04:00,25.984916,38.646825,train,28.428448,28.428448,38.244304
2025-04-08 19:00:00+00:00,2025-04-08 15:00:00-04:00,22.686117,37.389726,train,25.984916,25.984916,48.615946
2025-04-08 20:00:00+00:00,2025-04-08 16:00:00-04:00,22.275456,38.74122,train,22.686117,22.686117,45.715459
2025-04-08 21:00:00+00:00,2025-04-08 17:00:00-04:00,28.379065,44.732948,train,22.275456,22.275456,47.149148
2025-04-08 22:00:00+00:00,2025-04-08 18:00:00-04:00,30.825538,64.790403,train,28.379065,28.379065,39.605495
2025-04-08 23:00:00+00:00,2025-04-08 19:00:00-04:00,60.809701,114.242646,train,30.825538,30.825538,51.155857
2025-04-09 00:00:00+00:00,2025-04-08 20:00:00-04:00,85.819713,138.972724,train,60.809701,60.809701,63.326288
2025-04-09 01:00:00+00:00,2025-04-08 21:00:00-04:00,46.526857,94.104311,train,85.819713,85.819713,59.523312
2025-04-09 02:00:00+00:00,2025-04-08 22:00:00-04:00,41.723845,87.040096,train,46.526857,46.526857,48.442905
2025-04-09 03:00:00+00:00,2025-04-08 23:00:00-04:00,45.382371,79.728635,train,41.723845,41.723845,46.641987
2025-04-09 04:00:00+00:00,2025-04-09 00:00:00-04:00,61.503914,71.761504,train,45.382371,45.382371,43.5517
2025-04-09 05:00:00+00:00,2025-04-09 01:00:00-04:00,104.769122,67.560816,train,61.503914,61.503914,40.361263
2025-04-09 06:00:00+00:00,2025-04-09 02:00:00-04:00,69.980405,67.201758,train,104.769122,104.769122,34.920322
2025-04-09 07:00:00+00:00,2025-04-09 03:00:00-04:00,43.636373,68.183884,train,69.980405,69.980405,44.659705
2025-04-09 08:00:00+00:00,2025-04-09 04:00:00-04:00,46.698144,68.382938,train,43.636373,43.636373,42.753996
2025-04-09 09:00:00+00:00,2025-04-09 05:00:00-04:00,50.055644,81.477789,train,46.698144,46.698144,42.332839
2025-04-09 10:00:00+00:00,2025-04-09 06:00:00-04:00,70.081535,162.278056,train,50.055644,50.055644,65.581614
2025-04-09 11:00:00+00:00,2025-04-09 07:00:00-04:00,66.712731,181.856714,train,70.081535,70.081535,907.344622
2025-04-09 12:00:00+00:00,2025-04-09 08:00:00-04:00,32.119488,72.934937,train,66.712731,66.712731,27.888307
2025-04-09 13:00:00+00:00,2025-04-09 09:00:00-04:00,28.859431,54.577997,train,32.119488,32.119488,26.733271
2025-04-09 14:00:00+00:00,2025-04-09 10:00:00-04:00,28.770106,52.246286,train,28.859431,28.859431,39.243021
2025-04-09 15:00:00+00:00,2025-04-09 11:00:00-04:00,28.759651,46.852273,train,28.770106,28.770106,33.525255
2025-04-09 16:00:00+00:00,2025-04-09 12:00:00-04:00,36.554606,41.272089,train,28.759651,28.759651,32.20562
2025-04-09 17:00:00+00:00,2025-04-09 13:00:00-04:00,25.408886,42.734464,train,36.554606,36.554606,28.428448
2025-04-09 18:00:00+00:00,2025-04-09 14:00:00-04:00,27.888541,39.852133,train,25.408886,25.408886,25.984916
2025-04-09 19:00:00+00:00,2025-04-09 15:00:00-04:00,25.823515,39.597335,train,27.888541,27.888541,22.686117
2025-04-09 20:00:00+00:00,2025-04-09 16:00:00-04:00,30.348478,40.432192,train,25.823515,25.823515,22.275456
2025-04-09 21:00:00+00:00,2025-04-09 17:00:00-04:00,32.495477,50.142161,train,30.348478,30.348478,28.379065
2025-04-09 22:00:00+00:00,2025-04-09 18:00:00-04:00,60.775849,64.699349,train,32.495477,32.495477,30.825538
2025-04-09 23:00:00+00:00,2025-04-09 19:00:00-04:00,55.147177,80.953043,train,60.775849,60.775849,60.809701
2025-04-10 00:00:00+00:00,2025-04-09 20:00:00-04:00,66.254664,80.869154,train,55.147177,55.147177,85.819713
2025-04-10 01:00:00+00:00,2025-04-09 21:00:00-04:00,44.92274,67.060403,train,66.254664,66.254664,46.526857
2025-04-10 02:00:00+00:00,2025-04-09 22:00:00-04:00,63.325405,60.953993,train,44.92274,44.92274,41.723845
2025-04-10 03:00:00+00:00,2025-04-09 23:00:00-04:00,74.214112,49.473084,train,63.325405,63.325405,45.382371
2025-04-10 04:00:00+00:00,2025-04-10 00:00:00-04:00,53.785914,56.580585,train,74.214112,74.214112,61.503914
2025-04-10 05:00:00+00:00,2025-04-10 01:00:00-04:00,45.672141,48.6203,train,53.785914,53.785914,104.769122
2025-04-10 06:00:00+00:00,2025-04-10 02:00:00-04:00,44.873469,44.24472,train,45.672141,45.672141,69.980405
2025-04-10 07:00:00+00:00,2025-04-10 03:00:00-04:00,45.93144,44.440079,train,44.873469,44.873469,43.636373
2025-04-10 08:00:00+00:00,2025-04-10 04:00:00-04:00,36.223619,43.499493,train,45.93144,45.93144,46.698144
2025-04-10 09:00:00+00:00,2025-04-10 05:00:00-04:00,46.346091,47.73719,train,36.223619,36.223619,50.055644
2025-04-10 10:00:00+00:00,2025-04-10 06:00:00-04:00,43.921431,69.374679,train,46.346091,46.346091,70.081535
2025-04-10 11:00:00+00:00,2025-04-10 07:00:00-04:00,53.846248,96.068518,train,43.921431,43.921431,66.712731
2025-04-10 12:00:00+00:00,2025-04-10 08:00:00-04:00,41.631161,66.097534,train,53.846248,53.846248,32.119488
2025-04-10 13:00:00+00:00,2025-04-10 09:00:00-04:00,44.905713,67.390492,train,41.631161,41.631161,28.859431
2025-04-10 14:00:00+00:00,2025-04-10 10:00:00-04:00,37.019987,57.874143,train,44.905713,44.905713,28.770106
2025-04-10 15:00:00+00:00,2025-04-10 11:00:00-04:00,41.675639,55.839863,train,37.019987,37.019987,28.759651
2025-04-10 16:00:00+00:00,2025-04-10 12:00:00-04:00,38.881768,55.459769,train,41.675639,41.675639,36.554606
2025-04-10 17:00:00+00:00,2025-04-10 13:00:00-04:00,37.997584,52.034717,train,38.881768,38.881768,25.408886
2025-04-10 18:00:00+00:00,2025-04-10 14:00:00-04:00,40.514299,49.802533,train,37.997584,37.997584,27.888541
2025-04-10 19:00:00+00:00,2025-04-10 15:00:00-04:00,58.875161,50.64077,train,40.514299,40.514299,25.823515
2025-04-10 20:00:00+00:00,2025-04-10 16:00:00-04:00,54.393701,50.229507,train,58.875161,58.875161,30.348478
2025-04-10 21:00:00+00:00,2025-04-10 17:00:00-04:00,35.598308,48.553303,train,54.393701,54.393701,32.495477
2025-04-10 22:00:00+00:00,2025-04-10 18:00:00-04:00,50.166778,49.371798,train,35.598308,35.598308,60.775849
2025-04-10 23:00:00+00:00,2025-04-10 19:00:00-04:00,57.617821,65.222207,train,50.166778,50.166778,55.147177
2025-04-11 00:00:00+00:00,2025-04-10 20:00:00-04:00,46.014729,66.20211,train,57.617821,57.617821,66.254664
2025-04-11 01:00:00+00:00,2025-04-10 21:00:00-04:00,64.49188,60.544939,train,46.014729,46.014729,44.92274
2025-04-11 02:00:00+00:00,2025-04-10 22:00:00-04:00,84.55581,51.956731,train,64.49188,64.49188,63.325405
2025-04-11 03:00:00+00:00,2025-04-10 23:00:00-04:00,63.715763,46.090404,train,84.55581,84.55581,74.214112
2025-04-11 04:00:00+00:00,2025-04-11 00:00:00-04:00,58.236045,44.727362,train,63.715763,63.715763,53.785914
2025-04-11 05:00:00+00:00,2025-04-11 01:00:00-04:00,43.89369,44.865862,train,58.236045,58.236045,45.672141
2025-04-11 06:00:00+00:00,2025-04-11 02:00:00-04:00,39.248862,40.489548,train,43.89369,43.89369,44.873469
2025-04-11 07:00:00+00:00,2025-04-11 03:00:00-04:00,37.448682,40.141891,train,39.248862,39.248862,45.93144
2025-04-11 08:00:00+00:00,2025-04-11 04:00:00-04:00,64.295091,41.872117,train,37.448682,37.448682,36.223619
2025-04-11 09:00:00+00:00,2025-04-11 05:00:00-04:00,45.934869,45.119074,train,64.295091,64.295091,46.346091
2025-04-11 10:00:00+00:00,2025-04-11 06:00:00-04:00,82.773247,56.337433,train,45.934869,45.934869,43.921431
2025-04-11 11:00:00+00:00,2025-04-11 07:00:00-04:00,46.766265,67.294106,train,82.773247,82.773247,53.846248
2025-04-11 12:00:00+00:00,2025-04-11 08:00:00-04:00,65.023009,80.77118,train,46.766265,46.766265,41.631161
2025-04-11 13:00:00+00:00,2025-04-11 09:00:00-04:00,62.804116,76.73512,train,65.023009,65.023009,44.905713
2025-04-11 14:00:00+00:00,2025-04-11 10:00:00-04:00,66.228071,67.373794,train,62.804116,62.804116,37.019987
2025-04-11 15:00:00+00:00,2025-04-11 11:00:00-04:00,83.65075,65.012548,train,66.228071,66.228071,41.675639
2025-04-11 16:00:00+00:00,2025-04-11 12:00:00-04:00,75.252566,62.662276,train,83.65075,83.65075,38.881768
2025-04-11 17:00:00+00:00,2025-04-11 13:00:00-04:00,63.06761,60.998621,train,75.252566,75.252566,37.997584
2025-04-11 18:00:00+00:00,2025-04-11 14:00:00-04:00,59.138884,56.932503,train,63.06761,63.06761,40.514299
2025-04-11 19:00:00+00:00,2025-04-11 15:00:00-04:00,62.316529,53.79899,train,59.138884,59.138884,58.875161
2025-04-11 20:00:00+00:00,2025-04-11 16:00:00-04:00,147.853853,51.254136,train,62.316529,62.316529,54.393701
2025-04-11 21:00:00+00:00,2025-04-11 17:00:00-04:00,82.092177,49.387104,train,147.853853,147.853853,35.598308
2025-04-11 22:00:00+00:00,2025-04-11 18:00:00-04:00,53.015146,47.256441,train,82.092177,82.092177,50.166778
2025-04-11 23:00:00+00:00,2025-04-11 19:00:00-04:00,62.819923,58.312912,train,53.015146,53.015146,57.617821
2025-04-12 00:00:00+00:00,2025-04-11 20:00:00-04:00,62.489695,63.645497,train,62.819923,62.819923,46.014729
2025-04-12 01:00:00+00:00,2025-04-11 21:00:00-04:00,57.931378,65.481356,train,62.489695,62.489695,64.49188
2025-04-12 02:00:00+00:00,2025-04-11 22:00:00-04:00,80.999423,61.419053,train,57.931378,57.931378,84.55581
2025-04-12 03:00:00+00:00,2025-04-11 23:00:00-04:00,55.599435,54.167223,train,80.999423,80.999423,63.715763
2025-04-12 04:00:00+00:00,2025-04-12 00:00:00-04:00,65.101244,78.26943,train,55.599435,55.599435,58.236045
2025-04-12 05:00:00+00:00,2025-04-12 01:00:00-04:00,71.394833,70.202961,train,65.101244,65.101244,43.89369
2025-04-12 06:00:00+00:00,2025-04-12 02:00:00-04:00,100.501488,62.128409,train,71.394833,71.394833,39.248862
2025-04-12 07:00:00+00:00,2025-04-12 03:00:00-04:00,84.675304,63.126199,train,100.501488,100.501488,37.448682
2025-04-12 08:00:00+00:00,2025-04-12 04:00:00-04:00,89.26939,64.635398,train,84.675304,84.675304,64.295091
2025-04-12 09:00:00+00:00,2025-04-12 05:00:00-04:00,101.512581,69.788136,train,89.26939,89.26939,45.934869
2025-04-12 10:00:00+00:00,2025-04-12 06:00:00-04:00,103.102716,73.114055,train,101.512581,101.512581,82.773247
2025-04-12 11:00:00+00:00,2025-04-12 07:00:00-04:00,74.91294,81.772171,train,103.102716,103.102716,46.766265
2025-04-12 12:00:00+00:00,2025-04-12 08:00:00-04:00,67.856174,70.95797,train,74.91294,74.91294,65.023009
2025-04-12 13:00:00+00:00,2025-04-12 09:00:00-04:00,66.436797,64.720606,train,67.856174,67.856174,62.804116
2025-04-12 14:00:00+00:00,2025-04-12 10:00:00-04:00,50.030099,63.688956,train,66.436797,66.436797,66.228071
2025-04-12 15:00:00+00:00,2025-04-12 11:00:00-04:00,114.515755,60.696171,train,50.030099,50.030099,83.65075
2025-04-12 16:00:00+00:00,2025-04-12 12:00:00-04:00,54.236222,57.851391,train,114.515755,114.515755,75.252566
2025-04-12 17:00:00+00:00,2025-04-12 13:00:00-04:00,42.588759,50.951158,train,54.236222,54.236222,63.06761
2025-04-12 18:00:00+00:00,2025-04-12 14:00:00-04:00,54.619833,41.542744,train,42.588759,42.588759,59.138884
2025-04-12 19:00:00+00:00,2025-04-12 15:00:00-04:00,49.420996,40.425695,train,54.619833,54.619833,62.316529
2025-04-12 20:00:00+00:00,2025-04-12 16:00:00-04:00,42.290313,45.326743,train,49.420996,49.420996,147.853853
2025-04-12 21:00:00+00:00,2025-04-12 17:00:00-04:00,46.044045,52.391141,train,42.290313,42.290313,82.092177
2025-04-12 22:00:00+00:00,2025-04-12 18:00:00-04:00,39.605996,57.563233,train,46.044045,46.044045,53.015146
2025-04-12 23:00:00+00:00,2025-04-12 19:00:00-04:00,55.466909,80.050348,train,39.605996,39.605996,62.819923
2025-04-13 00:00:00+00:00,2025-04-12 20:00:00-04:00,71.056295,83.056912,train,55.466909,55.466909,62.489695
2025-04-13 01:00:00+00:00,2025-04-12 21:00:00-04:00,81.672496,67.50846,train,71.056295,71.056295,57.931378
2025-04-13 02:00:00+00:00,2025-04-12 22:00:00-04:00,82.703629,63.411819,train,81.672496,81.672496,80.999423
2025-04-13 03:00:00+00:00,2025-04-12 23:00:00-04:00,49.266175,61.60419,train,82.703629,82.703629,55.599435
2025-04-13 04:00:00+00:00,2025-04-13 00:00:00-04:00,48.236388,70.337537,train,49.266175,49.266175,65.101244
2025-04-13 05:00:00+00:00,2025-04-13 01:00:00-04:00,44.705729,55.434494,train,48.236388,48.236388,71.394833
2025-04-13 06:00:00+00:00,2025-04-13 02:00:00-04:00,64.718653,51.804284,train,44.705729,44.705729,100.501488
2025-04-13 07:00:00+00:00,2025-04-13 03:00:00-04:00,48.541579,53.138174,train,64.718653,64.718653,84.675304
2025-04-13 08:00:00+00:00,2025-04-13 04:00:00-04:00,75.120832,53.251338,train,48.541579,48.541579,89.26939
2025-04-13 09:00:00+00:00,2025-04-13 05:00:00-04:00,40.839594,53.401784,train,75.120832,75.120832,101.512581
2025-04-13 10:00:00+00:00,2025-04-13 06:00:00-04:00,56.454335,59.091912,train,40.839594,40.839594,103.102716
2025-04-13 11:00:00+00:00,2025-04-13 07:00:00-04:00,49.317321,56.124961,train,56.454335,56.454335,74.91294
2025-04-13 12:00:00+00:00,2025-04-13 08:00:00-04:00,32.399094,41.068733,train,49.317321,49.317321,67.856174
2025-04-13 13:00:00+00:00,2025-04-13 09:00:00-04:00,32.075898,37.083316,train,32.399094,32.399094,66.436797
2025-04-13 14:00:00+00:00,2025-04-13 10:00:00-04:00,32.172375,35.318264,train,32.075898,32.075898,50.030099
2025-04-13 15:00:00+00:00,2025-04-13 11:00:00-04:00,29.872656,34.923566,train,32.172375,32.172375,114.515755
2025-04-13 16:00:00+00:00,2025-04-13 12:00:00-04:00,22.931682,33.600514,train,29.872656,29.872656,54.236222
2025-04-13 17:00:00+00:00,2025-04-13 13:00:00-04:00,23.526208,32.954546,train,22.931682,22.931682,42.588759
2025-04-13 18:00:00+00:00,2025-04-13 14:00:00-04:00,21.465803,32.146461,train,23.526208,23.526208,54.619833
2025-04-13 19:00:00+00:00,2025-04-13 15:00:00-04:00,25.339533,31.940891,train,21.465803,21.465803,49.420996
2025-04-13 20:00:00+00:00,2025-04-13 16:00:00-04:00,28.113426,34.153007,train,25.339533,25.339533,42.290313
2025-04-13 21:00:00+00:00,2025-04-13 17:00:00-04:00,67.109731,38.28826,train,28.113426,28.113426,46.044045
2025-04-13 22:00:00+00:00,2025-04-13 18:00:00-04:00,108.027983,49.332473,train,67.109731,67.109731,39.605996
2025-04-13 23:00:00+00:00,2025-04-13 19:00:00-04:00,56.80662,73.375091,train,108.027983,108.027983,55.466909
2025-04-14 00:00:00+00:00,2025-04-13 20:00:00-04:00,53.704739,75.187719,train,56.80662,56.80662,71.056295
2025-04-14 01:00:00+00:00,2025-04-13 21:00:00-04:00,71.820347,60.702538,train,53.704739,53.704739,81.672496
2025-04-14 02:00:00+00:00,2025-04-13 22:00:00-04:00,48.088854,53.212732,train,71.820347,71.820347,82.703629
2025-04-14 03:00:00+00:00,2025-04-13 23:00:00-04:00,40.496152,50.32439,train,48.088854,48.088854,49.266175
2025-04-14 04:00:00+00:00,2025-04-14 00:00:00-04:00,42.647546,45.080002,train,40.496152,40.496152,48.236388
2025-04-14 05:00:00+00:00,2025-04-14 01:00:00-04:00,39.840042,44.119545,train,42.647546,42.647546,44.705729
2025-04-14 06:00:00+00:00,2025-04-14 02:00:00-04:00,38.830465,39.386541,train,39.840042,39.840042,64.718653
2025-04-14 07:00:00+00:00,2025-04-14 03:00:00-04:00,40.172508,39.596175,train,38.830465,38.830465,48.541579
2025-04-14 08:00:00+00:00,2025-04-14 04:00:00-04:00,41.461647,43.330508,train,40.172508,40.172508,75.120832
2025-04-14 09:00:00+00:00,2025-04-14 05:00:00-04:00,29.359185,57.723681,train,41.461647,41.461647,40.839594
2025-04-14 10:00:00+00:00,2025-04-14 06:00:00-04:00,45.98719,102.319784,train,29.359185,29.359185,56.454335
2025-04-14 11:00:00+00:00,2025-04-14 07:00:00-04:00,41.688197,103.804922,train,45.98719,45.98719,49.317321
2025-04-14 12:00:00+00:00,2025-04-14 08:00:00-04:00,77.18712,64.720004,train,41.688197,41.688197,32.399094
2025-04-14 13:00:00+00:00,2025-04-14 09:00:00-04:00,123.647311,58.287577,train,77.18712,77.18712,32.075898
2025-04-14 14:00:00+00:00,2025-04-14 10:00:00-04:00,32.727335,54.47026,train,123.647311,123.647311,32.172375
2025-04-14 15:00:00+00:00,2025-04-14 11:00:00-04:00,28.993254,51.848769,train,32.727335,32.727335,29.872656
2025-04-14 16:00:00+00:00,2025-04-14 12:00:00-04:00,30.079542,50.414018,train,28.993254,28.993254,22.931682
2025-04-14 17:00:00+00:00,2025-04-14 13:00:00-04:00,36.473981,52.371295,train,30.079542,30.079542,23.526208
2025-04-14 18:00:00+00:00,2025-04-14 14:00:00-04:00,49.064397,54.415824,train,36.473981,36.473981,21.465803
2025-04-14 19:00:00+00:00,2025-04-14 15:00:00-04:00,209.574891,57.550146,train,49.064397,49.064397,25.339533
2025-04-14 20:00:00+00:00,2025-04-14 16:00:00-04:00,180.506733,61.990183,train,209.574891,209.574891,28.113426
2025-04-14 21:00:00+00:00,2025-04-14 17:00:00-04:00,216.571768,75.535761,train,180.506733,180.506733,67.109731
2025-04-14 22:00:00+00:00,2025-04-14 18:00:00-04:00,362.945385,93.53532,train,216.571768,216.571768,108.027983
2025-04-14 23:00:00+00:00,2025-04-14 19:00:00-04:00,434.820974,133.68997,train,362.945385,362.945385,56.80662
2025-04-15 00:00:00+00:00,2025-04-14 20:00:00-04:00,428.761044,145.707762,train,434.820974,434.820974,53.704739
2025-04-15 01:00:00+00:00,2025-04-14 21:00:00-04:00,111.298354,99.788781,train,428.761044,428.761044,71.820347
2025-04-15 02:00:00+00:00,2025-04-14 22:00:00-04:00,101.85904,85.218725,train,111.298354,111.298354,48.088854
2025-04-15 03:00:00+00:00,2025-04-14 23:00:00-04:00,59.951541,53.198234,train,101.85904,101.85904,40.496152
2025-04-15 04:00:00+00:00,2025-04-15 00:00:00-04:00,60.795774,43.75976,train,59.951541,59.951541,42.647546
2025-04-15 05:00:00+00:00,2025-04-15 01:00:00-04:00,37.305023,39.314274,train,60.795774,60.795774,39.840042
2025-04-15 06:00:00+00:00,2025-04-15 02:00:00-04:00,40.329232,34.973027,train,37.305023,37.305023,38.830465
2025-04-15 07:00:00+00:00,2025-04-15 03:00:00-04:00,35.941072,34.360826,train,40.329232,40.329232,40.172508
2025-04-15 08:00:00+00:00,2025-04-15 04:00:00-04:00,71.538961,35.565747,train,35.941072,35.941072,41.461647
2025-04-15 09:00:00+00:00,2025-04-15 05:00:00-04:00,68.034188,38.980205,train,71.538961,71.538961,29.359185
2025-04-15 10:00:00+00:00,2025-04-15 06:00:00-04:00,46.506749,51.502729,train,68.034188,68.034188,45.98719
2025-04-15 11:00:00+00:00,2025-04-15 07:00:00-04:00,42.522855,52.342247,train,46.506749,46.506749,41.688197
2025-04-15 12:00:00+00:00,2025-04-15 08:00:00-04:00,37.71095,49.904929,train,42.522855,42.522855,77.18712
2025-04-15 13:00:00+00:00,2025-04-15 09:00:00-04:00,45.989672,47.425505,train,37.71095,37.71095,123.647311
2025-04-15 14:00:00+00:00,2025-04-15 10:00:00-04:00,63.345147,47.041145,train,45.989672,45.989672,32.727335
2025-04-15 15:00:00+00:00,2025-04-15 11:00:00-04:00,52.335893,47.956923,train,63.345147,63.345147,28.993254
2025-04-15 16:00:00+00:00,2025-04-15 12:00:00-04:00,33.731517,49.444505,train,52.335893,52.335893,30.079542
2025-04-15 17:00:00+00:00,2025-04-15 13:00:00-04:00,36.07528,49.44212,train,33.731517,33.731517,36.473981
2025-04-15 18:00:00+00:00,2025-04-15 14:00:00-04:00,51.397827,48.610186,train,36.07528,36.07528,49.064397
2025-04-15 19:00:00+00:00,2025-04-15 15:00:00-04:00,32.511431,47.986625,train,51.397827,51.397827,209.574891
2025-04-15 20:00:00+00:00,2025-04-15 16:00:00-04:00,31.392174,45.584755,train,32.511431,32.511431,180.506733
2025-04-15 21:00:00+00:00,2025-04-15 17:00:00-04:00,48.512322,45.738476,train,31.392174,31.392174,216.571768
2025-04-15 22:00:00+00:00,2025-04-15 18:00:00-04:00,51.781119,53.949926,train,48.512322,48.512322,362.945385
2025-04-15 23:00:00+00:00,2025-04-15 19:00:00-04:00,48.9475,82.863804,train,51.781119,51.781119,434.820974
2025-04-16 00:00:00+00:00,2025-04-15 20:00:00-04:00,78.264572,121.455588,train,48.9475,48.9475,428.761044
2025-04-16 01:00:00+00:00,2025-04-15 21:00:00-04:00,48.826434,83.028696,train,78.264572,78.264572,111.298354
2025-04-16 02:00:00+00:00,2025-04-15 22:00:00-04:00,37.432966,65.094748,train,48.826434,48.826434,101.85904
2025-04-16 03:00:00+00:00,2025-04-15 23:00:00-04:00,50.040414,53.562984,train,37.432966,37.432966,59.951541
2025-04-16 04:00:00+00:00,2025-04-16 00:00:00-04:00,51.220926,49.643129,train,50.040414,50.040414,60.795774
2025-04-16 05:00:00+00:00,2025-04-16 01:00:00-04:00,43.758505,46.972978,train,51.220926,51.220926,37.305023
2025-04-16 06:00:00+00:00,2025-04-16 02:00:00-04:00,33.911126,45.460466,train,43.758505,43.758505,40.329232
2025-04-16 07:00:00+00:00,2025-04-16 03:00:00-04:00,36.547384,47.344479,train,33.911126,33.911126,35.941072
2025-04-16 08:00:00+00:00,2025-04-16 04:00:00-04:00,25.683736,49.958924,train,36.547384,36.547384,71.538961
2025-04-16 09:00:00+00:00,2025-04-16 05:00:00-04:00,46.736276,65.330234,train,25.683736,25.683736,68.034188
2025-04-16 10:00:00+00:00,2025-04-16 06:00:00-04:00,74.621869,116.61185,train,46.736276,46.736276,46.506749
2025-04-16 11:00:00+00:00,2025-04-16 07:00:00-04:00,56.905098,104.247179,train,74.621869,74.621869,42.522855
2025-04-16 12:00:00+00:00,2025-04-16 08:00:00-04:00,33.453535,60.112486,train,56.905098,56.905098,37.71095
2025-04-16 13:00:00+00:00,2025-04-16 09:00:00-04:00,33.628422,45.857328,train,33.453535,33.453535,45.989672
2025-04-16 14:00:00+00:00,2025-04-16 10:00:00-04:00,39.558721,42.949142,train,33.628422,33.628422,63.345147
2025-04-16 15:00:00+00:00,2025-04-16 11:00:00-04:00,34.24376,39.743124,train,39.558721,39.558721,52.335893
2025-04-16 16:00:00+00:00,2025-04-16 12:00:00-04:00,32.969265,38.856171,train,34.24376,34.24376,33.731517
2025-04-16 17:00:00+00:00,2025-04-16 13:00:00-04:00,32.224775,38.47128,train,32.969265,32.969265,36.07528
2025-04-16 18:00:00+00:00,2025-04-16 14:00:00-04:00,27.379742,40.566803,train,32.224775,32.224775,51.397827
2025-04-16 19:00:00+00:00,2025-04-16 15:00:00-04:00,27.0253,41.365421,train,27.379742,27.379742,32.511431
2025-04-16 20:00:00+00:00,2025-04-16 16:00:00-04:00,25.850451,44.793344,train,27.0253,27.0253,31.392174
2025-04-16 21:00:00+00:00,2025-04-16 17:00:00-04:00,28.415509,52.251699,train,25.850451,25.850451,48.512322
2025-04-16 22:00:00+00:00,2025-04-16 18:00:00-04:00,36.540442,67.795758,train,28.415509,28.415509,51.781119
2025-04-16 23:00:00+00:00,2025-04-16 19:00:00-04:00,47.817287,104.577177,train,36.540442,36.540442,48.9475
2025-04-17 00:00:00+00:00,2025-04-16 20:00:00-04:00,86.585883,112.704467,train,47.817287,47.817287,78.264572
2025-04-17 01:00:00+00:00,2025-04-16 21:00:00-04:00,63.133459,70.612361,train,86.585883,86.585883,48.826434
2025-04-17 02:00:00+00:00,2025-04-16 22:00:00-04:00,50.66539,60.789401,train,63.133459,63.133459,37.432966
2025-04-17 03:00:00+00:00,2025-04-16 23:00:00-04:00,48.928072,57.893652,train,50.66539,50.66539,50.040414
2025-04-17 04:00:00+00:00,2025-04-17 00:00:00-04:00,45.403951,47.575949,train,48.928072,48.928072,51.220926
2025-04-17 05:00:00+00:00,2025-04-17 01:00:00-04:00,60.192607,46.744135,train,45.403951,45.403951,43.758505
2025-04-17 06:00:00+00:00,2025-04-17 02:00:00-04:00,44.883875,43.414646,train,60.192607,60.192607,33.911126
2025-04-17 07:00:00+00:00,2025-04-17 03:00:00-04:00,42.253676,44.638551,train,44.883875,44.883875,36.547384
2025-04-17 08:00:00+00:00,2025-04-17 04:00:00-04:00,38.689138,46.173549,train,42.253676,42.253676,25.683736
2025-04-17 09:00:00+00:00,2025-04-17 05:00:00-04:00,42.223587,51.194811,train,38.689138,38.689138,46.736276
2025-04-17 10:00:00+00:00,2025-04-17 06:00:00-04:00,102.914766,103.238669,train,42.223587,42.223587,74.621869
2025-04-17 11:00:00+00:00,2025-04-17 07:00:00-04:00,54.81215,78.518548,train,102.914766,102.914766,56.905098
2025-04-17 12:00:00+00:00,2025-04-17 08:00:00-04:00,29.663258,40.374508,train,54.81215,54.81215,33.453535
2025-04-17 13:00:00+00:00,2025-04-17 09:00:00-04:00,25.32797,31.744231,train,29.663258,29.663258,33.628422
2025-04-17 14:00:00+00:00,2025-04-17 10:00:00-04:00,26.168735,30.627751,train,25.32797,25.32797,39.558721
2025-04-17 15:00:00+00:00,2025-04-17 11:00:00-04:00,25.260912,29.783231,train,26.168735,26.168735,34.24376
2025-04-17 16:00:00+00:00,2025-04-17 12:00:00-04:00,21.32007,29.537066,train,25.260912,25.260912,32.969265
2025-04-17 17:00:00+00:00,2025-04-17 13:00:00-04:00,22.943201,30.988131,train,21.32007,21.32007,32.224775
2025-04-17 18:00:00+00:00,2025-04-17 14:00:00-04:00,21.35663,31.926569,train,22.943201,22.943201,27.379742
2025-04-17 19:00:00+00:00,2025-04-17 15:00:00-04:00,22.077812,33.013458,train,21.35663,21.35663,27.0253
2025-04-17 20:00:00+00:00,2025-04-17 16:00:00-04:00,26.558449,35.291516,train,22.077812,22.077812,25.850451
2025-04-17 21:00:00+00:00,2025-04-17 17:00:00-04:00,27.068557,42.315766,train,26.558449,26.558449,28.415509
2025-04-17 22:00:00+00:00,2025-04-17 18:00:00-04:00,44.517406,54.093993,train,27.068557,27.068557,36.540442
2025-04-17 23:00:00+00:00,2025-04-17 19:00:00-04:00,43.687474,61.029519,train,44.517406,44.517406,47.817287
2025-04-18 00:00:00+00:00,2025-04-17 20:00:00-04:00,44.601972,60.300701,train,43.687474,43.687474,86.585883
2025-04-18 01:00:00+00:00,2025-04-17 21:00:00-04:00,59.08772,48.810748,train,44.601972,44.601972,63.133459
2025-04-18 02:00:00+00:00,2025-04-17 22:00:00-04:00,33.767528,40.44977,train,59.08772,59.08772,50.66539
2025-04-18 03:00:00+00:00,2025-04-17 23:00:00-04:00,28.607192,34.180449,train,33.767528,33.767528,48.928072
2025-04-18 04:00:00+00:00,2025-04-18 00:00:00-04:00,29.099597,34.254366,train,28.607192,28.607192,45.403951
2025-04-18 05:00:00+00:00,2025-04-18 01:00:00-04:00,45.661682,35.135882,train,29.099597,29.099597,60.192607
2025-04-18 06:00:00+00:00,2025-04-18 02:00:00-04:00,31.812368,34.235951,train,45.661682,45.661682,44.883875
2025-04-18 07:00:00+00:00,2025-04-18 03:00:00-04:00,32.564194,33.463069,train,31.812368,31.812368,42.253676
2025-04-18 08:00:00+00:00,2025-04-18 04:00:00-04:00,25.707812,36.028796,train,32.564194,32.564194,38.689138
2025-04-18 09:00:00+00:00,2025-04-18 05:00:00-04:00,29.444497,39.36843,train,25.707812,25.707812,42.223587
2025-04-18 10:00:00+00:00,2025-04-18 06:00:00-04:00,36.717765,48.652918,train,29.444497,29.444497,102.914766
2025-04-18 11:00:00+00:00,2025-04-18 07:00:00-04:00,40.275816,49.47097,train,36.717765,36.717765,54.81215
2025-04-18 12:00:00+00:00,2025-04-18 08:00:00-04:00,21.722255,34.16243,train,40.275816,40.275816,29.663258
2025-04-18 13:00:00+00:00,2025-04-18 09:00:00-04:00,18.790179,29.351469,train,21.722255,21.722255,25.32797
2025-04-18 14:00:00+00:00,2025-04-18 10:00:00-04:00,16.103902,26.626891,train,18.790179,18.790179,26.168735
2025-04-18 15:00:00+00:00,2025-04-18 11:00:00-04:00,23.116906,26.87295,train,16.103902,16.103902,25.260912
2025-04-18 16:00:00+00:00,2025-04-18 12:00:00-04:00,20.485711,33.336582,train,23.116906,23.116906,21.32007
2025-04-18 17:00:00+00:00,2025-04-18 13:00:00-04:00,21.047187,41.56377,train,20.485711,20.485711,22.943201
2025-04-18 18:00:00+00:00,2025-04-18 14:00:00-04:00,22.170018,48.78283,train,21.047187,21.047187,21.35663
2025-04-18 19:00:00+00:00,2025-04-18 15:00:00-04:00,25.094619,55.789686,train,22.170018,22.170018,22.077812
2025-04-18 20:00:00+00:00,2025-04-18 16:00:00-04:00,35.607036,53.035793,train,25.094619,25.094619,26.558449
2025-04-18 21:00:00+00:00,2025-04-18 17:00:00-04:00,33.740533,60.934197,train,35.607036,35.607036,27.068557
2025-04-18 22:00:00+00:00,2025-04-18 18:00:00-04:00,51.423975,77.776184,train,33.740533,33.740533,44.517406
2025-04-18 23:00:00+00:00,2025-04-18 19:00:00-04:00,63.476269,109.014405,train,51.423975,51.423975,43.687474
2025-04-19 00:00:00+00:00,2025-04-18 20:00:00-04:00,52.969164,99.862002,train,63.476269,63.476269,44.601972
2025-04-19 01:00:00+00:00,2025-04-18 21:00:00-04:00,45.178509,66.375952,train,52.969164,52.969164,59.08772
2025-04-19 02:00:00+00:00,2025-04-18 22:00:00-04:00,54.068269,54.593784,train,45.178509,45.178509,33.767528
2025-04-19 03:00:00+00:00,2025-04-18 23:00:00-04:00,35.8582,41.53239,train,54.068269,54.068269,28.607192
2025-04-19 04:00:00+00:00,2025-04-19 00:00:00-04:00,29.534585,37.535754,train,35.8582,35.8582,29.099597
2025-04-19 05:00:00+00:00,2025-04-19 01:00:00-04:00,22.167776,31.339965,train,29.534585,29.534585,45.661682
2025-04-19 06:00:00+00:00,2025-04-19 02:00:00-04:00,23.642882,27.28414,train,22.167776,22.167776,31.812368
2025-04-19 07:00:00+00:00,2025-04-19 03:00:00-04:00,24.25539,26.794447,train,23.642882,23.642882,32.564194
2025-04-19 08:00:00+00:00,2025-04-19 04:00:00-04:00,27.744181,27.859963,train,24.25539,24.25539,25.707812
2025-04-19 09:00:00+00:00,2025-04-19 05:00:00-04:00,26.61195,30.794204,train,27.744181,27.744181,29.444497
2025-04-19 10:00:00+00:00,2025-04-19 06:00:00-04:00,47.771374,34.170901,train,26.61195,26.61195,36.717765
2025-04-19 11:00:00+00:00,2025-04-19 07:00:00-04:00,45.261131,35.361074,train,47.771374,47.771374,40.275816
2025-04-19 12:00:00+00:00,2025-04-19 08:00:00-04:00,82.133565,30.703351,train,45.261131,45.261131,21.722255
2025-04-19 13:00:00+00:00,2025-04-19 09:00:00-04:00,30.93217,34.876618,train,82.133565,82.133565,18.790179
2025-04-19 14:00:00+00:00,2025-04-19 10:00:00-04:00,86.330821,37.716902,train,30.93217,30.93217,16.103902
2025-04-19 15:00:00+00:00,2025-04-19 11:00:00-04:00,65.061533,40.350023,train,86.330821,86.330821,23.116906
2025-04-19 16:00:00+00:00,2025-04-19 12:00:00-04:00,25.873971,48.019404,train,65.061533,65.061533,20.485711
2025-04-19 17:00:00+00:00,2025-04-19 13:00:00-04:00,25.458885,60.720124,train,25.873971,25.873971,21.047187
2025-04-19 18:00:00+00:00,2025-04-19 14:00:00-04:00,58.300386,73.433177,train,25.458885,25.458885,22.170018
2025-04-19 19:00:00+00:00,2025-04-19 15:00:00-04:00,41.622889,86.480629,train,58.300386,58.300386,25.094619
2025-04-19 20:00:00+00:00,2025-04-19 16:00:00-04:00,41.806663,100.235474,train,41.622889,41.622889,35.607036
2025-04-19 21:00:00+00:00,2025-04-19 17:00:00-04:00,44.415458,112.010702,train,41.806663,41.806663,33.740533
2025-04-19 22:00:00+00:00,2025-04-19 18:00:00-04:00,56.58222,132.595335,train,44.415458,44.415458,51.423975
2025-04-19 23:00:00+00:00,2025-04-19 19:00:00-04:00,69.944796,156.597868,train,56.58222,56.58222,63.476269
2025-04-20 00:00:00+00:00,2025-04-19 20:00:00-04:00,80.028028,145.561728,train,69.944796,69.944796,52.969164
2025-04-20 01:00:00+00:00,2025-04-19 21:00:00-04:00,67.025068,91.527212,train,80.028028,80.028028,45.178509
2025-04-20 02:00:00+00:00,2025-04-19 22:00:00-04:00,47.993984,71.06514,train,67.025068,67.025068,54.068269
2025-04-20 03:00:00+00:00,2025-04-19 23:00:00-04:00,38.686086,58.351088,train,47.993984,47.993984,35.8582
2025-04-20 04:00:00+00:00,2025-04-20 00:00:00-04:00,35.040541,50.88794,train,38.686086,38.686086,29.534585
2025-04-20 05:00:00+00:00,2025-04-20 01:00:00-04:00,27.182574,40.317798,train,35.040541,35.040541,22.167776
2025-04-20 06:00:00+00:00,2025-04-20 02:00:00-04:00,26.55445,33.373728,train,27.182574,27.182574,23.642882
2025-04-20 07:00:00+00:00,2025-04-20 03:00:00-04:00,25.506075,30.184119,train,26.55445,26.55445,24.25539
2025-04-20 08:00:00+00:00,2025-04-20 04:00:00-04:00,23.16517,29.992638,train,25.506075,25.506075,27.744181
2025-04-20 09:00:00+00:00,2025-04-20 05:00:00-04:00,24.272024,28.359147,train,23.16517,23.16517,26.61195
2025-04-20 10:00:00+00:00,2025-04-20 06:00:00-04:00,23.539304,28.050957,train,24.272024,24.272024,47.771374
2025-04-20 11:00:00+00:00,2025-04-20 07:00:00-04:00,26.386718,27.002992,train,23.539304,23.539304,45.261131
2025-04-20 12:00:00+00:00,2025-04-20 08:00:00-04:00,25.474916,29.302778,train,26.386718,26.386718,82.133565
2025-04-20 13:00:00+00:00,2025-04-20 09:00:00-04:00,19.009181,29.708818,train,25.474916,25.474916,30.93217
2025-04-20 14:00:00+00:00,2025-04-20 10:00:00-04:00,22.279931,30.915011,train,19.009181,19.009181,86.330821
2025-04-20 15:00:00+00:00,2025-04-20 11:00:00-04:00,22.216501,36.281545,train,22.279931,22.279931,65.061533
2025-04-20 16:00:00+00:00,2025-04-20 12:00:00-04:00,22.066817,42.268626,train,22.216501,22.216501,25.873971
2025-04-20 17:00:00+00:00,2025-04-20 13:00:00-04:00,30.439961,49.656099,train,22.066817,22.066817,25.458885
2025-04-20 18:00:00+00:00,2025-04-20 14:00:00-04:00,32.983841,58.740031,train,30.439961,30.439961,58.300386
2025-04-20 19:00:00+00:00,2025-04-20 15:00:00-04:00,32.948873,65.332407,train,32.983841,32.983841,41.622889
2025-04-20 20:00:00+00:00,2025-04-20 16:00:00-04:00,35.098845,72.381812,train,32.948873,32.948873,41.806663
2025-04-20 21:00:00+00:00,2025-04-20 17:00:00-04:00,32.644294,78.231434,train,35.098845,35.098845,44.415458
2025-04-20 22:00:00+00:00,2025-04-20 18:00:00-04:00,161.90042,78.054514,train,32.644294,32.644294,56.58222
2025-04-20 23:00:00+00:00,2025-04-20 19:00:00-04:00,79.584246,94.756365,train,161.90042,161.90042,69.944796
2025-04-21 00:00:00+00:00,2025-04-20 20:00:00-04:00,69.019016,86.454566,train,79.584246,79.584246,80.028028
2025-04-21 01:00:00+00:00,2025-04-20 21:00:00-04:00,33.377756,59.654684,train,69.019016,69.019016,67.025068
2025-04-21 02:00:00+00:00,2025-04-20 22:00:00-04:00,94.860177,46.816926,train,33.377756,33.377756,47.993984
2025-04-21 03:00:00+00:00,2025-04-20 23:00:00-04:00,44.335585,34.807721,train,94.860177,94.860177,38.686086
2025-04-21 04:00:00+00:00,2025-04-21 00:00:00-04:00,20.266164,29.441704,train,44.335585,44.335585,35.040541
2025-04-21 05:00:00+00:00,2025-04-21 01:00:00-04:00,19.796524,27.566033,train,20.266164,20.266164,27.182574
2025-04-21 06:00:00+00:00,2025-04-21 02:00:00-04:00,19.739647,23.430582,train,19.796524,19.796524,26.55445
2025-04-21 07:00:00+00:00,2025-04-21 03:00:00-04:00,18.32937,23.339993,train,19.739647,19.739647,25.506075
2025-04-21 08:00:00+00:00,2025-04-21 04:00:00-04:00,19.865155,24.259036,train,18.32937,18.32937,23.16517
2025-04-21 09:00:00+00:00,2025-04-21 05:00:00-04:00,31.314955,27.544601,train,19.865155,19.865155,24.272024
2025-04-21 10:00:00+00:00,2025-04-21 06:00:00-04:00,43.417157,39.045853,train,31.314955,31.314955,23.539304
2025-04-21 11:00:00+00:00,2025-04-21 07:00:00-04:00,162.334979,42.276476,train,43.417157,43.417157,26.386718
2025-04-21 12:00:00+00:00,2025-04-21 08:00:00-04:00,50.185364,40.095175,train,162.334979,162.334979,25.474916
2025-04-21 13:00:00+00:00,2025-04-21 09:00:00-04:00,83.519156,41.647269,train,50.185364,50.185364,19.009181
2025-04-21 14:00:00+00:00,2025-04-21 10:00:00-04:00,29.457708,41.385798,train,83.519156,83.519156,22.279931
2025-04-21 15:00:00+00:00,2025-04-21 11:00:00-04:00,33.174821,40.907002,train,29.457708,29.457708,22.216501
2025-04-21 16:00:00+00:00,2025-04-21 12:00:00-04:00,30.660991,42.781976,train,33.174821,33.174821,22.066817
2025-04-21 17:00:00+00:00,2025-04-21 13:00:00-04:00,30.169269,47.584542,train,30.660991,30.660991,30.439961
2025-04-21 18:00:00+00:00,2025-04-21 14:00:00-04:00,27.007311,56.338318,train,30.169269,30.169269,32.983841
2025-04-21 19:00:00+00:00,2025-04-21 15:00:00-04:00,27.304891,60.498125,train,27.007311,27.007311,32.948873
2025-04-21 20:00:00+00:00,2025-04-21 16:00:00-04:00,31.800878,67.322665,train,27.304891,27.304891,35.098845
2025-04-21 21:00:00+00:00,2025-04-21 17:00:00-04:00,228.420057,78.210192,train,31.800878,31.800878,32.644294
2025-04-21 22:00:00+00:00,2025-04-21 18:00:00-04:00,319.096628,85.980681,train,228.420057,228.420057,161.90042
2025-04-21 23:00:00+00:00,2025-04-21 19:00:00-04:00,341.270458,123.019774,train,319.096628,319.096628,79.584246
2025-04-22 00:00:00+00:00,2025-04-21 20:00:00-04:00,376.487066,141.196532,train,341.270458,341.270458,69.019016
2025-04-22 01:00:00+00:00,2025-04-21 21:00:00-04:00,178.045723,86.609976,train,376.487066,376.487066,33.377756
2025-04-22 02:00:00+00:00,2025-04-21 22:00:00-04:00,38.006929,56.657837,train,178.045723,178.045723,94.860177
2025-04-22 03:00:00+00:00,2025-04-21 23:00:00-04:00,43.616823,41.092332,train,38.006929,38.006929,44.335585
2025-04-22 04:00:00+00:00,2025-04-22 00:00:00-04:00,28.015867,36.472584,train,43.616823,43.616823,20.266164
2025-04-22 05:00:00+00:00,2025-04-22 01:00:00-04:00,25.113089,29.832858,train,28.015867,28.015867,19.796524
2025-04-22 06:00:00+00:00,2025-04-22 02:00:00-04:00,24.35861,26.121385,train,25.113089,25.113089,19.739647
2025-04-22 07:00:00+00:00,2025-04-22 03:00:00-04:00,24.45508,25.886323,train,24.35861,24.35861,18.32937
2025-04-22 08:00:00+00:00,2025-04-22 04:00:00-04:00,35.229967,27.0475,train,24.45508,24.45508,19.865155
2025-04-22 09:00:00+00:00,2025-04-22 05:00:00-04:00,41.556256,33.5961,train,35.229967,35.229967,31.314955
2025-04-22 10:00:00+00:00,2025-04-22 06:00:00-04:00,100.133625,53.996441,train,41.556256,41.556256,43.417157
2025-04-22 11:00:00+00:00,2025-04-22 07:00:00-04:00,50.18912,49.499907,train,100.133625,100.133625,162.334979
2025-04-22 12:00:00+00:00,2025-04-22 08:00:00-04:00,21.865749,39.216383,train,50.18912,50.18912,50.185364
2025-04-22 13:00:00+00:00,2025-04-22 09:00:00-04:00,21.958159,35.770329,train,21.865749,21.865749,83.519156
2025-04-22 14:00:00+00:00,2025-04-22 10:00:00-04:00,53.059411,35.510297,train,21.958159,21.958159,29.457708
2025-04-22 15:00:00+00:00,2025-04-22 11:00:00-04:00,311.304602,37.451966,train,53.059411,53.059411,33.174821
2025-04-22 16:00:00+00:00,2025-04-22 12:00:00-04:00,356.772609,43.658842,train,311.304602,311.304602,30.660991
2025-04-22 17:00:00+00:00,2025-04-22 13:00:00-04:00,377.412856,51.971052,train,356.772609,356.772609,30.169269
2025-04-22 18:00:00+00:00,2025-04-22 14:00:00-04:00,370.537719,60.005526,train,377.412856,377.412856,27.007311
2025-04-22 19:00:00+00:00,2025-04-22 15:00:00-04:00,359.212872,65.122699,train,370.537719,370.537719,27.304891
2025-04-22 20:00:00+00:00,2025-04-22 16:00:00-04:00,366.190144,70.730732,train,359.212872,359.212872,31.800878
2025-04-22 21:00:00+00:00,2025-04-22 17:00:00-04:00,341.693234,74.294456,train,366.190144,366.190144,228.420057
2025-04-22 22:00:00+00:00,2025-04-22 18:00:00-04:00,309.180073,90.081861,train,341.693234,341.693234,319.096628
2025-04-22 23:00:00+00:00,2025-04-22 19:00:00-04:00,305.61426,123.697054,train,309.180073,309.180073,341.270458
2025-04-23 00:00:00+00:00,2025-04-22 20:00:00-04:00,297.669091,113.74192,train,305.61426,305.61426,376.487066
2025-04-23 01:00:00+00:00,2025-04-22 21:00:00-04:00,60.796941,57.34751,train,297.669091,297.669091,178.045723
2025-04-23 02:00:00+00:00,2025-04-22 22:00:00-04:00,35.074033,44.853694,train,60.796941,60.796941,38.006929
2025-04-23 03:00:00+00:00,2025-04-22 23:00:00-04:00,50.879057,37.821153,train,35.074033,35.074033,43.616823
2025-04-23 04:00:00+00:00,2025-04-23 00:00:00-04:00,31.067435,37.623724,train,50.879057,50.879057,28.015867
2025-04-23 05:00:00+00:00,2025-04-23 01:00:00-04:00,30.070011,34.04816,train,31.067435,31.067435,25.113089
2025-04-23 06:00:00+00:00,2025-04-23 02:00:00-04:00,26.461516,29.151871,train,30.070011,30.070011,24.35861
2025-04-23 07:00:00+00:00,2025-04-23 03:00:00-04:00,27.232618,30.847935,train,26.461516,26.461516,24.45508
2025-04-23 08:00:00+00:00,2025-04-23 04:00:00-04:00,52.207937,34.620921,train,27.232618,27.232618,35.229967
2025-04-23 09:00:00+00:00,2025-04-23 05:00:00-04:00,35.405661,38.412859,train,52.207937,52.207937,41.556256
2025-04-23 10:00:00+00:00,2025-04-23 06:00:00-04:00,129.934953,56.561302,train,35.405661,35.405661,100.133625
2025-04-23 11:00:00+00:00,2025-04-23 07:00:00-04:00,50.470733,56.365587,train,129.934953,129.934953,50.18912
2025-04-23 12:00:00+00:00,2025-04-23 08:00:00-04:00,27.859999,39.141839,train,50.470733,50.470733,21.865749
2025-04-23 13:00:00+00:00,2025-04-23 09:00:00-04:00,26.207113,37.201306,train,27.859999,27.859999,21.958159
2025-04-23 14:00:00+00:00,2025-04-23 10:00:00-04:00,27.41575,35.662388,train,26.207113,26.207113,53.059411
2025-04-23 15:00:00+00:00,2025-04-23 11:00:00-04:00,97.160337,38.891793,train,27.41575,27.41575,311.304602
2025-04-23 16:00:00+00:00,2025-04-23 12:00:00-04:00,28.821418,41.682469,train,97.160337,97.160337,356.772609
2025-04-23 17:00:00+00:00,2025-04-23 13:00:00-04:00,76.305275,46.180052,train,28.821418,28.821418,377.412856
2025-04-23 18:00:00+00:00,2025-04-23 14:00:00-04:00,84.050125,49.161118,train,76.305275,76.305275,370.537719
2025-04-23 19:00:00+00:00,2025-04-23 15:00:00-04:00,335.031757,56.611744,train,84.050125,84.050125,359.212872
2025-04-23 20:00:00+00:00,2025-04-23 16:00:00-04:00,590.847091,60.786691,train,335.031757,335.031757,366.190144
2025-04-23 21:00:00+00:00,2025-04-23 17:00:00-04:00,340.580941,76.501053,train,590.847091,590.847091,341.693234
2025-04-23 22:00:00+00:00,2025-04-23 18:00:00-04:00,57.589288,94.648643,train,340.580941,340.580941,309.180073
2025-04-23 23:00:00+00:00,2025-04-23 19:00:00-04:00,89.623244,130.616641,train,57.589288,57.589288,305.61426
2025-04-24 00:00:00+00:00,2025-04-23 20:00:00-04:00,123.539823,120.282243,train,89.623244,89.623244,297.669091
2025-04-24 01:00:00+00:00,2025-04-23 21:00:00-04:00,82.141379,75.915648,train,123.539823,123.539823,60.796941
2025-04-24 02:00:00+00:00,2025-04-23 22:00:00-04:00,71.93492,54.890153,train,82.141379,82.141379,35.074033
2025-04-24 03:00:00+00:00,2025-04-23 23:00:00-04:00,80.597486,45.121226,train,71.93492,71.93492,50.879057
2025-04-24 04:00:00+00:00,2025-04-24 00:00:00-04:00,44.707478,35.775984,train,80.597486,80.597486,31.067435
2025-04-24 05:00:00+00:00,2025-04-24 01:00:00-04:00,30.543078,30.999063,train,44.707478,44.707478,30.070011
2025-04-24 06:00:00+00:00,2025-04-24 02:00:00-04:00,28.133654,26.86445,train,30.543078,30.543078,26.461516
2025-04-24 07:00:00+00:00,2025-04-24 03:00:00-04:00,36.028311,27.364721,train,28.133654,28.133654,27.232618
2025-04-24 08:00:00+00:00,2025-04-24 04:00:00-04:00,37.825452,32.432094,train,36.028311,36.028311,52.207937
2025-04-24 09:00:00+00:00,2025-04-24 05:00:00-04:00,46.262652,39.108617,train,37.825452,37.825452,35.405661
2025-04-24 10:00:00+00:00,2025-04-24 06:00:00-04:00,61.521566,53.423727,train,46.262652,46.262652,129.934953
2025-04-24 11:00:00+00:00,2025-04-24 07:00:00-04:00,123.160274,46.64045,train,61.521566,61.521566,50.470733
2025-04-24 12:00:00+00:00,2025-04-24 08:00:00-04:00,29.99566,32.953871,train,123.160274,123.160274,27.859999
2025-04-24 13:00:00+00:00,2025-04-24 09:00:00-04:00,29.410256,31.836964,train,29.99566,29.99566,26.207113
2025-04-24 14:00:00+00:00,2025-04-24 10:00:00-04:00,37.384534,40.160035,train,29.410256,29.410256,27.41575
2025-04-24 15:00:00+00:00,2025-04-24 11:00:00-04:00,94.593446,53.023572,train,37.384534,37.384534,97.160337
2025-04-24 16:00:00+00:00,2025-04-24 12:00:00-04:00,43.825717,65.297977,train,94.593446,94.593446,28.821418
2025-04-24 17:00:00+00:00,2025-04-24 13:00:00-04:00,41.498853,69.970069,train,43.825717,43.825717,76.305275
2025-04-24 18:00:00+00:00,2025-04-24 14:00:00-04:00,58.221896,80.455091,train,41.498853,41.498853,84.050125
2025-04-24 19:00:00+00:00,2025-04-24 15:00:00-04:00,77.690319,95.975016,train,58.221896,58.221896,335.031757
2025-04-24 20:00:00+00:00,2025-04-24 16:00:00-04:00,148.817116,112.448562,train,77.690319,77.690319,590.847091
2025-04-24 21:00:00+00:00,2025-04-24 17:00:00-04:00,87.820776,113.676424,train,148.817116,148.817116,340.580941
2025-04-24 22:00:00+00:00,2025-04-24 18:00:00-04:00,220.843697,133.221674,train,87.820776,87.820776,57.589288
2025-04-24 23:00:00+00:00,2025-04-24 19:00:00-04:00,84.643382,158.700007,train,220.843697,220.843697,89.623244
2025-04-25 00:00:00+00:00,2025-04-24 20:00:00-04:00,116.197496,124.731098,train,84.643382,84.643382,123.539823
2025-04-25 01:00:00+00:00,2025-04-24 21:00:00-04:00,62.907355,77.4766,train,116.197496,116.197496,82.141379
2025-04-25 02:00:00+00:00,2025-04-24 22:00:00-04:00,46.490722,52.73703,train,62.907355,62.907355,71.93492
2025-04-25 03:00:00+00:00,2025-04-24 23:00:00-04:00,80.153345,39.247332,train,46.490722,46.490722,80.597486
2025-04-25 04:00:00+00:00,2025-04-25 00:00:00-04:00,64.947395,40.683055,train,80.153345,80.153345,44.707478
2025-04-25 05:00:00+00:00,2025-04-25 01:00:00-04:00,30.808549,34.714857,train,64.947395,64.947395,30.543078
2025-04-25 06:00:00+00:00,2025-04-25 02:00:00-04:00,25.137652,31.294528,train,30.808549,30.808549,28.133654
2025-04-25 07:00:00+00:00,2025-04-25 03:00:00-04:00,24.506148,30.595082,train,25.137652,25.137652,36.028311
2025-04-25 08:00:00+00:00,2025-04-25 04:00:00-04:00,49.702453,33.940191,train,24.506148,24.506148,37.825452
2025-04-25 09:00:00+00:00,2025-04-25 05:00:00-04:00,57.01336,43.400181,train,49.702453,49.702453,46.262652
2025-04-25 10:00:00+00:00,2025-04-25 06:00:00-04:00,37.008581,55.840999,train,57.01336,57.01336,61.521566
2025-04-25 11:00:00+00:00,2025-04-25 07:00:00-04:00,51.286379,60.620196,train,37.008581,37.008581,123.160274
2025-04-25 12:00:00+00:00,2025-04-25 08:00:00-04:00,39.850089,58.895266,train,51.286379,51.286379,29.99566
2025-04-25 13:00:00+00:00,2025-04-25 09:00:00-04:00,36.015203,58.958059,train,39.850089,39.850089,29.410256
2025-04-25 14:00:00+00:00,2025-04-25 10:00:00-04:00,43.101778,54.00976,train,36.015203,36.015203,37.384534
2025-04-25 15:00:00+00:00,2025-04-25 11:00:00-04:00,172.749267,65.455841,train,43.101778,43.101778,94.593446
2025-04-25 16:00:00+00:00,2025-04-25 12:00:00-04:00,65.281684,84.796742,train,172.749267,172.749267,43.825717
2025-04-25 17:00:00+00:00,2025-04-25 13:00:00-04:00,46.48696,98.130783,train,65.281684,65.281684,41.498853
2025-04-25 18:00:00+00:00,2025-04-25 14:00:00-04:00,89.376057,97.536692,train,46.48696,46.48696,58.221896
2025-04-25 19:00:00+00:00,2025-04-25 15:00:00-04:00,36.821428,104.28352,train,89.376057,89.376057,77.690319
2025-04-25 20:00:00+00:00,2025-04-25 16:00:00-04:00,43.752668,103.143507,train,36.821428,36.821428,148.817116
2025-04-25 21:00:00+00:00,2025-04-25 17:00:00-04:00,50.666071,103.439258,train,43.752668,43.752668,87.820776
2025-04-25 22:00:00+00:00,2025-04-25 18:00:00-04:00,35.038691,89.382187,train,50.666071,50.666071,220.843697
2025-04-25 23:00:00+00:00,2025-04-25 19:00:00-04:00,36.99258,89.240562,train,35.038691,35.038691,84.643382
2025-04-26 00:00:00+00:00,2025-04-25 20:00:00-04:00,54.214775,90.487015,train,36.99258,36.99258,116.197496
2025-04-26 01:00:00+00:00,2025-04-25 21:00:00-04:00,70.094909,71.648866,train,54.214775,54.214775,62.907355
2025-04-26 02:00:00+00:00,2025-04-25 22:00:00-04:00,60.28469,57.581415,train,70.094909,70.094909,46.490722
2025-04-26 03:00:00+00:00,2025-04-25 23:00:00-04:00,28.553618,45.671556,train,60.28469,60.28469,80.153345
2025-04-26 04:00:00+00:00,2025-04-26 00:00:00-04:00,23.209463,43.265008,train,28.553618,28.553618,64.947395
2025-04-26 05:00:00+00:00,2025-04-26 01:00:00-04:00,26.450725,34.560996,train,23.209463,23.209463,30.808549
2025-04-26 06:00:00+00:00,2025-04-26 02:00:00-04:00,22.123431,28.304354,train,26.450725,26.450725,25.137652
2025-04-26 07:00:00+00:00,2025-04-26 03:00:00-04:00,22.725929,26.956616,train,22.123431,22.123431,24.506148
2025-04-26 08:00:00+00:00,2025-04-26 04:00:00-04:00,21.892308,28.403818,train,22.725929,22.725929,49.702453
2025-04-26 09:00:00+00:00,2025-04-26 05:00:00-04:00,22.115231,29.962152,train,21.892308,21.892308,57.01336
2025-04-26 10:00:00+00:00,2025-04-26 06:00:00-04:00,24.29395,33.22736,train,22.115231,22.115231,37.008581
2025-04-26 11:00:00+00:00,2025-04-26 07:00:00-04:00,25.034181,36.328213,train,24.29395,24.29395,51.286379
2025-04-26 12:00:00+00:00,2025-04-26 08:00:00-04:00,25.458686,36.308768,train,25.034181,25.034181,39.850089
2025-04-26 13:00:00+00:00,2025-04-26 09:00:00-04:00,23.556885,37.297548,train,25.458686,25.458686,36.015203
2025-04-26 14:00:00+00:00,2025-04-26 10:00:00-04:00,29.455673,37.080827,train,23.556885,23.556885,43.101778
2025-04-26 15:00:00+00:00,2025-04-26 11:00:00-04:00,25.740556,44.934428,train,29.455673,29.455673,172.749267
2025-04-26 16:00:00+00:00,2025-04-26 12:00:00-04:00,24.794227,42.460197,train,25.740556,25.740556,65.281684
2025-04-26 17:00:00+00:00,2025-04-26 13:00:00-04:00,22.31107,47.349996,train,24.794227,24.794227,46.48696
2025-04-26 18:00:00+00:00,2025-04-26 14:00:00-04:00,20.978822,53.470241,train,22.31107,22.31107,89.376057
2025-04-26 19:00:00+00:00,2025-04-26 15:00:00-04:00,56.962045,63.040094,train,20.978822,20.978822,36.821428
2025-04-26 20:00:00+00:00,2025-04-26 16:00:00-04:00,131.149203,64.709966,train,56.962045,56.962045,43.752668
2025-04-26 21:00:00+00:00,2025-04-26 17:00:00-04:00,28.95199,68.999793,train,131.149203,131.149203,50.666071
2025-04-26 22:00:00+00:00,2025-04-26 18:00:00-04:00,24.699752,75.000101,train,28.95199,28.95199,35.038691
2025-04-26 23:00:00+00:00,2025-04-26 19:00:00-04:00,27.363289,83.140641,train,24.699752,24.699752,36.99258
2025-04-27 00:00:00+00:00,2025-04-26 20:00:00-04:00,36.345156,76.730254,train,27.363289,27.363289,54.214775
2025-04-27 01:00:00+00:00,2025-04-26 21:00:00-04:00,51.03583,50.844208,train,36.345156,36.345156,70.094909
2025-04-27 02:00:00+00:00,2025-04-26 22:00:00-04:00,26.135815,40.290059,train,51.03583,51.03583,60.28469
2025-04-27 03:00:00+00:00,2025-04-26 23:00:00-04:00,32.331305,36.067658,train,26.135815,26.135815,28.553618
2025-04-27 04:00:00+00:00,2025-04-27 00:00:00-04:00,30.116865,27.417381,train,32.331305,32.331305,23.209463
2025-04-27 05:00:00+00:00,2025-04-27 01:00:00-04:00,19.716794,24.269323,train,30.116865,30.116865,26.450725
2025-04-27 06:00:00+00:00,2025-04-27 02:00:00-04:00,19.570308,23.892773,train,19.716794,19.716794,22.123431
2025-04-27 07:00:00+00:00,2025-04-27 03:00:00-04:00,18.053778,23.962011,train,19.570308,19.570308,22.725929
2025-04-27 08:00:00+00:00,2025-04-27 04:00:00-04:00,20.106103,23.67012,train,18.053778,18.053778,21.892308
2025-04-27 09:00:00+00:00,2025-04-27 05:00:00-04:00,21.087532,27.949434,train,20.106103,20.106103,22.115231
2025-04-27 10:00:00+00:00,2025-04-27 06:00:00-04:00,21.265914,24.233084,train,21.087532,21.087532,24.29395
2025-04-27 11:00:00+00:00,2025-04-27 07:00:00-04:00,15.589445,21.339123,train,21.265914,21.265914,25.034181
2025-04-27 12:00:00+00:00,2025-04-27 08:00:00-04:00,6.515678,18.086193,train,15.589445,15.589445,25.458686
2025-04-27 13:00:00+00:00,2025-04-27 09:00:00-04:00,12.057902,18.00915,train,6.515678,6.515678,23.556885
2025-04-27 14:00:00+00:00,2025-04-27 10:00:00-04:00,7.276191,17.883216,train,12.057902,12.057902,29.455673
2025-04-27 15:00:00+00:00,2025-04-27 11:00:00-04:00,1.621493,18.16222,train,7.276191,7.276191,25.740556
2025-04-27 16:00:00+00:00,2025-04-27 12:00:00-04:00,6.161437,16.94735,train,1.621493,1.621493,24.794227
2025-04-27 17:00:00+00:00,2025-04-27 13:00:00-04:00,10.78684,17.936653,train,6.161437,6.161437,22.31107
2025-04-27 18:00:00+00:00,2025-04-27 14:00:00-04:00,6.647236,18.175921,train,10.78684,10.78684,20.978822
2025-04-27 19:00:00+00:00,2025-04-27 15:00:00-04:00,8.410329,18.576864,train,6.647236,6.647236,56.962045
2025-04-27 20:00:00+00:00,2025-04-27 16:00:00-04:00,11.233195,20.430598,train,8.410329,8.410329,131.149203
2025-04-27 21:00:00+00:00,2025-04-27 17:00:00-04:00,14.069941,25.710329,train,11.233195,11.233195,28.95199
2025-04-27 22:00:00+00:00,2025-04-27 18:00:00-04:00,21.00628,40.413496,train,14.069941,14.069941,24.699752
2025-04-27 23:00:00+00:00,2025-04-27 19:00:00-04:00,52.980229,56.794914,train,21.00628,21.00628,27.363289
2025-04-28 00:00:00+00:00,2025-04-27 20:00:00-04:00,54.780464,62.914127,train,52.980229,52.980229,36.345156
2025-04-28 01:00:00+00:00,2025-04-27 21:00:00-04:00,28.36984,39.718035,train,54.780464,54.780464,51.03583
2025-04-28 02:00:00+00:00,2025-04-27 22:00:00-04:00,22.410087,30.893665,train,28.36984,28.36984,26.135815
2025-04-28 03:00:00+00:00,2025-04-27 23:00:00-04:00,28.233686,27.127008,train,22.410087,22.410087,32.331305
2025-04-28 04:00:00+00:00,2025-04-28 00:00:00-04:00,25.079873,20.371321,train,28.233686,28.233686,30.116865
2025-04-28 05:00:00+00:00,2025-04-28 01:00:00-04:00,21.211393,22.04223,train,25.079873,25.079873,19.716794
2025-04-28 06:00:00+00:00,2025-04-28 02:00:00-04:00,21.502678,18.945046,train,21.211393,21.211393,19.570308
2025-04-28 07:00:00+00:00,2025-04-28 03:00:00-04:00,19.229042,20.225642,train,21.502678,21.502678,18.053778
2025-04-28 08:00:00+00:00,2025-04-28 04:00:00-04:00,20.380134,22.404353,train,19.229042,19.229042,20.106103
2025-04-28 09:00:00+00:00,2025-04-28 05:00:00-04:00,38.158461,27.548266,train,20.380134,20.380134,21.087532
2025-04-28 10:00:00+00:00,2025-04-28 06:00:00-04:00,58.301716,46.966089,train,38.158461,38.158461,21.265914
2025-04-28 11:00:00+00:00,2025-04-28 07:00:00-04:00,28.481077,33.450479,train,58.301716,58.301716,15.589445
2025-04-28 12:00:00+00:00,2025-04-28 08:00:00-04:00,17.895771,21.780142,train,28.481077,28.481077,6.515678
2025-04-28 13:00:00+00:00,2025-04-28 09:00:00-04:00,17.200283,21.855969,train,17.895771,17.895771,12.057902
2025-04-28 14:00:00+00:00,2025-04-28 10:00:00-04:00,18.228251,22.555463,train,17.200283,17.200283,7.276191
2025-04-28 15:00:00+00:00,2025-04-28 11:00:00-04:00,17.686506,24.551373,train,18.228251,18.228251,1.621493
2025-04-28 16:00:00+00:00,2025-04-28 12:00:00-04:00,18.484093,26.383181,train,17.686506,17.686506,6.161437
2025-04-28 17:00:00+00:00,2025-04-28 13:00:00-04:00,17.301431,30.031413,train,18.484093,18.484093,10.78684
2025-04-28 18:00:00+00:00,2025-04-28 14:00:00-04:00,16.186964,33.318153,train,17.301431,17.301431,6.647236
2025-04-28 19:00:00+00:00,2025-04-28 15:00:00-04:00,18.073248,37.94009,train,16.186964,16.186964,8.410329
2025-04-28 20:00:00+00:00,2025-04-28 16:00:00-04:00,23.206199,44.559875,train,18.073248,18.073248,11.233195
2025-04-28 21:00:00+00:00,2025-04-28 17:00:00-04:00,24.844724,53.10702,train,23.206199,23.206199,14.069941
2025-04-28 22:00:00+00:00,2025-04-28 18:00:00-04:00,32.322132,71.911524,train,24.844724,24.844724,21.00628
2025-04-28 23:00:00+00:00,2025-04-28 19:00:00-04:00,102.48433,88.936088,train,32.322132,32.322132,52.980229
2025-04-29 00:00:00+00:00,2025-04-28 20:00:00-04:00,41.844507,71.91518,train,102.48433,102.48433,54.780464
2025-04-29 01:00:00+00:00,2025-04-28 21:00:00-04:00,52.663404,42.500562,train,41.844507,41.844507,28.36984
2025-04-29 02:00:00+00:00,2025-04-28 22:00:00-04:00,25.465375,30.026032,train,52.663404,52.663404,22.410087
2025-04-29 03:00:00+00:00,2025-04-28 23:00:00-04:00,26.440707,23.973363,train,25.465375,25.465375,28.233686
2025-04-29 04:00:00+00:00,2025-04-29 00:00:00-04:00,22.029067,26.640257,train,26.440707,26.440707,25.079873
2025-04-29 05:00:00+00:00,2025-04-29 01:00:00-04:00,19.017052,24.899134,train,22.029067,22.029067,21.211393
2025-04-29 06:00:00+00:00,2025-04-29 02:00:00-04:00,19.253447,23.392152,train,19.017052,19.017052,21.502678
2025-04-29 07:00:00+00:00,2025-04-29 03:00:00-04:00,18.203974,20.765134,train,19.253447,19.253447,19.229042
2025-04-29 08:00:00+00:00,2025-04-29 04:00:00-04:00,18.939905,22.873642,train,18.203974,18.203974,20.380134
2025-04-29 09:00:00+00:00,2025-04-29 05:00:00-04:00,29.918655,26.852144,train,18.939905,18.939905,38.158461
2025-04-29 10:00:00+00:00,2025-04-29 06:00:00-04:00,40.504111,36.61968,train,29.918655,29.918655,58.301716
2025-04-29 11:00:00+00:00,2025-04-29 07:00:00-04:00,28.68734,32.18794,train,40.504111,40.504111,28.481077
2025-04-29 12:00:00+00:00,2025-04-29 08:00:00-04:00,18.573557,25.795177,train,28.68734,28.68734,17.895771
2025-04-29 13:00:00+00:00,2025-04-29 09:00:00-04:00,18.50661,26.043459,train,18.573557,18.573557,17.200283
2025-04-29 14:00:00+00:00,2025-04-29 10:00:00-04:00,20.621353,32.021382,train,18.50661,18.50661,18.228251
2025-04-29 15:00:00+00:00,2025-04-29 11:00:00-04:00,20.861576,47.992825,train,20.621353,20.621353,17.686506
2025-04-29 16:00:00+00:00,2025-04-29 12:00:00-04:00,24.163509,57.695858,train,20.861576,20.861576,18.484093
2025-04-29 17:00:00+00:00,2025-04-29 13:00:00-04:00,31.908257,77.458826,train,24.163509,24.163509,17.301431
2025-04-29 18:00:00+00:00,2025-04-29 14:00:00-04:00,47.076873,85.324421,train,31.908257,31.908257,16.186964
2025-04-29 19:00:00+00:00,2025-04-29 15:00:00-04:00,118.346952,96.281724,train,47.076873,47.076873,18.073248
2025-04-29 20:00:00+00:00,2025-04-29 16:00:00-04:00,205.625055,117.258127,train,118.346952,118.346952,23.206199
2025-04-29 21:00:00+00:00,2025-04-29 17:00:00-04:00,433.493558,136.634918,train,205.625055,205.625055,24.844724
2025-04-29 22:00:00+00:00,2025-04-29 18:00:00-04:00,416.848021,153.404611,train,433.493558,433.493558,32.322132
2025-04-29 23:00:00+00:00,2025-04-29 19:00:00-04:00,412.033424,175.699679,train,416.848021,416.848021,102.48433
2025-04-30 00:00:00+00:00,2025-04-29 20:00:00-04:00,359.156176,174.127898,train,412.033424,412.033424,41.844507
2025-04-30 01:00:00+00:00,2025-04-29 21:00:00-04:00,211.056991,102.690776,train,359.156176,359.156176,52.663404
2025-04-30 02:00:00+00:00,2025-04-29 22:00:00-04:00,52.404686,74.589905,train,211.056991,211.056991,25.465375
2025-04-30 03:00:00+00:00,2025-04-29 23:00:00-04:00,71.86265,47.390233,train,52.404686,52.404686,26.440707
2025-04-30 04:00:00+00:00,2025-04-30 00:00:00-04:00,81.581485,43.035119,train,71.86265,71.86265,22.029067
2025-04-30 05:00:00+00:00,2025-04-30 01:00:00-04:00,24.277008,32.208923,train,81.581485,81.581485,19.017052
2025-04-30 06:00:00+00:00,2025-04-30 02:00:00-04:00,23.846086,27.686609,train,24.277008,24.277008,19.253447
2025-04-30 07:00:00+00:00,2025-04-30 03:00:00-04:00,22.186799,25.952403,train,23.846086,23.846086,18.203974
2025-04-30 08:00:00+00:00,2025-04-30 04:00:00-04:00,23.123891,27.060659,train,22.186799,22.186799,18.939905
2025-04-30 09:00:00+00:00,2025-04-30 05:00:00-04:00,28.562047,33.902247,train,23.123891,23.123891,29.918655
2025-04-30 10:00:00+00:00,2025-04-30 06:00:00-04:00,31.497302,46.944917,train,28.562047,28.562047,40.504111
2025-04-30 11:00:00+00:00,2025-04-30 07:00:00-04:00,41.085751,43.234154,train,31.497302,31.497302,28.68734
2025-04-30 12:00:00+00:00,2025-04-30 08:00:00-04:00,24.296475,35.165104,train,41.085751,41.085751,18.573557
2025-04-30 13:00:00+00:00,2025-04-30 09:00:00-04:00,25.597139,39.621775,train,24.296475,24.296475,18.50661
2025-04-30 14:00:00+00:00,2025-04-30 10:00:00-04:00,21.902486,55.204834,train,25.597139,25.597139,20.621353
2025-04-30 15:00:00+00:00,2025-04-30 11:00:00-04:00,106.888915,80.26701,train,21.902486,21.902486,20.861576
2025-04-30 16:00:00+00:00,2025-04-30 12:00:00-04:00,119.861208,103.839721,train,106.888915,106.888915,24.163509
2025-04-30 17:00:00+00:00,2025-04-30 13:00:00-04:00,249.22656,133.244795,train,119.861208,119.861208,31.908257
2025-04-30 18:00:00+00:00,2025-04-30 14:00:00-04:00,380.149732,161.199846,train,249.22656,249.22656,47.076873
2025-04-30 19:00:00+00:00,2025-04-30 15:00:00-04:00,403.046578,197.808703,train,380.149732,380.149732,118.346952
2025-04-30 20:00:00+00:00,2025-04-30 16:00:00-04:00,426.058766,207.885244,train,403.046578,403.046578,205.625055
2025-04-30 21:00:00+00:00,2025-04-30 17:00:00-04:00,456.021767,205.000028,train,426.058766,426.058766,433.493558
2025-04-30 22:00:00+00:00,2025-04-30 18:00:00-04:00,455.308866,177.090025,train,456.021767,456.021767,416.848021
2025-04-30 23:00:00+00:00,2025-04-30 19:00:00-04:00,427.610589,195.72437,train,455.308866,455.308866,412.033424
2025-05-01 00:00:00+00:00,2025-04-30 20:00:00-04:00,236.906248,181.560303,train,427.610589,427.610589,359.156176
2025-05-01 01:00:00+00:00,2025-04-30 21:00:00-04:00,64.852509,99.148762,train,236.906248,236.906248,211.056991
2025-05-01 02:00:00+00:00,2025-04-30 22:00:00-04:00,29.942543,64.010198,train,64.852509,64.852509,52.404686
2025-05-01 03:00:00+00:00,2025-04-30 23:00:00-04:00,28.03084,39.420904,train,29.942543,29.942543,71.86265
2025-05-01 04:00:00+00:00,2025-05-01 00:00:00-04:00,24.921357,48.759476,train,28.03084,28.03084,81.581485
2025-05-01 05:00:00+00:00,2025-05-01 01:00:00-04:00,22.83424,39.795552,train,24.921357,24.921357,24.277008
2025-05-01 06:00:00+00:00,2025-05-01 02:00:00-04:00,22.3607,30.775907,train,22.83424,22.83424,23.846086
2025-05-01 07:00:00+00:00,2025-05-01 03:00:00-04:00,19.833833,27.161449,train,22.3607,22.3607,22.186799
2025-05-01 08:00:00+00:00,2025-05-01 04:00:00-04:00,21.770443,26.89483,train,19.833833,19.833833,23.123891
2025-05-01 09:00:00+00:00,2025-05-01 05:00:00-04:00,34.892873,36.253997,train,21.770443,21.770443,28.562047
2025-05-01 10:00:00+00:00,2025-05-01 06:00:00-04:00,32.006337,48.022342,train,34.892873,34.892873,31.497302
2025-05-01 11:00:00+00:00,2025-05-01 07:00:00-04:00,33.817604,40.442237,train,32.006337,32.006337,41.085751
2025-05-01 12:00:00+00:00,2025-05-01 08:00:00-04:00,27.785044,35.427952,train,33.817604,33.817604,24.296475
2025-05-01 13:00:00+00:00,2025-05-01 09:00:00-04:00,32.786619,42.586008,train,27.785044,27.785044,25.597139
2025-05-01 14:00:00+00:00,2025-05-01 10:00:00-04:00,32.93435,49.093635,train,32.786619,32.786619,21.902486
2025-05-01 15:00:00+00:00,2025-05-01 11:00:00-04:00,25.199999,82.720149,train,32.93435,32.93435,106.888915
2025-05-01 16:00:00+00:00,2025-05-01 12:00:00-04:00,170.291032,114.209973,train,25.199999,25.199999,119.861208
2025-05-01 17:00:00+00:00,2025-05-01 13:00:00-04:00,65.026437,120.000011,train,170.291032,170.291032,249.22656
2025-05-01 18:00:00+00:00,2025-05-01 14:00:00-04:00,99.676492,198.980017,train,65.026437,65.026437,380.149732
2025-05-01 19:00:00+00:00,2025-05-01 15:00:00-04:00,425.156034,465.999911,train,99.676492,99.676492,403.046578
2025-05-01 20:00:00+00:00,2025-05-01 16:00:00-04:00,667.333846,220.467275,train,425.156034,425.156034,426.058766
2025-05-01 21:00:00+00:00,2025-05-01 17:00:00-04:00,395.328892,238.040017,train,667.333846,667.333846,456.021767
2025-05-01 22:00:00+00:00,2025-05-01 18:00:00-04:00,240.191407,229.206235,train,395.328892,395.328892,455.308866
2025-05-01 23:00:00+00:00,2025-05-01 19:00:00-04:00,456.358394,215.019948,train,240.191407,240.191407,427.610589
2025-05-02 00:00:00+00:00,2025-05-01 20:00:00-04:00,517.83577,194.999956,train,456.358394,456.358394,236.906248
2025-05-02 01:00:00+00:00,2025-05-01 21:00:00-04:00,52.556615,122.731625,train,517.83577,517.83577,64.852509
2025-05-02 02:00:00+00:00,2025-05-01 22:00:00-04:00,47.95974,67.914231,train,52.556615,52.556615,29.942543
2025-05-02 03:00:00+00:00,2025-05-01 23:00:00-04:00,121.614888,57.27802,train,47.95974,47.95974,28.03084
2025-05-02 04:00:00+00:00,2025-05-02 00:00:00-04:00,83.030105,46.357298,train,121.614888,121.614888,24.921357
2025-05-02 05:00:00+00:00,2025-05-02 01:00:00-04:00,99.722035,35.67169,train,83.030105,83.030105,22.83424
2025-05-02 06:00:00+00:00,2025-05-02 02:00:00-04:00,56.50289,29.664859,train,99.722035,99.722035,22.3607
2025-05-02 07:00:00+00:00,2025-05-02 03:00:00-04:00,37.885982,27.636131,train,56.50289,56.50289,19.833833
2025-05-02 08:00:00+00:00,2025-05-02 04:00:00-04:00,36.7644,28.150804,train,37.885982,37.885982,21.770443
2025-05-02 09:00:00+00:00,2025-05-02 05:00:00-04:00,32.947197,31.999865,train,36.7644,36.7644,34.892873
2025-05-02 10:00:00+00:00,2025-05-02 06:00:00-04:00,35.565982,43.847858,train,32.947197,32.947197,32.006337
2025-05-02 11:00:00+00:00,2025-05-02 07:00:00-04:00,31.981445,52.720295,train,35.565982,35.565982,33.817604
2025-05-02 12:00:00+00:00,2025-05-02 08:00:00-04:00,28.267077,40.712189,train,31.981445,31.981445,27.785044
2025-05-02 13:00:00+00:00,2025-05-02 09:00:00-04:00,29.637434,48.94628,train,28.267077,28.267077,32.786619
2025-05-02 14:00:00+00:00,2025-05-02 10:00:00-04:00,30.503254,71.66329,train,29.637434,29.637434,32.93435
2025-05-02 15:00:00+00:00,2025-05-02 11:00:00-04:00,32.131984,113.519921,train,30.503254,30.503254,25.199999
2025-05-02 16:00:00+00:00,2025-05-02 12:00:00-04:00,107.28225,172.000186,train,32.131984,32.131984,170.291032
2025-05-02 17:00:00+00:00,2025-05-02 13:00:00-04:00,144.539627,232.000187,train,107.28225,107.28225,65.026437
2025-05-02 18:00:00+00:00,2025-05-02 14:00:00-04:00,253.076296,296.180021,train,144.539627,144.539627,99.676492
2025-05-02 19:00:00+00:00,2025-05-02 15:00:00-04:00,215.626892,301.110145,train,253.076296,253.076296,425.156034
2025-05-02 20:00:00+00:00,2025-05-02 16:00:00-04:00,523.258832,325.000242,train,215.626892,215.626892,667.333846
2025-05-02 21:00:00+00:00,2025-05-02 17:00:00-04:00,1126.636826,332.999755,train,523.258832,523.258832,395.328892
2025-05-02 22:00:00+00:00,2025-05-02 18:00:00-04:00,682.533469,298.000179,train,1126.636826,1126.636826,240.191407
2025-05-02 23:00:00+00:00,2025-05-02 19:00:00-04:00,214.646665,250.000174,train,682.533469,682.533469,456.358394
2025-05-03 00:00:00+00:00,2025-05-02 20:00:00-04:00,91.037905,181.559873,train,214.646665,214.646665,517.83577
2025-05-03 01:00:00+00:00,2025-05-02 21:00:00-04:00,43.474782,106.813623,train,91.037905,91.037905,52.556615
2025-05-03 02:00:00+00:00,2025-05-02 22:00:00-04:00,35.210875,68.450742,train,43.474782,43.474782,47.95974
2025-05-03 03:00:00+00:00,2025-05-02 23:00:00-04:00,28.825261,50.89523,train,35.210875,35.210875,121.614888
2025-05-03 04:00:00+00:00,2025-05-03 00:00:00-04:00,29.947029,58.040028,train,28.825261,28.825261,83.030105
2025-05-03 05:00:00+00:00,2025-05-03 01:00:00-04:00,29.762049,44.743794,train,29.947029,29.947029,99.722035
2025-05-03 06:00:00+00:00,2025-05-03 02:00:00-04:00,31.649432,39.104926,train,29.762049,29.762049,56.50289
2025-05-03 07:00:00+00:00,2025-05-03 03:00:00-04:00,29.495462,35.999804,train,31.649432,31.649432,37.885982
2025-05-03 08:00:00+00:00,2025-05-03 04:00:00-04:00,28.060764,33.307182,train,29.495462,29.495462,36.7644
2025-05-03 09:00:00+00:00,2025-05-03 05:00:00-04:00,30.781268,32.816847,train,28.060764,28.060764,32.947197
2025-05-03 10:00:00+00:00,2025-05-03 06:00:00-04:00,49.46818,32.448405,train,30.781268,30.781268,35.565982
2025-05-03 11:00:00+00:00,2025-05-03 07:00:00-04:00,25.486424,28.00899,train,49.46818,49.46818,31.981445
2025-05-03 12:00:00+00:00,2025-05-03 08:00:00-04:00,59.932743,30.803813,train,25.486424,25.486424,28.267077
2025-05-03 13:00:00+00:00,2025-05-03 09:00:00-04:00,43.681784,34.195221,train,59.932743,59.932743,29.637434
2025-05-03 14:00:00+00:00,2025-05-03 10:00:00-04:00,27.589837,39.024143,train,43.681784,43.681784,30.503254
2025-05-03 15:00:00+00:00,2025-05-03 11:00:00-04:00,34.488479,77.749202,train,27.589837,27.589837,32.131984
2025-05-03 16:00:00+00:00,2025-05-03 12:00:00-04:00,45.900157,111.423808,train,34.488479,34.488479,107.28225
2025-05-03 17:00:00+00:00,2025-05-03 13:00:00-04:00,68.646867,147.619947,train,45.900157,45.900157,144.539627
2025-05-03 18:00:00+00:00,2025-05-03 14:00:00-04:00,270.522207,191.265305,train,68.646867,68.646867,253.076296
2025-05-03 19:00:00+00:00,2025-05-03 15:00:00-04:00,135.139958,219.67553,train,270.522207,270.522207,215.626892
2025-05-03 20:00:00+00:00,2025-05-03 16:00:00-04:00,147.115126,226.036055,train,135.139958,135.139958,523.258832
2025-05-03 21:00:00+00:00,2025-05-03 17:00:00-04:00,314.598763,214.974006,train,147.115126,147.115126,1126.636826
2025-05-03 22:00:00+00:00,2025-05-03 18:00:00-04:00,115.86183,175.98029,train,314.598763,314.598763,682.533469
2025-05-03 23:00:00+00:00,2025-05-03 19:00:00-04:00,61.509824,149.105391,train,115.86183,115.86183,214.646665
2025-05-04 00:00:00+00:00,2025-05-03 20:00:00-04:00,74.854362,102.60039,train,61.509824,61.509824,91.037905
2025-05-04 01:00:00+00:00,2025-05-03 21:00:00-04:00,50.115538,64.968919,train,74.854362,74.854362,43.474782
2025-05-04 02:00:00+00:00,2025-05-03 22:00:00-04:00,68.803624,43.130722,train,50.115538,50.115538,35.210875
2025-05-04 03:00:00+00:00,2025-05-03 23:00:00-04:00,39.8254,40.454834,train,68.803624,68.803624,28.825261
2025-05-04 04:00:00+00:00,2025-05-04 00:00:00-04:00,26.11722,35.836398,train,39.8254,39.8254,29.947029
2025-05-04 05:00:00+00:00,2025-05-04 01:00:00-04:00,29.09289,31.220017,train,26.11722,26.11722,29.762049
2025-05-04 06:00:00+00:00,2025-05-04 02:00:00-04:00,26.873274,25.531594,train,29.09289,29.09289,31.649432
2025-05-04 07:00:00+00:00,2025-05-04 03:00:00-04:00,25.582089,24.655631,train,26.873274,26.873274,29.495462
2025-05-04 08:00:00+00:00,2025-05-04 04:00:00-04:00,26.256888,24.011285,train,25.582089,25.582089,28.060764
2025-05-04 09:00:00+00:00,2025-05-04 05:00:00-04:00,28.519511,24.651545,train,26.256888,26.256888,30.781268
2025-05-04 10:00:00+00:00,2025-05-04 06:00:00-04:00,27.577004,24.343129,train,28.519511,28.519511,49.46818
2025-05-04 11:00:00+00:00,2025-05-04 07:00:00-04:00,34.886407,27.83318,train,27.577004,27.577004,25.486424
2025-05-04 12:00:00+00:00,2025-05-04 08:00:00-04:00,31.845729,36.864666,train,34.886407,34.886407,59.932743
2025-05-04 13:00:00+00:00,2025-05-04 09:00:00-04:00,42.062442,46.964018,train,31.845729,31.845729,43.681784
2025-05-04 14:00:00+00:00,2025-05-04 10:00:00-04:00,33.395214,49.765462,train,42.062442,42.062442,27.589837
2025-05-04 15:00:00+00:00,2025-05-04 11:00:00-04:00,28.87737,62.634311,train,33.395214,33.395214,34.488479
2025-05-04 16:00:00+00:00,2025-05-04 12:00:00-04:00,25.54801,65.339443,train,28.87737,28.87737,45.900157
2025-05-04 17:00:00+00:00,2025-05-04 13:00:00-04:00,27.392288,76.248477,train,25.54801,25.54801,68.646867
2025-05-04 18:00:00+00:00,2025-05-04 14:00:00-04:00,27.507269,78.660234,train,27.392288,27.392288,270.522207
2025-05-04 19:00:00+00:00,2025-05-04 15:00:00-04:00,26.550671,88.879883,train,27.507269,27.507269,135.139958
2025-05-04 20:00:00+00:00,2025-05-04 16:00:00-04:00,26.431863,89.319727,train,26.550671,26.550671,147.115126
2025-05-04 21:00:00+00:00,2025-05-04 17:00:00-04:00,30.700653,99.470965,train,26.431863,26.431863,314.598763
2025-05-04 22:00:00+00:00,2025-05-04 18:00:00-04:00,32.267652,97.055147,train,30.700653,30.700653,115.86183
2025-05-04 23:00:00+00:00,2025-05-04 19:00:00-04:00,52.66931,89.937176,train,32.267652,32.267652,61.509824
2025-05-05 00:00:00+00:00,2025-05-04 20:00:00-04:00,96.157679,92.490679,train,52.66931,52.66931,74.854362
2025-05-05 01:00:00+00:00,2025-05-04 21:00:00-04:00,51.519281,67.685176,train,96.157679,96.157679,50.115538
2025-05-05 02:00:00+00:00,2025-05-04 22:00:00-04:00,37.74165,50.529915,train,51.519281,51.519281,68.803624
2025-05-05 03:00:00+00:00,2025-05-04 23:00:00-04:00,50.224904,36.944442,train,37.74165,37.74165,39.8254
2025-05-05 04:00:00+00:00,2025-05-05 00:00:00-04:00,26.538992,31.577085,train,50.224904,50.224904,26.11722
2025-05-05 05:00:00+00:00,2025-05-05 01:00:00-04:00,27.607092,29.305853,train,26.538992,26.538992,29.09289
2025-05-05 06:00:00+00:00,2025-05-05 02:00:00-04:00,26.847372,27.643802,train,27.607092,27.607092,26.873274
2025-05-05 07:00:00+00:00,2025-05-05 03:00:00-04:00,25.416537,28.684391,train,26.847372,26.847372,25.582089
2025-05-05 08:00:00+00:00,2025-05-05 04:00:00-04:00,27.281216,32.597203,train,25.416537,25.416537,26.256888
2025-05-05 09:00:00+00:00,2025-05-05 05:00:00-04:00,103.441939,40.219145,train,27.281216,27.281216,28.519511
2025-05-05 10:00:00+00:00,2025-05-05 06:00:00-04:00,46.076464,56.07252,train,103.441939,103.441939,27.577004
2025-05-05 11:00:00+00:00,2025-05-05 07:00:00-04:00,98.197655,54.925047,train,46.076464,46.076464,34.886407
2025-05-05 12:00:00+00:00,2025-05-05 08:00:00-04:00,57.566864,45.017027,train,98.197655,98.197655,31.845729
2025-05-05 13:00:00+00:00,2025-05-05 09:00:00-04:00,58.911732,46.450189,train,57.566864,57.566864,42.062442
2025-05-05 14:00:00+00:00,2025-05-05 10:00:00-04:00,72.389549,49.601764,train,58.911732,58.911732,33.395214
2025-05-05 15:00:00+00:00,2025-05-05 11:00:00-04:00,36.10015,65.290544,train,72.389549,72.389549,28.87737
2025-05-05 16:00:00+00:00,2025-05-05 12:00:00-04:00,39.01301,86.186249,train,36.10015,36.10015,25.54801
2025-05-05 17:00:00+00:00,2025-05-05 13:00:00-04:00,43.801995,120.199775,train,39.01301,39.01301,27.392288
2025-05-05 18:00:00+00:00,2025-05-05 14:00:00-04:00,30.829806,145.000178,train,43.801995,43.801995,27.507269
2025-05-05 19:00:00+00:00,2025-05-05 15:00:00-04:00,32.993377,216.527397,train,30.829806,30.829806,26.550671
2025-05-05 20:00:00+00:00,2025-05-05 16:00:00-04:00,280.310057,325.000074,train,32.993377,32.993377,26.431863
2025-05-05 21:00:00+00:00,2025-05-05 17:00:00-04:00,386.25187,247.029892,train,280.310057,280.310057,30.700653
2025-05-05 22:00:00+00:00,2025-05-05 18:00:00-04:00,44.336791,169.999952,train,386.25187,386.25187,32.267652
2025-05-05 23:00:00+00:00,2025-05-05 19:00:00-04:00,58.328988,171.331121,train,44.336791,44.336791,52.66931
2025-05-06 00:00:00+00:00,2025-05-05 20:00:00-04:00,146.274435,140.630088,train,58.328988,58.328988,96.157679
2025-05-06 01:00:00+00:00,2025-05-05 21:00:00-04:00,44.043227,92.749888,train,146.274435,146.274435,51.519281
2025-05-06 02:00:00+00:00,2025-05-05 22:00:00-04:00,41.000669,67.779452,train,44.043227,44.043227,37.74165
2025-05-06 03:00:00+00:00,2025-05-05 23:00:00-04:00,48.004912,48.171872,train,41.000669,41.000669,50.224904
2025-05-06 04:00:00+00:00,2025-05-06 00:00:00-04:00,28.685605,36.574066,train,48.004912,48.004912,26.538992
2025-05-06 05:00:00+00:00,2025-05-06 01:00:00-04:00,27.218683,31.422009,train,28.685605,28.685605,27.607092
2025-05-06 06:00:00+00:00,2025-05-06 02:00:00-04:00,25.6912,27.361485,train,27.218683,27.218683,26.847372
2025-05-06 07:00:00+00:00,2025-05-06 03:00:00-04:00,25.429313,26.840151,train,25.6912,25.6912,25.416537
2025-05-06 08:00:00+00:00,2025-05-06 04:00:00-04:00,24.126579,29.223687,train,25.429313,25.429313,27.281216
2025-05-06 09:00:00+00:00,2025-05-06 05:00:00-04:00,28.204764,41.27744,train,24.126579,24.126579,103.441939
2025-05-06 10:00:00+00:00,2025-05-06 06:00:00-04:00,70.589214,47.942675,train,28.204764,28.204764,46.076464
2025-05-06 11:00:00+00:00,2025-05-06 07:00:00-04:00,56.290842,49.831313,train,70.589214,70.589214,98.197655
2025-05-06 12:00:00+00:00,2025-05-06 08:00:00-04:00,41.878523,38.355297,train,56.290842,56.290842,57.566864
2025-05-06 13:00:00+00:00,2025-05-06 09:00:00-04:00,45.642405,40.793609,train,41.878523,41.878523,58.911732
2025-05-06 14:00:00+00:00,2025-05-06 10:00:00-04:00,33.216964,39.380296,train,45.642405,45.642405,72.389549
2025-05-06 15:00:00+00:00,2025-05-06 11:00:00-04:00,27.013986,45.013648,train,33.216964,33.216964,36.10015
2025-05-06 16:00:00+00:00,2025-05-06 12:00:00-04:00,28.614319,55.883181,train,27.013986,27.013986,39.01301
2025-05-06 17:00:00+00:00,2025-05-06 13:00:00-04:00,30.664822,69.165249,train,28.614319,28.614319,43.801995
2025-05-06 18:00:00+00:00,2025-05-06 14:00:00-04:00,28.243806,78.444524,train,30.664822,30.664822,30.829806
2025-05-06 19:00:00+00:00,2025-05-06 15:00:00-04:00,29.212435,88.880152,train,28.243806,28.243806,32.993377
2025-05-06 20:00:00+00:00,2025-05-06 16:00:00-04:00,26.019393,88.070013,train,29.212435,29.212435,280.310057
2025-05-06 21:00:00+00:00,2025-05-06 17:00:00-04:00,28.312841,99.602744,train,26.019393,26.019393,386.25187
2025-05-06 22:00:00+00:00,2025-05-06 18:00:00-04:00,34.528175,108.722333,train,28.312841,28.312841,44.336791
2025-05-06 23:00:00+00:00,2025-05-06 19:00:00-04:00,67.061126,134.942891,train,34.528175,34.528175,58.328988
2025-05-07 00:00:00+00:00,2025-05-06 20:00:00-04:00,86.449593,117.646103,train,67.061126,67.061126,146.274435
2025-05-07 01:00:00+00:00,2025-05-06 21:00:00-04:00,38.278869,68.932839,train,86.449593,86.449593,44.043227
2025-05-07 02:00:00+00:00,2025-05-06 22:00:00-04:00,32.164309,46.296289,train,38.278869,38.278869,41.000669
2025-05-07 03:00:00+00:00,2025-05-06 23:00:00-04:00,26.531391,38.289976,train,32.164309,32.164309,48.004912
2025-05-07 04:00:00+00:00,2025-05-07 00:00:00-04:00,24.399358,30.234637,train,26.531391,26.531391,28.685605
2025-05-07 05:00:00+00:00,2025-05-07 01:00:00-04:00,23.410939,29.240898,train,24.399358,24.399358,27.218683
2025-05-07 06:00:00+00:00,2025-05-07 02:00:00-04:00,21.834729,24.416687,train,23.410939,23.410939,25.6912
2025-05-07 07:00:00+00:00,2025-05-07 03:00:00-04:00,22.805233,24.734714,train,21.834729,21.834729,25.429313
2025-05-07 08:00:00+00:00,2025-05-07 04:00:00-04:00,24.201979,28.076994,train,22.805233,22.805233,24.126579
2025-05-07 09:00:00+00:00,2025-05-07 05:00:00-04:00,22.511385,32.523291,train,24.201979,24.201979,28.204764
2025-05-07 10:00:00+00:00,2025-05-07 06:00:00-04:00,33.761034,50.057305,train,22.511385,22.511385,70.589214
2025-05-07 11:00:00+00:00,2025-05-07 07:00:00-04:00,26.925493,45.615199,train,33.761034,33.761034,56.290842
2025-05-07 12:00:00+00:00,2025-05-07 08:00:00-04:00,26.942695,32.09044,train,26.925493,26.925493,41.878523
2025-05-07 13:00:00+00:00,2025-05-07 09:00:00-04:00,59.178428,32.580638,train,26.942695,26.942695,45.642405
2025-05-07 14:00:00+00:00,2025-05-07 10:00:00-04:00,26.49831,34.76234,train,59.178428,59.178428,33.216964
2025-05-07 15:00:00+00:00,2025-05-07 11:00:00-04:00,26.920622,42.175554,train,26.49831,26.49831,27.013986
2025-05-07 16:00:00+00:00,2025-05-07 12:00:00-04:00,27.23892,43.112019,train,26.920622,26.920622,28.614319
2025-05-07 17:00:00+00:00,2025-05-07 13:00:00-04:00,28.2457,54.720974,train,27.23892,27.23892,30.664822
2025-05-07 18:00:00+00:00,2025-05-07 14:00:00-04:00,28.542981,71.997623,train,28.2457,28.2457,28.243806
2025-05-07 19:00:00+00:00,2025-05-07 15:00:00-04:00,30.873811,90.179474,train,28.542981,28.542981,29.212435
2025-05-07 20:00:00+00:00,2025-05-07 16:00:00-04:00,44.679374,118.880152,train,30.873811,30.873811,26.019393
2025-05-07 21:00:00+00:00,2025-05-07 17:00:00-04:00,36.842699,161.000133,train,44.679374,44.679374,28.312841
2025-05-07 22:00:00+00:00,2025-05-07 18:00:00-04:00,29.273097,159.596597,train,36.842699,36.842699,34.528175
2025-05-07 23:00:00+00:00,2025-05-07 19:00:00-04:00,32.615833,158.533669,train,29.273097,29.273097,67.061126
2025-05-08 00:00:00+00:00,2025-05-07 20:00:00-04:00,39.861069,124.905084,train,32.615833,32.615833,86.449593
2025-05-08 01:00:00+00:00,2025-05-07 21:00:00-04:00,39.749235,60.349966,train,39.861069,39.861069,38.278869
2025-05-08 02:00:00+00:00,2025-05-07 22:00:00-04:00,33.719737,42.76547,train,39.749235,39.749235,32.164309
2025-05-08 03:00:00+00:00,2025-05-07 23:00:00-04:00,28.464159,32.69194,train,33.719737,33.719737,26.531391
2025-05-08 04:00:00+00:00,2025-05-08 00:00:00-04:00,27.244295,26.694013,train,28.464159,28.464159,24.399358
2025-05-08 05:00:00+00:00,2025-05-08 01:00:00-04:00,21.504573,24.007037,train,27.244295,27.244295,23.410939
2025-05-08 06:00:00+00:00,2025-05-08 02:00:00-04:00,22.346752,23.106838,train,21.504573,21.504573,21.834729
2025-05-08 07:00:00+00:00,2025-05-08 03:00:00-04:00,21.100681,22.692821,train,22.346752,22.346752,22.805233
2025-05-08 08:00:00+00:00,2025-05-08 04:00:00-04:00,23.088928,23.747543,train,21.100681,21.100681,24.201979
2025-05-08 09:00:00+00:00,2025-05-08 05:00:00-04:00,23.60756,29.89863,train,23.088928,23.088928,22.511385
2025-05-08 10:00:00+00:00,2025-05-08 06:00:00-04:00,29.18047,36.677036,train,23.60756,23.60756,33.761034
2025-05-08 11:00:00+00:00,2025-05-08 07:00:00-04:00,27.908663,37.359505,train,29.18047,29.18047,26.925493
2025-05-08 12:00:00+00:00,2025-05-08 08:00:00-04:00,22.841241,34.296251,train,27.908663,27.908663,26.942695
2025-05-08 13:00:00+00:00,2025-05-08 09:00:00-04:00,26.239564,33.193293,train,22.841241,22.841241,59.178428
2025-05-08 14:00:00+00:00,2025-05-08 10:00:00-04:00,27.944009,33.730195,train,26.239564,26.239564,26.49831
2025-05-08 15:00:00+00:00,2025-05-08 11:00:00-04:00,29.80756,37.599893,train,27.944009,27.944009,26.920622
2025-05-08 16:00:00+00:00,2025-05-08 12:00:00-04:00,35.028897,42.900007,train,29.80756,29.80756,27.23892
2025-05-08 17:00:00+00:00,2025-05-08 13:00:00-04:00,83.54685,47.268707,train,35.028897,35.028897,28.2457
2025-05-08 18:00:00+00:00,2025-05-08 14:00:00-04:00,30.046372,62.37675,train,83.54685,83.54685,28.542981
2025-05-08 19:00:00+00:00,2025-05-08 15:00:00-04:00,27.848892,77.916113,train,30.046372,30.046372,30.873811
2025-05-08 20:00:00+00:00,2025-05-08 16:00:00-04:00,54.083054,96.203972,train,27.848892,27.848892,44.679374
2025-05-08 21:00:00+00:00,2025-05-08 17:00:00-04:00,31.605417,100.05353,train,54.083054,54.083054,36.842699
2025-05-08 22:00:00+00:00,2025-05-08 18:00:00-04:00,123.229459,97.215739,train,31.605417,31.605417,29.273097
2025-05-08 23:00:00+00:00,2025-05-08 19:00:00-04:00,135.642851,91.812631,train,123.229459,123.229459,32.615833
2025-05-09 00:00:00+00:00,2025-05-08 20:00:00-04:00,53.485606,82.723563,train,135.642851,135.642851,39.861069
2025-05-09 01:00:00+00:00,2025-05-08 21:00:00-04:00,33.796635,56.880002,train,53.485606,53.485606,39.749235
2025-05-09 02:00:00+00:00,2025-05-08 22:00:00-04:00,137.483757,41.853962,train,33.796635,33.796635,33.719737
2025-05-09 03:00:00+00:00,2025-05-08 23:00:00-04:00,32.549753,35.989988,train,137.483757,137.483757,28.464159
2025-05-09 04:00:00+00:00,2025-05-09 00:00:00-04:00,30.991401,27.987716,train,32.549753,32.549753,27.244295
2025-05-09 05:00:00+00:00,2025-05-09 01:00:00-04:00,35.352798,26.811795,train,30.991401,30.991401,21.504573
2025-05-09 06:00:00+00:00,2025-05-09 02:00:00-04:00,29.218986,26.027275,train,35.352798,35.352798,22.346752
2025-05-09 07:00:00+00:00,2025-05-09 03:00:00-04:00,26.541769,25.287341,train,29.218986,29.218986,21.100681
2025-05-09 08:00:00+00:00,2025-05-09 04:00:00-04:00,26.756396,27.00014,train,26.541769,26.541769,23.088928
2025-05-09 09:00:00+00:00,2025-05-09 05:00:00-04:00,25.834285,32.010271,train,26.756396,26.756396,23.60756
2025-05-09 10:00:00+00:00,2025-05-09 06:00:00-04:00,33.203907,42.267655,train,25.834285,25.834285,29.18047
2025-05-09 11:00:00+00:00,2025-05-09 07:00:00-04:00,33.379961,44.729846,train,33.203907,33.203907,27.908663
2025-05-09 12:00:00+00:00,2025-05-09 08:00:00-04:00,46.720452,41.611212,train,33.379961,33.379961,22.841241
2025-05-09 13:00:00+00:00,2025-05-09 09:00:00-04:00,48.252901,42.978795,train,46.720452,46.720452,26.239564
2025-05-09 14:00:00+00:00,2025-05-09 10:00:00-04:00,34.028054,39.841334,train,48.252901,48.252901,27.944009
2025-05-09 15:00:00+00:00,2025-05-09 11:00:00-04:00,26.526179,36.957383,train,34.028054,34.028054,29.80756
2025-05-09 16:00:00+00:00,2025-05-09 12:00:00-04:00,27.876806,36.954523,train,26.526179,26.526179,35.028897
2025-05-09 17:00:00+00:00,2025-05-09 13:00:00-04:00,29.059289,37.649794,train,27.876806,27.876806,83.54685
2025-05-09 18:00:00+00:00,2025-05-09 14:00:00-04:00,28.567343,37.499652,train,29.059289,29.059289,30.046372
2025-05-09 19:00:00+00:00,2025-05-09 15:00:00-04:00,28.649937,38.914947,train,28.567343,28.567343,27.848892
2025-05-09 20:00:00+00:00,2025-05-09 16:00:00-04:00,28.380122,41.857279,train,28.649937,28.649937,54.083054
2025-05-09 21:00:00+00:00,2025-05-09 17:00:00-04:00,24.740715,41.464842,train,28.380122,28.380122,31.605417
2025-05-09 22:00:00+00:00,2025-05-09 18:00:00-04:00,30.393146,44.283919,train,24.740715,24.740715,123.229459
2025-05-09 23:00:00+00:00,2025-05-09 19:00:00-04:00,32.785261,47.209961,train,30.393146,30.393146,135.642851
2025-05-10 00:00:00+00:00,2025-05-09 20:00:00-04:00,57.985681,49.786775,train,32.785261,32.785261,53.485606
2025-05-10 01:00:00+00:00,2025-05-09 21:00:00-04:00,31.121482,44.301247,train,57.985681,57.985681,33.796635
2025-05-10 02:00:00+00:00,2025-05-09 22:00:00-04:00,32.43622,36.494636,train,31.121482,31.121482,137.483757
2025-05-10 03:00:00+00:00,2025-05-09 23:00:00-04:00,25.370253,30.301221,train,32.43622,32.43622,32.549753
2025-05-10 04:00:00+00:00,2025-05-10 00:00:00-04:00,21.972305,32.660716,train,25.370253,25.370253,30.991401
2025-05-10 05:00:00+00:00,2025-05-10 01:00:00-04:00,25.008576,28.485923,train,21.972305,21.972305,35.352798
2025-05-10 06:00:00+00:00,2025-05-10 02:00:00-04:00,22.463379,26.323114,train,25.008576,25.008576,29.218986
2025-05-10 07:00:00+00:00,2025-05-10 03:00:00-04:00,21.319438,24.614348,train,22.463379,22.463379,26.541769
2025-05-10 08:00:00+00:00,2025-05-10 04:00:00-04:00,21.024599,25.091088,train,21.319438,21.319438,26.756396
2025-05-10 09:00:00+00:00,2025-05-10 05:00:00-04:00,22.006539,28.703626,train,21.024599,21.024599,25.834285
2025-05-10 10:00:00+00:00,2025-05-10 06:00:00-04:00,22.552133,27.792523,train,22.006539,22.006539,33.203907
2025-05-10 11:00:00+00:00,2025-05-10 07:00:00-04:00,20.08871,24.481388,train,22.552133,22.552133,33.379961
2025-05-10 12:00:00+00:00,2025-05-10 08:00:00-04:00,19.049458,23.771771,train,20.08871,20.08871,46.720452
2025-05-10 13:00:00+00:00,2025-05-10 09:00:00-04:00,18.996096,23.09425,train,19.049458,19.049458,48.252901
2025-05-10 14:00:00+00:00,2025-05-10 10:00:00-04:00,18.987183,23.136293,train,18.996096,18.996096,34.028054
2025-05-10 15:00:00+00:00,2025-05-10 11:00:00-04:00,19.759811,23.144571,train,18.987183,18.987183,26.526179
2025-05-10 16:00:00+00:00,2025-05-10 12:00:00-04:00,18.594836,22.937607,train,19.759811,19.759811,27.876806
2025-05-10 17:00:00+00:00,2025-05-10 13:00:00-04:00,18.383176,23.091791,train,18.594836,18.594836,29.059289
2025-05-10 18:00:00+00:00,2025-05-10 14:00:00-04:00,19.764044,23.550684,train,18.383176,18.383176,28.567343
2025-05-10 19:00:00+00:00,2025-05-10 15:00:00-04:00,20.828299,24.997639,train,19.764044,19.764044,28.649937
2025-05-10 20:00:00+00:00,2025-05-10 16:00:00-04:00,25.93137,26.326309,train,20.828299,20.828299,28.380122
2025-05-10 21:00:00+00:00,2025-05-10 17:00:00-04:00,23.733739,28.637955,train,25.93137,25.93137,24.740715
2025-05-10 22:00:00+00:00,2025-05-10 18:00:00-04:00,24.455911,34.962716,train,23.733739,23.733739,30.393146
2025-05-10 23:00:00+00:00,2025-05-10 19:00:00-04:00,27.398721,44.835326,train,24.455911,24.455911,32.785261
2025-05-11 00:00:00+00:00,2025-05-10 20:00:00-04:00,28.071569,40.183881,train,27.398721,27.398721,57.985681
2025-05-11 01:00:00+00:00,2025-05-10 21:00:00-04:00,25.200471,34.975397,train,28.071569,28.071569,31.121482
2025-05-11 02:00:00+00:00,2025-05-10 22:00:00-04:00,22.314582,29.065705,train,25.200471,25.200471,32.43622
2025-05-11 03:00:00+00:00,2025-05-10 23:00:00-04:00,21.628961,23.497592,train,22.314582,22.314582,25.370253
2025-05-11 04:00:00+00:00,2025-05-11 00:00:00-04:00,18.376745,22.248395,train,21.628961,21.628961,21.972305
2025-05-11 05:00:00+00:00,2025-05-11 01:00:00-04:00,18.666893,21.226833,train,18.376745,18.376745,25.008576
2025-05-11 06:00:00+00:00,2025-05-11 02:00:00-04:00,17.375654,19.928545,train,18.666893,18.666893,22.463379
2025-05-11 07:00:00+00:00,2025-05-11 03:00:00-04:00,19.078214,19.5754,train,17.375654,17.375654,21.319438
2025-05-11 08:00:00+00:00,2025-05-11 04:00:00-04:00,19.654722,19.485399,train,19.078214,19.078214,21.024599
2025-05-11 09:00:00+00:00,2025-05-11 05:00:00-04:00,19.180643,20.145068,train,19.654722,19.654722,22.006539
2025-05-11 10:00:00+00:00,2025-05-11 06:00:00-04:00,18.57855,21.109665,train,19.180643,19.180643,22.552133
2025-05-11 11:00:00+00:00,2025-05-11 07:00:00-04:00,16.393216,19.492017,train,18.57855,18.57855,20.08871
2025-05-11 12:00:00+00:00,2025-05-11 08:00:00-04:00,15.264148,18.248222,train,16.393216,16.393216,19.049458
2025-05-11 13:00:00+00:00,2025-05-11 09:00:00-04:00,13.238444,18.932957,train,15.264148,15.264148,18.996096
2025-05-11 14:00:00+00:00,2025-05-11 10:00:00-04:00,15.558955,19.963293,train,13.238444,13.238444,18.987183
2025-05-11 15:00:00+00:00,2025-05-11 11:00:00-04:00,14.766389,21.047113,train,15.558955,15.558955,19.759811
2025-05-11 16:00:00+00:00,2025-05-11 12:00:00-04:00,14.596957,24.001271,train,14.766389,14.766389,18.594836
2025-05-11 17:00:00+00:00,2025-05-11 13:00:00-04:00,16.25759,26.779787,train,14.596957,14.596957,18.383176
2025-05-11 18:00:00+00:00,2025-05-11 14:00:00-04:00,20.467249,30.717413,train,16.25759,16.25759,19.764044
2025-05-11 19:00:00+00:00,2025-05-11 15:00:00-04:00,24.202252,36.12362,train,20.467249,20.467249,20.828299
2025-05-11 20:00:00+00:00,2025-05-11 16:00:00-04:00,25.031753,42.833861,train,24.202252,24.202252,25.93137
2025-05-11 21:00:00+00:00,2025-05-11 17:00:00-04:00,30.363981,54.2977,train,25.031753,25.031753,23.733739
2025-05-11 22:00:00+00:00,2025-05-11 18:00:00-04:00,44.657036,59.619072,train,30.363981,30.363981,24.455911
2025-05-11 23:00:00+00:00,2025-05-11 19:00:00-04:00,63.180617,65.456813,train,44.657036,44.657036,27.398721
2025-05-12 00:00:00+00:00,2025-05-11 20:00:00-04:00,67.126862,63.178313,train,63.180617,63.180617,28.071569
2025-05-12 01:00:00+00:00,2025-05-11 21:00:00-04:00,30.706972,43.204067,train,67.126862,67.126862,25.200471
2025-05-12 02:00:00+00:00,2025-05-11 22:00:00-04:00,30.687521,33.738684,train,30.706972,30.706972,22.314582
2025-05-12 03:00:00+00:00,2025-05-11 23:00:00-04:00,22.128014,24.854058,train,30.687521,30.687521,21.628961
2025-05-12 04:00:00+00:00,2025-05-12 00:00:00-04:00,19.577128,23.617924,train,22.128014,22.128014,18.376745
2025-05-12 05:00:00+00:00,2025-05-12 01:00:00-04:00,18.658112,22.476357,train,19.577128,19.577128,18.666893
2025-05-12 06:00:00+00:00,2025-05-12 02:00:00-04:00,18.236518,20.655403,train,18.658112,18.658112,17.375654
2025-05-12 07:00:00+00:00,2025-05-12 03:00:00-04:00,18.430667,19.900727,train,18.236518,18.236518,19.078214
2025-05-12 08:00:00+00:00,2025-05-12 04:00:00-04:00,20.278235,21.916639,train,18.430667,18.430667,19.654722
2025-05-12 09:00:00+00:00,2025-05-12 05:00:00-04:00,21.44488,27.564578,train,20.278235,20.278235,19.180643
2025-05-12 10:00:00+00:00,2025-05-12 06:00:00-04:00,23.948704,34.17138,train,21.44488,21.44488,18.57855
2025-05-12 11:00:00+00:00,2025-05-12 07:00:00-04:00,28.22041,38.517704,train,23.948704,23.948704,16.393216
2025-05-12 12:00:00+00:00,2025-05-12 08:00:00-04:00,28.676919,36.039004,train,28.22041,28.22041,15.264148
2025-05-12 13:00:00+00:00,2025-05-12 09:00:00-04:00,27.847408,36.243985,train,28.676919,28.676919,13.238444
2025-05-12 14:00:00+00:00,2025-05-12 10:00:00-04:00,62.218459,39.662246,train,27.847408,27.847408,15.558955
2025-05-12 15:00:00+00:00,2025-05-12 11:00:00-04:00,205.140177,39.30353,train,62.218459,62.218459,14.766389
2025-05-12 16:00:00+00:00,2025-05-12 12:00:00-04:00,42.112155,46.395311,train,205.140177,205.140177,14.596957
2025-05-12 17:00:00+00:00,2025-05-12 13:00:00-04:00,46.137492,50.548092,train,42.112155,42.112155,16.25759
2025-05-12 18:00:00+00:00,2025-05-12 14:00:00-04:00,52.241813,54.231967,train,46.137492,46.137492,20.467249
2025-05-12 19:00:00+00:00,2025-05-12 15:00:00-04:00,46.035729,57.719063,train,52.241813,52.241813,24.202252
2025-05-12 20:00:00+00:00,2025-05-12 16:00:00-04:00,50.01612,66.096802,train,46.035729,46.035729,25.031753
2025-05-12 21:00:00+00:00,2025-05-12 17:00:00-04:00,54.236531,78.714776,train,50.01612,50.01612,30.363981
2025-05-12 22:00:00+00:00,2025-05-12 18:00:00-04:00,35.288034,73.686633,train,54.236531,54.236531,44.657036
2025-05-12 23:00:00+00:00,2025-05-12 19:00:00-04:00,48.123172,71.962807,train,35.288034,35.288034,63.180617
2025-05-13 00:00:00+00:00,2025-05-12 20:00:00-04:00,73.729138,76.925405,train,48.123172,48.123172,67.126862
2025-05-13 01:00:00+00:00,2025-05-12 21:00:00-04:00,51.03285,63.830481,train,73.729138,73.729138,30.706972
2025-05-13 02:00:00+00:00,2025-05-12 22:00:00-04:00,39.686301,53.943445,train,51.03285,51.03285,30.687521
2025-05-13 03:00:00+00:00,2025-05-12 23:00:00-04:00,35.235323,41.671757,train,39.686301,39.686301,22.128014
2025-05-13 04:00:00+00:00,2025-05-13 00:00:00-04:00,22.822003,29.764625,train,35.235323,35.235323,19.577128
2025-05-13 05:00:00+00:00,2025-05-13 01:00:00-04:00,23.230818,26.770982,train,22.822003,22.822003,18.658112
2025-05-13 06:00:00+00:00,2025-05-13 02:00:00-04:00,22.222858,24.110002,train,23.230818,23.230818,18.236518
2025-05-13 07:00:00+00:00,2025-05-13 03:00:00-04:00,20.22523,23.750053,train,22.222858,22.222858,18.430667
2025-05-13 08:00:00+00:00,2025-05-13 04:00:00-04:00,22.165815,26.145101,train,20.22523,20.22523,20.278235
2025-05-13 09:00:00+00:00,2025-05-13 05:00:00-04:00,30.555358,35.476109,train,22.165815,22.165815,21.44488
2025-05-13 10:00:00+00:00,2025-05-13 06:00:00-04:00,32.730198,41.359685,train,30.555358,30.555358,23.948704
2025-05-13 11:00:00+00:00,2025-05-13 07:00:00-04:00,38.588221,51.478305,train,32.730198,32.730198,28.22041
2025-05-13 12:00:00+00:00,2025-05-13 08:00:00-04:00,57.975657,53.413136,train,38.588221,38.588221,28.676919
2025-05-13 13:00:00+00:00,2025-05-13 09:00:00-04:00,90.234283,54.492544,train,57.975657,57.975657,27.847408
2025-05-13 14:00:00+00:00,2025-05-13 10:00:00-04:00,71.835619,52.033737,train,90.234283,90.234283,62.218459
2025-05-13 15:00:00+00:00,2025-05-13 11:00:00-04:00,36.636938,50.854911,train,71.835619,71.835619,205.140177
2025-05-13 16:00:00+00:00,2025-05-13 12:00:00-04:00,52.86603,55.295599,train,36.636938,36.636938,42.112155
2025-05-13 17:00:00+00:00,2025-05-13 13:00:00-04:00,47.213628,57.575957,train,52.86603,52.86603,46.137492
2025-05-13 18:00:00+00:00,2025-05-13 14:00:00-04:00,33.91056,53.977658,train,47.213628,47.213628,52.241813
2025-05-13 19:00:00+00:00,2025-05-13 15:00:00-04:00,26.798226,55.260792,train,33.91056,33.91056,46.035729
2025-05-13 20:00:00+00:00,2025-05-13 16:00:00-04:00,34.173649,57.621955,train,26.798226,26.798226,50.01612
2025-05-13 21:00:00+00:00,2025-05-13 17:00:00-04:00,42.820747,63.283126,train,34.173649,34.173649,54.236531
2025-05-13 22:00:00+00:00,2025-05-13 18:00:00-04:00,39.580163,76.395446,train,42.820747,42.820747,35.288034
2025-05-13 23:00:00+00:00,2025-05-13 19:00:00-04:00,57.173511,92.05531,train,39.580163,39.580163,48.123172
2025-05-14 00:00:00+00:00,2025-05-13 20:00:00-04:00,49.91565,101.169374,train,57.173511,57.173511,73.729138
2025-05-14 01:00:00+00:00,2025-05-13 21:00:00-04:00,64.789087,69.929937,train,49.91565,49.91565,51.03285
2025-05-14 02:00:00+00:00,2025-05-13 22:00:00-04:00,154.934846,58.265511,train,64.789087,64.789087,39.686301
2025-05-14 03:00:00+00:00,2025-05-13 23:00:00-04:00,35.77147,49.359827,train,154.934846,154.934846,35.235323
2025-05-14 04:00:00+00:00,2025-05-14 00:00:00-04:00,25.430724,30.214499,train,35.77147,35.77147,22.822003
2025-05-14 05:00:00+00:00,2025-05-14 01:00:00-04:00,31.659043,25.020749,train,25.430724,25.430724,23.230818
2025-05-14 06:00:00+00:00,2025-05-14 02:00:00-04:00,22.615153,23.284981,train,31.659043,31.659043,22.222858
2025-05-14 07:00:00+00:00,2025-05-14 03:00:00-04:00,20.339212,23.123942,train,22.615153,22.615153,20.22523
2025-05-14 08:00:00+00:00,2025-05-14 04:00:00-04:00,21.290211,23.893798,train,20.339212,20.339212,22.165815
2025-05-14 09:00:00+00:00,2025-05-14 05:00:00-04:00,31.600264,34.428771,train,21.290211,21.290211,30.555358
2025-05-14 10:00:00+00:00,2025-05-14 06:00:00-04:00,38.971333,41.150606,train,31.600264,31.600264,32.730198
2025-05-14 11:00:00+00:00,2025-05-14 07:00:00-04:00,29.3932,42.161109,train,38.971333,38.971333,38.588221
2025-05-14 12:00:00+00:00,2025-05-14 08:00:00-04:00,35.170286,43.607294,train,29.3932,29.3932,57.975657
2025-05-14 13:00:00+00:00,2025-05-14 09:00:00-04:00,35.562773,48.531215,train,35.170286,35.170286,90.234283
2025-05-14 14:00:00+00:00,2025-05-14 10:00:00-04:00,35.178687,54.924601,train,35.562773,35.562773,71.835619
2025-05-14 15:00:00+00:00,2025-05-14 11:00:00-04:00,35.082595,61.394086,train,35.178687,35.178687,36.636938
2025-05-14 16:00:00+00:00,2025-05-14 12:00:00-04:00,50.155035,66.956618,train,35.082595,35.082595,52.86603
2025-05-14 17:00:00+00:00,2025-05-14 13:00:00-04:00,46.871749,79.894236,train,50.155035,50.155035,47.213628
2025-05-14 18:00:00+00:00,2025-05-14 14:00:00-04:00,112.96543,86.036137,train,46.871749,46.871749,33.91056
2025-05-14 19:00:00+00:00,2025-05-14 15:00:00-04:00,101.998963,88.000169,train,112.96543,112.96543,26.798226
2025-05-14 20:00:00+00:00,2025-05-14 16:00:00-04:00,103.163539,90.392166,train,101.998963,101.998963,34.173649
2025-05-14 21:00:00+00:00,2025-05-14 17:00:00-04:00,115.523185,96.607305,train,103.163539,103.163539,42.820747
2025-05-14 22:00:00+00:00,2025-05-14 18:00:00-04:00,71.007913,95.089936,train,115.523185,115.523185,39.580163
2025-05-14 23:00:00+00:00,2025-05-14 19:00:00-04:00,80.072814,109.974522,train,71.007913,71.007913,57.173511
2025-05-15 00:00:00+00:00,2025-05-14 20:00:00-04:00,60.740337,101.974704,train,80.072814,80.072814,49.91565
2025-05-15 01:00:00+00:00,2025-05-14 21:00:00-04:00,72.81622,69.564387,train,60.740337,60.740337,64.789087
2025-05-15 02:00:00+00:00,2025-05-14 22:00:00-04:00,82.781909,46.986143,train,72.81622,72.81622,154.934846
2025-05-15 03:00:00+00:00,2025-05-14 23:00:00-04:00,33.691008,39.688698,train,82.781909,82.781909,35.77147
2025-05-15 04:00:00+00:00,2025-05-15 00:00:00-04:00,35.95231,27.954337,train,33.691008,33.691008,25.430724
2025-05-15 05:00:00+00:00,2025-05-15 01:00:00-04:00,28.188046,25.352867,train,35.95231,35.95231,31.659043
2025-05-15 06:00:00+00:00,2025-05-15 02:00:00-04:00,21.787429,22.996864,train,28.188046,28.188046,22.615153
2025-05-15 07:00:00+00:00,2025-05-15 03:00:00-04:00,23.72743,22.409499,train,21.787429,21.787429,20.339212
2025-05-15 08:00:00+00:00,2025-05-15 04:00:00-04:00,24.975024,23.313297,train,23.72743,23.72743,21.290211
2025-05-15 09:00:00+00:00,2025-05-15 05:00:00-04:00,35.460237,27.242697,train,24.975024,24.975024,31.600264
2025-05-15 10:00:00+00:00,2025-05-15 06:00:00-04:00,84.744915,35.256853,train,35.460237,35.460237,38.971333
2025-05-15 11:00:00+00:00,2025-05-15 07:00:00-04:00,37.962788,34.261664,train,84.744915,84.744915,29.3932
2025-05-15 12:00:00+00:00,2025-05-15 08:00:00-04:00,33.026032,32.55923,train,37.962788,37.962788,35.170286
2025-05-15 13:00:00+00:00,2025-05-15 09:00:00-04:00,34.118709,35.489381,train,33.026032,33.026032,35.562773
2025-05-15 14:00:00+00:00,2025-05-15 10:00:00-04:00,58.466639,37.654156,train,34.118709,34.118709,35.178687
2025-05-15 15:00:00+00:00,2025-05-15 11:00:00-04:00,28.553411,47.01991,train,58.466639,58.466639,35.082595
2025-05-15 16:00:00+00:00,2025-05-15 12:00:00-04:00,50.379425,55.890033,train,28.553411,28.553411,50.155035
2025-05-15 17:00:00+00:00,2025-05-15 13:00:00-04:00,55.204239,72.970324,train,50.379425,50.379425,46.871749
2025-05-15 18:00:00+00:00,2025-05-15 14:00:00-04:00,50.296639,86.943405,train,55.204239,55.204239,112.96543
2025-05-15 19:00:00+00:00,2025-05-15 15:00:00-04:00,64.803153,108.00013,train,50.296639,50.296639,101.998963
2025-05-15 20:00:00+00:00,2025-05-15 16:00:00-04:00,82.385957,125.047054,train,64.803153,64.803153,103.163539
2025-05-15 21:00:00+00:00,2025-05-15 17:00:00-04:00,89.743858,136.630143,train,82.385957,82.385957,115.523185
2025-05-15 22:00:00+00:00,2025-05-15 18:00:00-04:00,204.785122,167.468016,train,89.743858,89.743858,71.007913
2025-05-15 23:00:00+00:00,2025-05-15 19:00:00-04:00,128.311404,179.716549,train,204.785122,204.785122,80.072814
2025-05-16 00:00:00+00:00,2025-05-15 20:00:00-04:00,80.878565,124.391396,train,128.311404,128.311404,60.740337
2025-05-16 01:00:00+00:00,2025-05-15 21:00:00-04:00,42.274475,78.27013,train,80.878565,80.878565,72.81622
2025-05-16 02:00:00+00:00,2025-05-15 22:00:00-04:00,39.224311,53.690164,train,42.274475,42.274475,82.781909
2025-05-16 03:00:00+00:00,2025-05-15 23:00:00-04:00,34.529263,38.725438,train,39.224311,39.224311,33.691008
2025-05-16 04:00:00+00:00,2025-05-16 00:00:00-04:00,43.524868,43.263746,train,34.529263,34.529263,35.95231
2025-05-16 05:00:00+00:00,2025-05-16 01:00:00-04:00,31.286674,35.868056,train,43.524868,43.524868,28.188046
2025-05-16 06:00:00+00:00,2025-05-16 02:00:00-04:00,27.465973,26.804475,train,31.286674,31.286674,21.787429
2025-05-16 07:00:00+00:00,2025-05-16 03:00:00-04:00,25.439392,25.739781,train,27.465973,27.465973,23.72743
2025-05-16 08:00:00+00:00,2025-05-16 04:00:00-04:00,26.362582,25.510114,train,25.439392,25.439392,24.975024
2025-05-16 09:00:00+00:00,2025-05-16 05:00:00-04:00,39.644132,29.004555,train,26.362582,26.362582,35.460237
2025-05-16 10:00:00+00:00,2025-05-16 06:00:00-04:00,34.084424,36.352101,train,39.644132,39.644132,84.744915
2025-05-16 11:00:00+00:00,2025-05-16 07:00:00-04:00,34.485197,38.659359,train,34.084424,34.084424,37.962788
2025-05-16 12:00:00+00:00,2025-05-16 08:00:00-04:00,46.080611,35.372874,train,34.485197,34.485197,33.026032
2025-05-16 13:00:00+00:00,2025-05-16 09:00:00-04:00,36.33553,40.700792,train,46.080611,46.080611,34.118709
2025-05-16 14:00:00+00:00,2025-05-16 10:00:00-04:00,81.059872,53.401908,train,36.33553,36.33553,58.466639
2025-05-16 15:00:00+00:00,2025-05-16 11:00:00-04:00,38.691541,78.000875,train,81.059872,81.059872,28.553411
2025-05-16 16:00:00+00:00,2025-05-16 12:00:00-04:00,36.632522,96.124058,train,38.691541,38.691541,50.379425
2025-05-16 17:00:00+00:00,2025-05-16 13:00:00-04:00,232.520642,169.989865,train,36.632522,36.632522,55.204239
2025-05-16 18:00:00+00:00,2025-05-16 14:00:00-04:00,327.314841,274.999782,train,232.520642,232.520642,50.296639
2025-05-16 19:00:00+00:00,2025-05-16 15:00:00-04:00,618.523968,486.712458,train,327.314841,327.314841,64.803153
2025-05-16 20:00:00+00:00,2025-05-16 16:00:00-04:00,292.212703,430.383063,train,618.523968,618.523968,82.385957
2025-05-16 21:00:00+00:00,2025-05-16 17:00:00-04:00,60.453225,430.999997,train,292.212703,292.212703,89.743858
2025-05-16 22:00:00+00:00,2025-05-16 18:00:00-04:00,36.048905,388.880158,train,60.453225,60.453225,204.785122
2025-05-16 23:00:00+00:00,2025-05-16 19:00:00-04:00,32.070122,263.473625,train,36.048905,36.048905,128.311404
2025-05-17 00:00:00+00:00,2025-05-16 20:00:00-04:00,43.664769,175.220875,train,32.070122,32.070122,80.878565
2025-05-17 01:00:00+00:00,2025-05-16 21:00:00-04:00,28.530723,98.361469,train,43.664769,43.664769,42.274475
2025-05-17 02:00:00+00:00,2025-05-16 22:00:00-04:00,24.686336,76.675181,train,28.530723,28.530723,39.224311
2025-05-17 03:00:00+00:00,2025-05-16 23:00:00-04:00,25.232598,50.903668,train,24.686336,24.686336,34.529263
2025-05-17 04:00:00+00:00,2025-05-17 00:00:00-04:00,21.144757,47.488863,train,25.232598,25.232598,43.524868
2025-05-17 05:00:00+00:00,2025-05-17 01:00:00-04:00,23.926524,40.689971,train,21.144757,21.144757,31.286674
2025-05-17 06:00:00+00:00,2025-05-17 02:00:00-04:00,20.525129,30.360576,train,23.926524,23.926524,27.465973
2025-05-17 07:00:00+00:00,2025-05-17 03:00:00-04:00,18.231585,29.54568,train,20.525129,20.525129,25.439392
2025-05-17 08:00:00+00:00,2025-05-17 04:00:00-04:00,18.851746,27.708357,train,18.231585,18.231585,26.362582
2025-05-17 09:00:00+00:00,2025-05-17 05:00:00-04:00,19.760299,27.814441,train,18.851746,18.851746,39.644132
2025-05-17 10:00:00+00:00,2025-05-17 06:00:00-04:00,17.998423,27.2848,train,19.760299,19.760299,34.084424
2025-05-17 11:00:00+00:00,2025-05-17 07:00:00-04:00,18.547789,28.724435,train,17.998423,17.998423,34.485197
2025-05-17 12:00:00+00:00,2025-05-17 08:00:00-04:00,21.962356,31.375667,train,18.547789,18.547789,46.080611
2025-05-17 13:00:00+00:00,2025-05-17 09:00:00-04:00,20.290577,45.801198,train,21.962356,21.962356,36.33553
2025-05-17 14:00:00+00:00,2025-05-17 10:00:00-04:00,17.470063,72.240313,train,20.290577,20.290577,81.059872
2025-05-17 15:00:00+00:00,2025-05-17 11:00:00-04:00,17.884893,69.452128,train,17.470063,17.470063,38.691541
2025-05-17 16:00:00+00:00,2025-05-17 12:00:00-04:00,15.006122,88.114928,train,17.884893,17.884893,36.632522
2025-05-17 17:00:00+00:00,2025-05-17 13:00:00-04:00,14.648496,116.930053,train,15.006122,15.006122,232.520642
2025-05-17 18:00:00+00:00,2025-05-17 14:00:00-04:00,17.459042,196.500359,train,14.648496,14.648496,327.314841
2025-05-17 19:00:00+00:00,2025-05-17 15:00:00-04:00,20.291196,231.249991,train,17.459042,17.459042,618.523968
2025-05-17 20:00:00+00:00,2025-05-17 16:00:00-04:00,109.432993,219.999857,train,20.291196,20.291196,292.212703
2025-05-17 21:00:00+00:00,2025-05-17 17:00:00-04:00,130.122895,221.003261,train,109.432993,109.432993,60.453225
2025-05-17 22:00:00+00:00,2025-05-17 18:00:00-04:00,83.821988,170.819971,train,130.122895,130.122895,36.048905
2025-05-17 23:00:00+00:00,2025-05-17 19:00:00-04:00,29.603389,161.905808,train,83.821988,83.821988,32.070122
2025-05-18 00:00:00+00:00,2025-05-17 20:00:00-04:00,33.21019,123.424904,train,29.603389,29.603389,43.664769
2025-05-18 01:00:00+00:00,2025-05-17 21:00:00-04:00,32.667308,74.020164,train,33.21019,33.21019,28.530723
2025-05-18 02:00:00+00:00,2025-05-17 22:00:00-04:00,28.341236,57.219863,train,32.667308,32.667308,24.686336
2025-05-18 03:00:00+00:00,2025-05-17 23:00:00-04:00,22.36336,42.865599,train,28.341236,28.341236,25.232598
2025-05-18 04:00:00+00:00,2025-05-18 00:00:00-04:00,20.177345,40.455962,train,22.36336,22.36336,21.144757
2025-05-18 05:00:00+00:00,2025-05-18 01:00:00-04:00,21.999819,29.005784,train,20.177345,20.177345,23.926524
2025-05-18 06:00:00+00:00,2025-05-18 02:00:00-04:00,22.812541,25.286705,train,21.999819,21.999819,20.525129
2025-05-18 07:00:00+00:00,2025-05-18 03:00:00-04:00,23.687166,24.768461,train,22.812541,22.812541,18.231585
2025-05-18 08:00:00+00:00,2025-05-18 04:00:00-04:00,22.291155,24.694739,train,23.687166,23.687166,18.851746
2025-05-18 09:00:00+00:00,2025-05-18 05:00:00-04:00,25.133177,24.061945,train,22.291155,22.291155,19.760299
2025-05-18 10:00:00+00:00,2025-05-18 06:00:00-04:00,22.808618,23.793432,train,25.133177,25.133177,17.998423
2025-05-18 11:00:00+00:00,2025-05-18 07:00:00-04:00,19.59556,20.412221,train,22.808618,22.808618,18.547789
2025-05-18 12:00:00+00:00,2025-05-18 08:00:00-04:00,19.604577,19.679366,train,19.59556,19.59556,21.962356
2025-05-18 13:00:00+00:00,2025-05-18 09:00:00-04:00,20.607678,23.8698,train,19.604577,19.604577,20.290577
2025-05-18 14:00:00+00:00,2025-05-18 10:00:00-04:00,25.33563,24.974818,train,20.607678,20.607678,17.470063
2025-05-18 15:00:00+00:00,2025-05-18 11:00:00-04:00,30.006943,26.612734,train,25.33563,25.33563,17.884893
2025-05-18 16:00:00+00:00,2025-05-18 12:00:00-04:00,22.024881,26.599921,train,30.006943,30.006943,15.006122
2025-05-18 17:00:00+00:00,2025-05-18 13:00:00-04:00,22.065506,29.093327,train,22.024881,22.024881,14.648496
2025-05-18 18:00:00+00:00,2025-05-18 14:00:00-04:00,25.804309,33.35809,train,22.065506,22.065506,17.459042
2025-05-18 19:00:00+00:00,2025-05-18 15:00:00-04:00,29.809089,37.628695,train,25.804309,25.804309,20.291196
2025-05-18 20:00:00+00:00,2025-05-18 16:00:00-04:00,34.189991,44.27233,train,29.809089,29.809089,109.432993
2025-05-18 21:00:00+00:00,2025-05-18 17:00:00-04:00,38.168363,56.141073,train,34.189991,34.189991,130.122895
2025-05-18 22:00:00+00:00,2025-05-18 18:00:00-04:00,37.713221,62.229053,train,38.168363,38.168363,83.821988
2025-05-18 23:00:00+00:00,2025-05-18 19:00:00-04:00,84.427178,75.389934,train,37.713221,37.713221,29.603389
2025-05-19 00:00:00+00:00,2025-05-18 20:00:00-04:00,67.199276,67.823515,train,84.427178,84.427178,33.21019
2025-05-19 01:00:00+00:00,2025-05-18 21:00:00-04:00,39.033982,45.918215,train,67.199276,67.199276,32.667308
2025-05-19 02:00:00+00:00,2025-05-18 22:00:00-04:00,30.127577,34.740216,train,39.033982,39.033982,28.341236
2025-05-19 03:00:00+00:00,2025-05-18 23:00:00-04:00,27.063059,26.455985,train,30.127577,30.127577,22.36336
2025-05-19 04:00:00+00:00,2025-05-19 00:00:00-04:00,33.763512,23.536707,train,27.063059,27.063059,20.177345
2025-05-19 05:00:00+00:00,2025-05-19 01:00:00-04:00,23.951365,22.173666,train,33.763512,33.763512,21.999819
2025-05-19 06:00:00+00:00,2025-05-19 02:00:00-04:00,39.754798,19.525611,train,23.951365,23.951365,22.812541
2025-05-19 07:00:00+00:00,2025-05-19 03:00:00-04:00,21.234602,18.710166,train,39.754798,39.754798,23.687166
2025-05-19 08:00:00+00:00,2025-05-19 04:00:00-04:00,27.558852,19.665509,train,21.234602,21.234602,22.291155
2025-05-19 09:00:00+00:00,2025-05-19 05:00:00-04:00,25.938902,24.687091,train,27.558852,27.558852,25.133177
2025-05-19 10:00:00+00:00,2025-05-19 06:00:00-04:00,44.687067,36.736521,train,25.938902,25.938902,22.808618
2025-05-19 11:00:00+00:00,2025-05-19 07:00:00-04:00,39.370727,28.66,train,44.687067,44.687067,19.59556
2025-05-19 12:00:00+00:00,2025-05-19 08:00:00-04:00,22.725816,23.322015,train,39.370727,39.370727,19.604577
2025-05-19 13:00:00+00:00,2025-05-19 09:00:00-04:00,25.730977,23.399086,train,22.725816,22.725816,20.607678
2025-05-19 14:00:00+00:00,2025-05-19 10:00:00-04:00,32.21027,23.169597,train,25.730977,25.730977,25.33563
2025-05-19 15:00:00+00:00,2025-05-19 11:00:00-04:00,179.551258,24.482763,train,32.21027,32.21027,30.006943
2025-05-19 16:00:00+00:00,2025-05-19 12:00:00-04:00,32.184483,27.113079,train,179.551258,179.551258,22.024881
2025-05-19 17:00:00+00:00,2025-05-19 13:00:00-04:00,72.569298,32.942592,train,32.184483,32.184483,22.065506
2025-05-19 18:00:00+00:00,2025-05-19 14:00:00-04:00,30.44736,40.582519,train,72.569298,72.569298,25.804309
2025-05-19 19:00:00+00:00,2025-05-19 15:00:00-04:00,32.503974,46.505754,train,30.44736,30.44736,29.809089
2025-05-19 20:00:00+00:00,2025-05-19 16:00:00-04:00,30.349056,56.98568,train,32.503974,32.503974,34.189991
2025-05-19 21:00:00+00:00,2025-05-19 17:00:00-04:00,40.664523,64.747867,train,30.349056,30.349056,38.168363
2025-05-19 22:00:00+00:00,2025-05-19 18:00:00-04:00,65.677756,69.4851,train,40.664523,40.664523,37.713221
2025-05-19 23:00:00+00:00,2025-05-19 19:00:00-04:00,196.287644,78.438305,train,65.677756,65.677756,84.427178
2025-05-20 00:00:00+00:00,2025-05-19 20:00:00-04:00,102.007973,67.471867,train,196.287644,196.287644,67.199276
2025-05-20 01:00:00+00:00,2025-05-19 21:00:00-04:00,41.211802,42.700232,train,102.007973,102.007973,39.033982
2025-05-20 02:00:00+00:00,2025-05-19 22:00:00-04:00,102.369606,34.343988,train,41.211802,41.211802,30.127577
2025-05-20 03:00:00+00:00,2025-05-19 23:00:00-04:00,55.120362,24.8415,train,102.369606,102.369606,27.063059
2025-05-20 04:00:00+00:00,2025-05-20 00:00:00-04:00,58.682525,26.765587,train,55.120362,55.120362,33.763512
2025-05-20 05:00:00+00:00,2025-05-20 01:00:00-04:00,24.172295,24.4,train,58.682525,58.682525,23.951365
2025-05-20 06:00:00+00:00,2025-05-20 02:00:00-04:00,22.296508,22.961582,train,24.172295,24.172295,39.754798
2025-05-20 07:00:00+00:00,2025-05-20 03:00:00-04:00,19.35739,21.334194,train,22.296508,22.296508,21.234602
2025-05-20 08:00:00+00:00,2025-05-20 04:00:00-04:00,54.595839,22.602744,train,19.35739,19.35739,27.558852
2025-05-20 09:00:00+00:00,2025-05-20 05:00:00-04:00,55.587609,28.390791,train,54.595839,54.595839,25.938902
2025-05-20 10:00:00+00:00,2025-05-20 06:00:00-04:00,58.465047,36.012622,train,55.587609,55.587609,44.687067
2025-05-20 11:00:00+00:00,2025-05-20 07:00:00-04:00,43.768765,34.069266,train,58.465047,58.465047,39.370727
2025-05-20 12:00:00+00:00,2025-05-20 08:00:00-04:00,30.653786,29.035227,train,43.768765,43.768765,22.725816
2025-05-20 13:00:00+00:00,2025-05-20 09:00:00-04:00,28.129554,27.813965,train,30.653786,30.653786,25.730977
2025-05-20 14:00:00+00:00,2025-05-20 10:00:00-04:00,36.932942,28.768457,train,28.129554,28.129554,32.21027
2025-05-20 15:00:00+00:00,2025-05-20 11:00:00-04:00,32.127306,29.528403,train,36.932942,36.932942,179.551258
2025-05-20 16:00:00+00:00,2025-05-20 12:00:00-04:00,31.310452,32.395406,train,32.127306,32.127306,32.184483
2025-05-20 17:00:00+00:00,2025-05-20 13:00:00-04:00,23.913495,35.861553,train,31.310452,31.310452,72.569298
2025-05-20 18:00:00+00:00,2025-05-20 14:00:00-04:00,27.570756,39.77332,train,23.913495,23.913495,30.44736
2025-05-20 19:00:00+00:00,2025-05-20 15:00:00-04:00,52.491712,44.710085,train,27.570756,27.570756,32.503974
2025-05-20 20:00:00+00:00,2025-05-20 16:00:00-04:00,33.291657,50.39462,train,52.491712,52.491712,30.349056
2025-05-20 21:00:00+00:00,2025-05-20 17:00:00-04:00,36.871911,54.299347,train,33.291657,33.291657,40.664523
2025-05-20 22:00:00+00:00,2025-05-20 18:00:00-04:00,42.738185,57.9312,train,36.871911,36.871911,65.677756
2025-05-20 23:00:00+00:00,2025-05-20 19:00:00-04:00,53.170301,73.670527,train,42.738185,42.738185,196.287644
2025-05-21 00:00:00+00:00,2025-05-20 20:00:00-04:00,63.961928,81.852384,train,53.170301,53.170301,102.007973
2025-05-21 01:00:00+00:00,2025-05-20 21:00:00-04:00,56.519435,64.371482,train,63.961928,63.961928,41.211802
2025-05-21 02:00:00+00:00,2025-05-20 22:00:00-04:00,34.457638,47.86175,train,56.519435,56.519435,102.369606
2025-05-21 03:00:00+00:00,2025-05-20 23:00:00-04:00,29.504201,36.316387,train,34.457638,34.457638,55.120362
2025-05-21 04:00:00+00:00,2025-05-21 00:00:00-04:00,22.512157,32.026899,train,29.504201,29.504201,58.682525
2025-05-21 05:00:00+00:00,2025-05-21 01:00:00-04:00,25.024701,27.058289,train,22.512157,22.512157,24.172295
2025-05-21 06:00:00+00:00,2025-05-21 02:00:00-04:00,21.706574,25.12278,train,25.024701,25.024701,22.296508
2025-05-21 07:00:00+00:00,2025-05-21 03:00:00-04:00,19.801268,24.147543,train,21.706574,21.706574,19.35739
2025-05-21 08:00:00+00:00,2025-05-21 04:00:00-04:00,21.448824,26.251516,train,19.801268,19.801268,54.595839
2025-05-21 09:00:00+00:00,2025-05-21 05:00:00-04:00,20.064581,34.236965,train,21.448824,21.448824,55.587609
2025-05-21 10:00:00+00:00,2025-05-21 06:00:00-04:00,26.452623,45.773523,train,20.064581,20.064581,58.465047
2025-05-21 11:00:00+00:00,2025-05-21 07:00:00-04:00,31.334798,46.774756,train,26.452623,26.452623,43.768765
2025-05-21 12:00:00+00:00,2025-05-21 08:00:00-04:00,46.585078,43.874985,train,31.334798,31.334798,30.653786
2025-05-21 13:00:00+00:00,2025-05-21 09:00:00-04:00,29.37269,44.580404,train,46.585078,46.585078,28.129554
2025-05-21 14:00:00+00:00,2025-05-21 10:00:00-04:00,41.746785,44.183728,train,29.37269,29.37269,36.932942
2025-05-21 15:00:00+00:00,2025-05-21 11:00:00-04:00,27.122324,41.171653,train,41.746785,41.746785,32.127306
2025-05-21 16:00:00+00:00,2025-05-21 12:00:00-04:00,24.863981,36.6015,train,27.122324,27.122324,31.310452
2025-05-21 17:00:00+00:00,2025-05-21 13:00:00-04:00,24.245015,36.78289,train,24.863981,24.863981,23.913495
2025-05-21 18:00:00+00:00,2025-05-21 14:00:00-04:00,28.085992,35.916598,train,24.245015,24.245015,27.570756
2025-05-21 19:00:00+00:00,2025-05-21 15:00:00-04:00,25.624376,35.277548,train,28.085992,28.085992,52.491712
2025-05-21 20:00:00+00:00,2025-05-21 16:00:00-04:00,34.505625,38.152263,train,25.624376,25.624376,33.291657
2025-05-21 21:00:00+00:00,2025-05-21 17:00:00-04:00,30.913999,40.602458,train,34.505625,34.505625,36.871911
2025-05-21 22:00:00+00:00,2025-05-21 18:00:00-04:00,34.399339,41.306572,train,30.913999,30.913999,42.738185
2025-05-21 23:00:00+00:00,2025-05-21 19:00:00-04:00,29.407991,47.228919,train,34.399339,34.399339,53.170301
2025-05-22 00:00:00+00:00,2025-05-21 20:00:00-04:00,49.503387,52.459832,train,29.407991,29.407991,63.961928
2025-05-22 01:00:00+00:00,2025-05-21 21:00:00-04:00,60.119588,43.634566,train,49.503387,49.503387,56.519435
2025-05-22 02:00:00+00:00,2025-05-21 22:00:00-04:00,28.849129,36.263932,train,60.119588,60.119588,34.457638
2025-05-22 03:00:00+00:00,2025-05-21 23:00:00-04:00,25.470966,29.955448,train,28.849129,28.849129,29.504201
2025-05-22 04:00:00+00:00,2025-05-22 00:00:00-04:00,21.30366,24.224848,train,25.470966,25.470966,22.512157
2025-05-22 05:00:00+00:00,2025-05-22 01:00:00-04:00,24.82509,24.246758,train,21.30366,21.30366,25.024701
2025-05-22 06:00:00+00:00,2025-05-22 02:00:00-04:00,24.09925,22.80144,train,24.82509,24.82509,21.706574
2025-05-22 07:00:00+00:00,2025-05-22 03:00:00-04:00,22.371245,21.791045,train,24.09925,24.09925,19.801268
2025-05-22 08:00:00+00:00,2025-05-22 04:00:00-04:00,23.739584,23.352198,train,22.371245,22.371245,21.448824
2025-05-22 09:00:00+00:00,2025-05-22 05:00:00-04:00,22.756287,26.172824,train,23.739584,23.739584,20.064581
2025-05-22 10:00:00+00:00,2025-05-22 06:00:00-04:00,141.446286,37.234931,train,22.756287,22.756287,26.452623
2025-05-22 11:00:00+00:00,2025-05-22 07:00:00-04:00,38.431023,35.662035,train,141.446286,141.446286,31.334798
2025-05-22 12:00:00+00:00,2025-05-22 08:00:00-04:00,34.33592,33.730288,train,38.431023,38.431023,46.585078
2025-05-22 13:00:00+00:00,2025-05-22 09:00:00-04:00,31.744503,34.308796,train,34.33592,34.33592,29.37269
2025-05-22 14:00:00+00:00,2025-05-22 10:00:00-04:00,37.259369,35.29732,train,31.744503,31.744503,41.746785
2025-05-22 15:00:00+00:00,2025-05-22 11:00:00-04:00,28.375569,35.303838,train,37.259369,37.259369,27.122324
2025-05-22 16:00:00+00:00,2025-05-22 12:00:00-04:00,32.360445,33.214347,train,28.375569,28.375569,24.863981
2025-05-22 17:00:00+00:00,2025-05-22 13:00:00-04:00,27.567285,32.769667,train,32.360445,32.360445,24.245015
2025-05-22 18:00:00+00:00,2025-05-22 14:00:00-04:00,25.836439,31.584314,train,27.567285,27.567285,28.085992
2025-05-22 19:00:00+00:00,2025-05-22 15:00:00-04:00,26.244257,31.463678,train,25.836439,25.836439,25.624376
2025-05-22 20:00:00+00:00,2025-05-22 16:00:00-04:00,30.523556,32.121837,train,26.244257,26.244257,34.505625
2025-05-22 21:00:00+00:00,2025-05-22 17:00:00-04:00,40.44113,34.172559,train,30.523556,30.523556,30.913999
2025-05-22 22:00:00+00:00,2025-05-22 18:00:00-04:00,27.223554,37.345943,train,40.44113,40.44113,34.399339
2025-05-22 23:00:00+00:00,2025-05-22 19:00:00-04:00,35.430713,46.973653,train,27.223554,27.223554,29.407991
2025-05-23 00:00:00+00:00,2025-05-22 20:00:00-04:00,86.717873,55.526458,train,35.430713,35.430713,49.503387
2025-05-23 01:00:00+00:00,2025-05-22 21:00:00-04:00,55.165916,48.264591,train,86.717873,86.717873,60.119588
2025-05-23 02:00:00+00:00,2025-05-22 22:00:00-04:00,36.092922,38.107607,train,55.165916,55.165916,28.849129
2025-05-23 03:00:00+00:00,2025-05-22 23:00:00-04:00,26.209799,29.865566,train,36.092922,36.092922,25.470966
2025-05-23 04:00:00+00:00,2025-05-23 00:00:00-04:00,27.535021,28.396875,train,26.209799,26.209799,21.30366
2025-05-23 05:00:00+00:00,2025-05-23 01:00:00-04:00,28.346454,26.387512,train,27.535021,27.535021,24.82509
2025-05-23 06:00:00+00:00,2025-05-23 02:00:00-04:00,26.897218,25.569193,train,28.346454,28.346454,24.09925
2025-05-23 07:00:00+00:00,2025-05-23 03:00:00-04:00,24.940147,25.295729,train,26.897218,26.897218,22.371245
2025-05-23 08:00:00+00:00,2025-05-23 04:00:00-04:00,23.546969,26.399177,train,24.940147,24.940147,23.739584
2025-05-23 09:00:00+00:00,2025-05-23 05:00:00-04:00,22.006217,31.317685,train,23.546969,23.546969,22.756287
2025-05-23 10:00:00+00:00,2025-05-23 06:00:00-04:00,24.581706,38.033235,train,22.006217,22.006217,141.446286
2025-05-23 11:00:00+00:00,2025-05-23 07:00:00-04:00,25.189893,34.999671,train,24.581706,24.581706,38.431023
2025-05-23 12:00:00+00:00,2025-05-23 08:00:00-04:00,24.919898,30.23638,train,25.189893,25.189893,34.33592
2025-05-23 13:00:00+00:00,2025-05-23 09:00:00-04:00,25.85935,29.088264,train,24.919898,24.919898,31.744503
2025-05-23 14:00:00+00:00,2025-05-23 10:00:00-04:00,22.500697,28.132455,train,25.85935,25.85935,37.259369
2025-05-23 15:00:00+00:00,2025-05-23 11:00:00-04:00,21.273433,27.268285,train,22.500697,22.500697,28.375569
2025-05-23 16:00:00+00:00,2025-05-23 12:00:00-04:00,20.664946,26.336294,train,21.273433,21.273433,32.360445
2025-05-23 17:00:00+00:00,2025-05-23 13:00:00-04:00,21.542707,25.35949,train,20.664946,20.664946,27.567285
2025-05-23 18:00:00+00:00,2025-05-23 14:00:00-04:00,27.211201,25.405688,train,21.542707,21.542707,25.836439
2025-05-23 19:00:00+00:00,2025-05-23 15:00:00-04:00,21.64434,26.16403,train,27.211201,27.211201,26.244257
2025-05-23 20:00:00+00:00,2025-05-23 16:00:00-04:00,21.623583,26.875752,train,21.64434,21.64434,30.523556
2025-05-23 21:00:00+00:00,2025-05-23 17:00:00-04:00,23.095623,27.975522,train,21.623583,21.623583,40.44113
2025-05-23 22:00:00+00:00,2025-05-23 18:00:00-04:00,23.139807,34.727375,train,23.095623,23.095623,27.223554
2025-05-23 23:00:00+00:00,2025-05-23 19:00:00-04:00,123.652515,43.534595,train,23.139807,23.139807,35.430713
2025-05-24 00:00:00+00:00,2025-05-23 20:00:00-04:00,73.514573,56.803533,train,123.652515,123.652515,86.717873
2025-05-24 01:00:00+00:00,2025-05-23 21:00:00-04:00,48.81225,42.094596,train,73.514573,73.514573,55.165916
2025-05-24 02:00:00+00:00,2025-05-23 22:00:00-04:00,28.563523,35.792583,train,48.81225,48.81225,36.092922
2025-05-24 03:00:00+00:00,2025-05-23 23:00:00-04:00,21.393284,26.974688,train,28.563523,28.563523,26.209799
2025-05-24 04:00:00+00:00,2025-05-24 00:00:00-04:00,16.474252,24.935031,train,21.393284,21.393284,27.535021
2025-05-24 05:00:00+00:00,2025-05-24 01:00:00-04:00,21.825741,24.41075,train,16.474252,16.474252,28.346454
2025-05-24 06:00:00+00:00,2025-05-24 02:00:00-04:00,19.682552,22.60226,train,21.825741,21.825741,26.897218
2025-05-24 07:00:00+00:00,2025-05-24 03:00:00-04:00,20.476275,22.861486,train,19.682552,19.682552,24.940147
2025-05-24 08:00:00+00:00,2025-05-24 04:00:00-04:00,20.781487,24.324301,train,20.476275,20.476275,23.546969
2025-05-24 09:00:00+00:00,2025-05-24 05:00:00-04:00,21.660332,25.609307,train,20.781487,20.781487,22.006217
2025-05-24 10:00:00+00:00,2025-05-24 06:00:00-04:00,20.850397,23.918281,train,21.660332,21.660332,24.581706
2025-05-24 11:00:00+00:00,2025-05-24 07:00:00-04:00,16.754816,18.585052,train,20.850397,20.850397,25.189893
2025-05-24 12:00:00+00:00,2025-05-24 08:00:00-04:00,16.587506,18.78292,train,16.754816,16.754816,24.919898
2025-05-24 13:00:00+00:00,2025-05-24 09:00:00-04:00,17.188527,18.106129,train,16.587506,16.587506,25.85935
2025-05-24 14:00:00+00:00,2025-05-24 10:00:00-04:00,19.006523,19.087914,train,17.188527,17.188527,22.500697
2025-05-24 15:00:00+00:00,2025-05-24 11:00:00-04:00,22.505344,19.472619,train,19.006523,19.006523,21.273433
2025-05-24 16:00:00+00:00,2025-05-24 12:00:00-04:00,19.199478,18.993157,train,22.505344,22.505344,20.664946
2025-05-24 17:00:00+00:00,2025-05-24 13:00:00-04:00,21.076608,18.285915,train,19.199478,19.199478,21.542707
2025-05-24 18:00:00+00:00,2025-05-24 14:00:00-04:00,17.497227,18.738081,train,21.076608,21.076608,27.211201
2025-05-24 19:00:00+00:00,2025-05-24 15:00:00-04:00,19.047269,19.155279,train,17.497227,17.497227,21.64434
2025-05-24 20:00:00+00:00,2025-05-24 16:00:00-04:00,19.687403,20.704237,train,19.047269,19.047269,21.623583
2025-05-24 21:00:00+00:00,2025-05-24 17:00:00-04:00,25.301746,21.321098,train,19.687403,19.687403,23.095623
2025-05-24 22:00:00+00:00,2025-05-24 18:00:00-04:00,22.218279,26.169565,train,25.301746,25.301746,23.139807
2025-05-24 23:00:00+00:00,2025-05-24 19:00:00-04:00,41.056893,32.862027,train,22.218279,22.218279,123.652515
2025-05-25 00:00:00+00:00,2025-05-24 20:00:00-04:00,44.999922,36.992892,train,41.056893,41.056893,73.514573
2025-05-25 01:00:00+00:00,2025-05-24 21:00:00-04:00,53.403803,34.41537,train,44.999922,44.999922,48.81225
2025-05-25 02:00:00+00:00,2025-05-24 22:00:00-04:00,22.970632,27.404851,train,53.403803,53.403803,28.563523
2025-05-25 03:00:00+00:00,2025-05-24 23:00:00-04:00,18.162125,21.878453,train,22.970632,22.970632,21.393284
2025-05-25 04:00:00+00:00,2025-05-25 00:00:00-04:00,19.314641,18.854888,train,18.162125,18.162125,16.474252
2025-05-25 05:00:00+00:00,2025-05-25 01:00:00-04:00,23.554615,20.609309,train,19.314641,19.314641,21.825741
2025-05-25 06:00:00+00:00,2025-05-25 02:00:00-04:00,19.676336,18.832975,train,23.554615,23.554615,19.682552
2025-05-25 07:00:00+00:00,2025-05-25 03:00:00-04:00,16.900734,18.492406,train,19.676336,19.676336,20.476275
2025-05-25 08:00:00+00:00,2025-05-25 04:00:00-04:00,18.016798,18.418722,train,16.900734,16.900734,20.781487
2025-05-25 09:00:00+00:00,2025-05-25 05:00:00-04:00,19.32324,18.805184,train,18.016798,18.016798,21.660332
2025-05-25 10:00:00+00:00,2025-05-25 06:00:00-04:00,18.043013,18.43407,train,19.32324,19.32324,20.850397
2025-05-25 11:00:00+00:00,2025-05-25 07:00:00-04:00,17.906936,15.885067,train,18.043013,18.043013,16.754816
2025-05-25 12:00:00+00:00,2025-05-25 08:00:00-04:00,14.443333,14.210877,train,17.906936,17.906936,16.587506
2025-05-25 13:00:00+00:00,2025-05-25 09:00:00-04:00,15.34828,15.589472,train,14.443333,14.443333,17.188527
2025-05-25 14:00:00+00:00,2025-05-25 10:00:00-04:00,15.655454,16.928686,train,15.34828,15.34828,19.006523
2025-05-25 15:00:00+00:00,2025-05-25 11:00:00-04:00,14.255647,17.253387,train,15.655454,15.655454,22.505344
2025-05-25 16:00:00+00:00,2025-05-25 12:00:00-04:00,16.573133,17.598036,train,14.255647,14.255647,19.199478
2025-05-25 17:00:00+00:00,2025-05-25 13:00:00-04:00,15.846492,16.473402,train,16.573133,16.573133,21.076608
2025-05-25 18:00:00+00:00,2025-05-25 14:00:00-04:00,20.589761,17.489939,train,15.846492,15.846492,17.497227
2025-05-25 19:00:00+00:00,2025-05-25 15:00:00-04:00,23.915893,20.849052,train,20.589761,20.589761,19.047269
2025-05-25 20:00:00+00:00,2025-05-25 16:00:00-04:00,42.300574,23.453287,train,23.915893,23.915893,19.687403
2025-05-25 21:00:00+00:00,2025-05-25 17:00:00-04:00,29.484757,27.511782,train,42.300574,42.300574,25.301746
2025-05-25 22:00:00+00:00,2025-05-25 18:00:00-04:00,28.411944,27.357364,train,29.484757,29.484757,22.218279
2025-05-25 23:00:00+00:00,2025-05-25 19:00:00-04:00,27.495241,33.929719,train,28.411944,28.411944,41.056893
2025-05-26 00:00:00+00:00,2025-05-25 20:00:00-04:00,59.47951,43.715974,train,27.495241,27.495241,44.999922
2025-05-26 01:00:00+00:00,2025-05-25 21:00:00-04:00,38.27192,32.156004,train,59.47951,59.47951,53.403803
2025-05-26 02:00:00+00:00,2025-05-25 22:00:00-04:00,40.667496,26.530944,train,38.27192,38.27192,22.970632
2025-05-26 03:00:00+00:00,2025-05-25 23:00:00-04:00,37.678508,22.257413,train,40.667496,40.667496,18.162125
2025-05-26 04:00:00+00:00,2025-05-26 00:00:00-04:00,19.615749,16.053832,train,37.678508,37.678508,19.314641
2025-05-26 05:00:00+00:00,2025-05-26 01:00:00-04:00,25.936335,16.96776,train,19.615749,19.615749,23.554615
2025-05-26 06:00:00+00:00,2025-05-26 02:00:00-04:00,26.513069,16.02977,train,25.936335,25.936335,19.676336
2025-05-26 07:00:00+00:00,2025-05-26 03:00:00-04:00,22.393841,14.962685,train,26.513069,26.513069,16.900734
2025-05-26 08:00:00+00:00,2025-05-26 04:00:00-04:00,20.456523,15.386705,train,22.393841,22.393841,18.016798
2025-05-26 09:00:00+00:00,2025-05-26 05:00:00-04:00,27.585164,16.289771,train,20.456523,20.456523,19.32324
2025-05-26 10:00:00+00:00,2025-05-26 06:00:00-04:00,25.776825,16.192874,train,27.585164,27.585164,18.043013
2025-05-26 11:00:00+00:00,2025-05-26 07:00:00-04:00,14.055584,16.106474,train,25.776825,25.776825,17.906936
2025-05-26 12:00:00+00:00,2025-05-26 08:00:00-04:00,22.12269,15.855474,train,14.055584,14.055584,14.443333
2025-05-26 13:00:00+00:00,2025-05-26 09:00:00-04:00,30.199545,16.792494,train,22.12269,22.12269,15.34828
2025-05-26 14:00:00+00:00,2025-05-26 10:00:00-04:00,22.394631,16.892745,train,30.199545,30.199545,15.655454
2025-05-26 15:00:00+00:00,2025-05-26 11:00:00-04:00,16.727519,17.229018,train,22.394631,22.394631,14.255647
2025-05-26 16:00:00+00:00,2025-05-26 12:00:00-04:00,17.957859,17.146084,train,16.727519,16.727519,16.573133
2025-05-26 17:00:00+00:00,2025-05-26 13:00:00-04:00,17.383996,17.894053,train,17.957859,17.957859,15.846492
2025-05-26 18:00:00+00:00,2025-05-26 14:00:00-04:00,21.234678,18.109763,train,17.383996,17.383996,20.589761
2025-05-26 19:00:00+00:00,2025-05-26 15:00:00-04:00,26.5152,20.263215,train,21.234678,21.234678,23.915893
2025-05-26 20:00:00+00:00,2025-05-26 16:00:00-04:00,21.655683,22.865897,train,26.5152,26.5152,42.300574
2025-05-26 21:00:00+00:00,2025-05-26 17:00:00-04:00,26.253218,25.566357,train,21.655683,21.655683,29.484757
2025-05-26 22:00:00+00:00,2025-05-26 18:00:00-04:00,25.078456,26.176083,train,26.253218,26.253218,28.411944
2025-05-26 23:00:00+00:00,2025-05-26 19:00:00-04:00,34.335881,35.449689,train,25.078456,25.078456,27.495241
2025-05-27 00:00:00+00:00,2025-05-26 20:00:00-04:00,34.277194,40.074439,train,34.335881,34.335881,59.47951
2025-05-27 01:00:00+00:00,2025-05-26 21:00:00-04:00,46.805342,31.459345,train,34.277194,34.277194,38.27192
2025-05-27 02:00:00+00:00,2025-05-26 22:00:00-04:00,29.93179,24.061468,train,46.805342,46.805342,40.667496
2025-05-27 03:00:00+00:00,2025-05-26 23:00:00-04:00,21.777153,18.924577,train,29.93179,29.93179,37.678508
2025-05-27 04:00:00+00:00,2025-05-27 00:00:00-04:00,16.107228,20.605049,train,21.777153,21.777153,19.615749
2025-05-27 05:00:00+00:00,2025-05-27 01:00:00-04:00,17.671347,22.035181,train,16.107228,16.107228,25.936335
2025-05-27 06:00:00+00:00,2025-05-27 02:00:00-04:00,17.786579,19.483082,train,17.671347,17.671347,26.513069
2025-05-27 07:00:00+00:00,2025-05-27 03:00:00-04:00,17.564937,19.379109,train,17.786579,17.786579,22.393841
2025-05-27 08:00:00+00:00,2025-05-27 04:00:00-04:00,18.072242,21.053388,train,17.564937,17.564937,20.456523
2025-05-27 09:00:00+00:00,2025-05-27 05:00:00-04:00,25.746407,26.852129,train,18.072242,18.072242,27.585164
2025-05-27 10:00:00+00:00,2025-05-27 06:00:00-04:00,28.999567,33.394533,train,25.746407,25.746407,25.776825
2025-05-27 11:00:00+00:00,2025-05-27 07:00:00-04:00,43.67281,34.17657,train,28.999567,28.999567,14.055584
2025-05-27 12:00:00+00:00,2025-05-27 08:00:00-04:00,68.679856,35.960914,train,43.67281,43.67281,22.12269
2025-05-27 13:00:00+00:00,2025-05-27 09:00:00-04:00,21.186717,35.667816,train,68.679856,68.679856,30.199545
2025-05-27 14:00:00+00:00,2025-05-27 10:00:00-04:00,36.038127,36.850404,train,21.186717,21.186717,22.394631
2025-05-27 15:00:00+00:00,2025-05-27 11:00:00-04:00,26.8403,36.739153,train,36.038127,36.038127,16.727519
2025-05-27 16:00:00+00:00,2025-05-27 12:00:00-04:00,29.731649,37.160054,train,26.8403,26.8403,17.957859
2025-05-27 17:00:00+00:00,2025-05-27 13:00:00-04:00,42.030659,38.981901,train,29.731649,29.731649,17.383996
2025-05-27 18:00:00+00:00,2025-05-27 14:00:00-04:00,29.128271,38.365841,train,42.030659,42.030659,21.234678
2025-05-27 19:00:00+00:00,2025-05-27 15:00:00-04:00,29.514181,40.610183,train,29.128271,29.128271,26.5152
2025-05-27 20:00:00+00:00,2025-05-27 16:00:00-04:00,39.819711,43.541464,train,29.514181,29.514181,21.655683
2025-05-27 21:00:00+00:00,2025-05-27 17:00:00-04:00,29.572433,49.951892,train,39.819711,39.819711,26.253218
2025-05-27 22:00:00+00:00,2025-05-27 18:00:00-04:00,26.541427,44.511978,train,29.572433,29.572433,25.078456
2025-05-27 23:00:00+00:00,2025-05-27 19:00:00-04:00,32.364355,49.948366,train,26.541427,26.541427,34.335881
2025-05-28 00:00:00+00:00,2025-05-27 20:00:00-04:00,55.922755,58.013541,train,32.364355,32.364355,34.277194
2025-05-28 01:00:00+00:00,2025-05-27 21:00:00-04:00,37.661432,45.357575,train,55.922755,55.922755,46.805342
2025-05-28 02:00:00+00:00,2025-05-27 22:00:00-04:00,28.485303,37.258439,train,37.661432,37.661432,29.93179
2025-05-28 03:00:00+00:00,2025-05-27 23:00:00-04:00,29.565313,28.11526,train,28.485303,28.485303,21.777153
2025-05-28 04:00:00+00:00,2025-05-28 00:00:00-04:00,19.777512,23.412346,train,29.565313,29.565313,16.107228
2025-05-28 05:00:00+00:00,2025-05-28 01:00:00-04:00,39.708034,23.885838,train,19.777512,19.777512,17.671347
2025-05-28 06:00:00+00:00,2025-05-28 02:00:00-04:00,19.635554,22.273749,train,39.708034,39.708034,17.786579
2025-05-28 07:00:00+00:00,2025-05-28 03:00:00-04:00,20.143309,22.064579,train,19.635554,19.635554,17.564937
2025-05-28 08:00:00+00:00,2025-05-28 04:00:00-04:00,26.495459,24.00487,train,20.143309,20.143309,18.072242
2025-05-28 09:00:00+00:00,2025-05-28 05:00:00-04:00,26.77758,26.108537,train,26.495459,26.495459,25.746407
2025-05-28 10:00:00+00:00,2025-05-28 06:00:00-04:00,35.788889,36.239825,train,26.77758,26.77758,28.999567
2025-05-28 11:00:00+00:00,2025-05-28 07:00:00-04:00,40.368974,43.207939,train,35.788889,35.788889,43.67281
2025-05-28 12:00:00+00:00,2025-05-28 08:00:00-04:00,40.831294,44.598975,train,40.368974,40.368974,68.679856
2025-05-28 13:00:00+00:00,2025-05-28 09:00:00-04:00,44.416105,41.377411,train,40.831294,40.831294,21.186717
2025-05-28 14:00:00+00:00,2025-05-28 10:00:00-04:00,45.843851,40.351922,train,44.416105,44.416105,36.038127
2025-05-28 15:00:00+00:00,2025-05-28 11:00:00-04:00,28.973434,38.752832,train,45.843851,45.843851,26.8403
2025-05-28 16:00:00+00:00,2025-05-28 12:00:00-04:00,34.588839,38.138906,train,28.973434,28.973434,29.731649
2025-05-28 17:00:00+00:00,2025-05-28 13:00:00-04:00,28.564372,38.455908,train,34.588839,34.588839,42.030659
2025-05-28 18:00:00+00:00,2025-05-28 14:00:00-04:00,32.786895,36.872851,train,28.564372,28.564372,29.128271
2025-05-28 19:00:00+00:00,2025-05-28 15:00:00-04:00,49.969297,36.304855,train,32.786895,32.786895,29.514181
2025-05-28 20:00:00+00:00,2025-05-28 16:00:00-04:00,29.439574,37.843856,train,49.969297,49.969297,39.819711
2025-05-28 21:00:00+00:00,2025-05-28 17:00:00-04:00,35.020941,39.966175,train,29.439574,29.439574,29.572433
2025-05-28 22:00:00+00:00,2025-05-28 18:00:00-04:00,25.467264,38.796783,train,35.020941,35.020941,26.541427
2025-05-28 23:00:00+00:00,2025-05-28 19:00:00-04:00,32.232472,46.284504,train,25.467264,25.467264,32.364355
2025-05-29 00:00:00+00:00,2025-05-28 20:00:00-04:00,79.623303,55.576759,train,32.232472,32.232472,55.922755
2025-05-29 01:00:00+00:00,2025-05-28 21:00:00-04:00,55.865431,48.529937,train,79.623303,79.623303,37.661432
2025-05-29 02:00:00+00:00,2025-05-28 22:00:00-04:00,50.163311,36.983561,train,55.865431,55.865431,28.485303
2025-05-29 03:00:00+00:00,2025-05-28 23:00:00-04:00,73.661091,29.642977,train,50.163311,50.163311,29.565313
2025-05-29 04:00:00+00:00,2025-05-29 00:00:00-04:00,25.135729,26.828923,train,73.661091,73.661091,19.777512
2025-05-29 05:00:00+00:00,2025-05-29 01:00:00-04:00,60.56974,27.063549,train,25.135729,25.135729,39.708034
2025-05-29 06:00:00+00:00,2025-05-29 02:00:00-04:00,26.009757,24.330503,train,60.56974,60.56974,19.635554
2025-05-29 07:00:00+00:00,2025-05-29 03:00:00-04:00,24.146645,24.244702,train,26.009757,26.009757,20.143309
2025-05-29 08:00:00+00:00,2025-05-29 04:00:00-04:00,29.332926,25.193599,train,24.146645,24.146645,26.495459
2025-05-29 09:00:00+00:00,2025-05-29 05:00:00-04:00,37.913921,34.244498,train,29.332926,29.332926,26.77758
2025-05-29 10:00:00+00:00,2025-05-29 06:00:00-04:00,69.759072,42.431204,train,37.913921,37.913921,35.788889
2025-05-29 11:00:00+00:00,2025-05-29 07:00:00-04:00,77.0043,41.942175,train,69.759072,69.759072,40.368974
2025-05-29 12:00:00+00:00,2025-05-29 08:00:00-04:00,50.73132,33.057284,train,77.0043,77.0043,40.831294
2025-05-29 13:00:00+00:00,2025-05-29 09:00:00-04:00,34.085707,32.197693,train,50.73132,50.73132,44.416105
2025-05-29 14:00:00+00:00,2025-05-29 10:00:00-04:00,29.068792,32.517551,train,34.085707,34.085707,45.843851
2025-05-29 15:00:00+00:00,2025-05-29 11:00:00-04:00,24.859419,33.267257,train,29.068792,29.068792,28.973434
2025-05-29 16:00:00+00:00,2025-05-29 12:00:00-04:00,24.033469,34.704145,train,24.859419,24.859419,34.588839
2025-05-29 17:00:00+00:00,2025-05-29 13:00:00-04:00,23.030698,36.766317,train,24.033469,24.033469,28.564372
2025-05-29 18:00:00+00:00,2025-05-29 14:00:00-04:00,32.407097,41.85668,train,23.030698,23.030698,32.786895
2025-05-29 19:00:00+00:00,2025-05-29 15:00:00-04:00,32.78613,45.552771,train,32.407097,32.407097,49.969297
2025-05-29 20:00:00+00:00,2025-05-29 16:00:00-04:00,33.536164,51.027565,train,32.78613,32.78613,29.439574
2025-05-29 21:00:00+00:00,2025-05-29 17:00:00-04:00,28.291648,56.405647,train,33.536164,33.536164,35.020941
2025-05-29 22:00:00+00:00,2025-05-29 18:00:00-04:00,38.092791,64.526558,train,28.291648,28.291648,25.467264
2025-05-29 23:00:00+00:00,2025-05-29 19:00:00-04:00,41.041982,73.368123,train,38.092791,38.092791,32.232472
2025-05-30 00:00:00+00:00,2025-05-29 20:00:00-04:00,41.0152,79.578455,train,41.041982,41.041982,79.623303
2025-05-30 01:00:00+00:00,2025-05-29 21:00:00-04:00,37.092142,63.36584,train,41.0152,41.0152,55.865431
2025-05-30 02:00:00+00:00,2025-05-29 22:00:00-04:00,30.706253,50.925661,train,37.092142,37.092142,50.163311
2025-05-30 03:00:00+00:00,2025-05-29 23:00:00-04:00,33.117136,38.15267,train,30.706253,30.706253,73.661091
2025-05-30 04:00:00+00:00,2025-05-30 00:00:00-04:00,23.43,26.838363,train,33.117136,33.117136,25.135729
2025-05-30 05:00:00+00:00,2025-05-30 01:00:00-04:00,20.482415,24.478203,train,23.43,23.43,60.56974
2025-05-30 06:00:00+00:00,2025-05-30 02:00:00-04:00,19.909889,22.180797,train,20.482415,20.482415,26.009757
2025-05-30 07:00:00+00:00,2025-05-30 03:00:00-04:00,19.827877,21.772361,train,19.909889,19.909889,24.146645
2025-05-30 08:00:00+00:00,2025-05-30 04:00:00-04:00,20.049309,22.60734,train,19.827877,19.827877,29.332926
2025-05-30 09:00:00+00:00,2025-05-30 05:00:00-04:00,19.236975,27.292915,train,20.049309,20.049309,37.913921
2025-05-30 10:00:00+00:00,2025-05-30 06:00:00-04:00,32.177091,32.852676,train,19.236975,19.236975,69.759072
2025-05-30 11:00:00+00:00,2025-05-30 07:00:00-04:00,26.840362,34.767119,train,32.177091,32.177091,77.0043
2025-05-30 12:00:00+00:00,2025-05-30 08:00:00-04:00,29.88637,36.064361,train,26.840362,26.840362,50.73132
2025-05-30 13:00:00+00:00,2025-05-30 09:00:00-04:00,25.755612,35.450073,train,29.88637,29.88637,34.085707
2025-05-30 14:00:00+00:00,2025-05-30 10:00:00-04:00,24.909844,35.786102,train,25.755612,25.755612,29.068792
2025-05-30 15:00:00+00:00,2025-05-30 11:00:00-04:00,26.455413,36.599875,train,24.909844,24.909844,24.859419
2025-05-30 16:00:00+00:00,2025-05-30 12:00:00-04:00,28.380872,40.923338,train,26.455413,26.455413,24.033469
2025-05-30 17:00:00+00:00,2025-05-30 13:00:00-04:00,22.949268,45.884423,train,28.380872,28.380872,23.030698
2025-05-30 18:00:00+00:00,2025-05-30 14:00:00-04:00,24.124407,51.138966,train,22.949268,22.949268,32.407097
2025-05-30 19:00:00+00:00,2025-05-30 15:00:00-04:00,50.388202,52.115817,train,24.124407,24.124407,32.78613
2025-05-30 20:00:00+00:00,2025-05-30 16:00:00-04:00,26.533576,56.746032,train,50.388202,50.388202,33.536164
2025-05-30 21:00:00+00:00,2025-05-30 17:00:00-04:00,29.446797,44.660846,train,26.533576,26.533576,28.291648
2025-05-30 22:00:00+00:00,2025-05-30 18:00:00-04:00,29.863315,39.101847,train,29.446797,29.446797,38.092791
2025-05-30 23:00:00+00:00,2025-05-30 19:00:00-04:00,24.656012,37.712211,train,29.863315,29.863315,41.041982
2025-05-31 00:00:00+00:00,2025-05-30 20:00:00-04:00,21.753482,37.64091,train,24.656012,24.656012,41.0152
2025-05-31 01:00:00+00:00,2025-05-30 21:00:00-04:00,46.45214,35.292107,train,21.753482,21.753482,37.092142
2025-05-31 02:00:00+00:00,2025-05-30 22:00:00-04:00,19.594917,27.125491,train,46.45214,46.45214,30.706253
2025-05-31 03:00:00+00:00,2025-05-30 23:00:00-04:00,17.751818,24.339246,train,19.594917,19.594917,33.117136
2025-05-31 04:00:00+00:00,2025-05-31 00:00:00-04:00,18.750052,21.293893,train,17.751818,17.751818,23.43
2025-05-31 05:00:00+00:00,2025-05-31 01:00:00-04:00,29.352824,20.945193,train,18.750052,18.750052,20.482415
2025-05-31 06:00:00+00:00,2025-05-31 02:00:00-04:00,19.508358,18.871087,train,29.352824,29.352824,19.909889
2025-05-31 07:00:00+00:00,2025-05-31 03:00:00-04:00,17.491466,18.748566,train,19.508358,19.508358,19.827877
2025-05-31 08:00:00+00:00,2025-05-31 04:00:00-04:00,16.059959,18.591176,train,17.491466,17.491466,20.049309
2025-05-31 09:00:00+00:00,2025-05-31 05:00:00-04:00,17.827661,19.149569,train,16.059959,16.059959,19.236975
2025-05-31 10:00:00+00:00,2025-05-31 06:00:00-04:00,17.281278,19.070993,train,17.827661,17.827661,32.177091
2025-05-31 11:00:00+00:00,2025-05-31 07:00:00-04:00,16.012275,18.823388,train,17.281278,17.281278,26.840362
2025-05-31 12:00:00+00:00,2025-05-31 08:00:00-04:00,16.008517,18.714811,train,16.012275,16.012275,29.88637
2025-05-31 13:00:00+00:00,2025-05-31 09:00:00-04:00,18.379922,19.157631,train,16.008517,16.008517,25.755612
2025-05-31 14:00:00+00:00,2025-05-31 10:00:00-04:00,118.492616,20.116583,train,18.379922,18.379922,24.909844
2025-05-31 15:00:00+00:00,2025-05-31 11:00:00-04:00,119.057974,19.930875,train,118.492616,118.492616,26.455413
2025-05-31 16:00:00+00:00,2025-05-31 12:00:00-04:00,37.353435,19.244626,train,119.057974,119.057974,28.380872
2025-05-31 17:00:00+00:00,2025-05-31 13:00:00-04:00,59.027769,19.668214,train,37.353435,37.353435,22.949268
2025-05-31 18:00:00+00:00,2025-05-31 14:00:00-04:00,54.190502,19.32476,train,59.027769,59.027769,24.124407
2025-05-31 19:00:00+00:00,2025-05-31 15:00:00-04:00,127.779286,19.824576,train,54.190502,54.190502,50.388202
2025-05-31 20:00:00+00:00,2025-05-31 16:00:00-04:00,130.375805,20.375848,train,127.779286,127.779286,26.533576
2025-05-31 21:00:00+00:00,2025-05-31 17:00:00-04:00,131.555507,22.117268,train,130.375805,130.375805,29.446797
2025-05-31 22:00:00+00:00,2025-05-31 18:00:00-04:00,132.933828,25.779811,train,131.555507,131.555507,29.863315
2025-05-31 23:00:00+00:00,2025-05-31 19:00:00-04:00,117.71786,34.395076,train,132.933828,132.933828,24.656012
2025-06-01 00:00:00+00:00,2025-05-31 20:00:00-04:00,93.826062,38.282288,train,117.71786,117.71786,21.753482
2025-06-01 01:00:00+00:00,2025-05-31 21:00:00-04:00,20.812626,33.556857,train,93.826062,93.826062,46.45214
2025-06-01 02:00:00+00:00,2025-05-31 22:00:00-04:00,16.945016,28.995716,train,20.812626,20.812626,19.594917
2025-06-01 03:00:00+00:00,2025-05-31 23:00:00-04:00,19.749964,22.869373,train,16.945016,16.945016,17.751818
2025-06-01 04:00:00+00:00,2025-06-01 00:00:00-04:00,74.924902,17.172602,train,19.749964,19.749964,18.750052
2025-06-01 05:00:00+00:00,2025-06-01 01:00:00-04:00,162.616623,18.245259,train,74.924902,74.924902,29.352824
2025-06-01 06:00:00+00:00,2025-06-01 02:00:00-04:00,160.128241,17.131996,train,162.616623,162.616623,19.508358
2025-06-01 07:00:00+00:00,2025-06-01 03:00:00-04:00,121.31878,17.036663,train,160.128241,160.128241,17.491466
2025-06-01 08:00:00+00:00,2025-06-01 04:00:00-04:00,130.011297,16.603229,train,121.31878,121.31878,16.059959
2025-06-01 09:00:00+00:00,2025-06-01 05:00:00-04:00,144.777827,17.026662,train,130.011297,130.011297,17.827661
2025-06-01 10:00:00+00:00,2025-06-01 06:00:00-04:00,139.582593,17.174363,train,144.777827,144.777827,17.281278
2025-06-01 11:00:00+00:00,2025-06-01 07:00:00-04:00,81.619524,16.875498,train,139.582593,139.582593,16.012275
2025-06-01 12:00:00+00:00,2025-06-01 08:00:00-04:00,76.77304,16.129126,train,81.619524,81.619524,16.008517
2025-06-01 13:00:00+00:00,2025-06-01 09:00:00-04:00,18.532036,16.061285,train,76.77304,76.77304,18.379922
2025-06-01 14:00:00+00:00,2025-06-01 10:00:00-04:00,37.86218,17.567264,train,18.532036,18.532036,118.492616
2025-06-01 15:00:00+00:00,2025-06-01 11:00:00-04:00,126.270405,17.746403,train,37.86218,37.86218,119.057974
2025-06-01 16:00:00+00:00,2025-06-01 12:00:00-04:00,147.969595,17.871122,train,126.270405,126.270405,37.353435
2025-06-01 17:00:00+00:00,2025-06-01 13:00:00-04:00,148.972197,18.509526,train,147.969595,147.969595,59.027769
2025-06-01 18:00:00+00:00,2025-06-01 14:00:00-04:00,143.329465,18.89242,train,148.972197,148.972197,54.190502
2025-06-01 19:00:00+00:00,2025-06-01 15:00:00-04:00,140.535562,21.151522,train,143.329465,143.329465,127.779286
2025-06-01 20:00:00+00:00,2025-06-01 16:00:00-04:00,140.329927,21.134528,train,140.535562,140.535562,130.375805
2025-06-01 21:00:00+00:00,2025-06-01 17:00:00-04:00,144.783802,24.881779,train,140.329927,140.329927,131.555507
2025-06-01 22:00:00+00:00,2025-06-01 18:00:00-04:00,142.221559,29.854528,train,144.783802,144.783802,132.933828
2025-06-01 23:00:00+00:00,2025-06-01 19:00:00-04:00,143.731912,33.08875,train,142.221559,142.221559,117.71786
2025-06-02 00:00:00+00:00,2025-06-01 20:00:00-04:00,151.155877,38.347674,train,143.731912,143.731912,93.826062
2025-06-02 01:00:00+00:00,2025-06-01 21:00:00-04:00,92.703961,34.387956,train,151.155877,151.155877,20.812626
2025-06-02 02:00:00+00:00,2025-06-01 22:00:00-04:00,115.795923,28.355204,train,92.703961,92.703961,16.945016
2025-06-02 03:00:00+00:00,2025-06-01 23:00:00-04:00,129.260283,23.331833,train,115.795923,115.795923,19.749964
2025-06-02 04:00:00+00:00,2025-06-02 00:00:00-04:00,132.917198,27.642087,train,129.260283,129.260283,74.924902
2025-06-02 05:00:00+00:00,2025-06-02 01:00:00-04:00,157.985782,28.429013,train,132.917198,132.917198,162.616623
2025-06-02 06:00:00+00:00,2025-06-02 02:00:00-04:00,158.742631,28.331148,train,157.985782,157.985782,160.128241
2025-06-02 07:00:00+00:00,2025-06-02 03:00:00-04:00,157.949438,28.010078,train,158.742631,158.742631,121.31878
2025-06-02 08:00:00+00:00,2025-06-02 04:00:00-04:00,133.02543,29.803192,train,157.949438,157.949438,130.011297
2025-06-02 09:00:00+00:00,2025-06-02 05:00:00-04:00,68.428108,32.007471,train,133.02543,133.02543,144.777827
2025-06-02 10:00:00+00:00,2025-06-02 06:00:00-04:00,28.733099,39.864198,train,68.428108,68.428108,139.582593
2025-06-02 11:00:00+00:00,2025-06-02 07:00:00-04:00,14.010991,33.167348,train,28.733099,28.733099,81.619524
2025-06-02 12:00:00+00:00,2025-06-02 08:00:00-04:00,9.745167,22.507981,train,14.010991,14.010991,76.77304
2025-06-02 13:00:00+00:00,2025-06-02 09:00:00-04:00,10.34217,21.039813,train,9.745167,9.745167,18.532036
2025-06-02 14:00:00+00:00,2025-06-02 10:00:00-04:00,102.428555,21.746153,train,10.34217,10.34217,37.86218
2025-06-02 15:00:00+00:00,2025-06-02 11:00:00-04:00,130.670333,22.3365,train,102.428555,102.428555,126.270405
2025-06-02 16:00:00+00:00,2025-06-02 12:00:00-04:00,110.395886,23.919763,train,130.670333,130.670333,147.969595
2025-06-02 17:00:00+00:00,2025-06-02 13:00:00-04:00,12.855822,25.888396,train,110.395886,110.395886,148.972197
2025-06-02 18:00:00+00:00,2025-06-02 14:00:00-04:00,15.918471,27.243257,train,12.855822,12.855822,143.329465
2025-06-02 19:00:00+00:00,2025-06-02 15:00:00-04:00,16.686507,30.299329,train,15.918471,15.918471,140.535562
2025-06-02 20:00:00+00:00,2025-06-02 16:00:00-04:00,15.846958,34.250219,train,16.686507,16.686507,140.329927
2025-06-02 21:00:00+00:00,2025-06-02 17:00:00-04:00,18.433663,40.586076,train,15.846958,15.846958,144.783802
2025-06-02 22:00:00+00:00,2025-06-02 18:00:00-04:00,24.073698,47.384122,train,18.433663,18.433663,142.221559
2025-06-02 23:00:00+00:00,2025-06-02 19:00:00-04:00,75.224197,64.360382,train,24.073698,24.073698,143.731912
2025-06-03 00:00:00+00:00,2025-06-02 20:00:00-04:00,99.043792,58.084633,train,75.224197,75.224197,151.155877
2025-06-03 01:00:00+00:00,2025-06-02 21:00:00-04:00,26.338119,39.897587,train,99.043792,99.043792,92.703961
2025-06-03 02:00:00+00:00,2025-06-02 22:00:00-04:00,27.524392,29.03088,train,26.338119,26.338119,115.795923
2025-06-03 03:00:00+00:00,2025-06-02 23:00:00-04:00,17.351301,22.827427,train,27.524392,27.524392,129.260283
2025-06-03 04:00:00+00:00,2025-06-03 00:00:00-04:00,14.05636,34.756068,train,17.351301,17.351301,132.917198
2025-06-03 05:00:00+00:00,2025-06-03 01:00:00-04:00,15.436965,35.315812,train,14.05636,14.05636,157.985782
2025-06-03 06:00:00+00:00,2025-06-03 02:00:00-04:00,15.083032,34.79754,train,15.436965,15.436965,158.742631
2025-06-03 07:00:00+00:00,2025-06-03 03:00:00-04:00,12.549771,34.520829,train,15.083032,15.083032,157.949438
2025-06-03 08:00:00+00:00,2025-06-03 04:00:00-04:00,14.042952,35.499601,train,12.549771,12.549771,133.02543
2025-06-03 09:00:00+00:00,2025-06-03 05:00:00-04:00,17.672144,36.642976,train,14.042952,14.042952,68.428108
2025-06-03 10:00:00+00:00,2025-06-03 06:00:00-04:00,26.077113,33.442034,train,17.672144,17.672144,28.733099
2025-06-03 11:00:00+00:00,2025-06-03 07:00:00-04:00,16.538229,30.857301,train,26.077113,26.077113,14.010991
2025-06-03 12:00:00+00:00,2025-06-03 08:00:00-04:00,16.469605,27.52163,train,16.538229,16.538229,9.745167
2025-06-03 13:00:00+00:00,2025-06-03 09:00:00-04:00,14.913307,27.75425,train,16.469605,16.469605,10.34217
2025-06-03 14:00:00+00:00,2025-06-03 10:00:00-04:00,14.159322,33.786873,train,14.913307,14.913307,102.428555
2025-06-03 15:00:00+00:00,2025-06-03 11:00:00-04:00,17.038889,39.023786,train,14.159322,14.159322,130.670333
2025-06-03 16:00:00+00:00,2025-06-03 12:00:00-04:00,20.213278,43.980023,train,17.038889,17.038889,110.395886
2025-06-03 17:00:00+00:00,2025-06-03 13:00:00-04:00,23.500812,51.239571,train,20.213278,20.213278,12.855822
2025-06-03 18:00:00+00:00,2025-06-03 14:00:00-04:00,33.3082,60.000074,train,23.500812,23.500812,15.918471
2025-06-03 19:00:00+00:00,2025-06-03 15:00:00-04:00,23.007488,70.000037,train,33.3082,33.3082,16.686507
2025-06-03 20:00:00+00:00,2025-06-03 16:00:00-04:00,23.963111,77.722971,train,23.007488,23.007488,15.846958
2025-06-03 21:00:00+00:00,2025-06-03 17:00:00-04:00,29.22298,82.985062,train,23.963111,23.963111,18.433663
2025-06-03 22:00:00+00:00,2025-06-03 18:00:00-04:00,40.727961,88.499989,train,29.22298,29.22298,24.073698
2025-06-03 23:00:00+00:00,2025-06-03 19:00:00-04:00,42.936976,95.813593,train,40.727961,40.727961,75.224197
2025-06-04 00:00:00+00:00,2025-06-03 20:00:00-04:00,54.577191,78.358397,train,42.936976,42.936976,99.043792
2025-06-04 01:00:00+00:00,2025-06-03 21:00:00-04:00,39.573747,60.434536,train,54.577191,54.577191,26.338119
2025-06-04 02:00:00+00:00,2025-06-03 22:00:00-04:00,28.91295,47.39958,train,39.573747,39.573747,27.524392
2025-06-04 03:00:00+00:00,2025-06-03 23:00:00-04:00,50.608362,40.768822,train,28.91295,28.91295,17.351301
2025-06-04 04:00:00+00:00,2025-06-04 00:00:00-04:00,17.666676,22.315291,train,50.608362,50.608362,14.05636
2025-06-04 05:00:00+00:00,2025-06-04 01:00:00-04:00,20.822027,23.122183,train,17.666676,17.666676,15.436965
2025-06-04 06:00:00+00:00,2025-06-04 02:00:00-04:00,15.723557,20.29978,train,20.822027,20.822027,15.083032
2025-06-04 07:00:00+00:00,2025-06-04 03:00:00-04:00,14.443143,17.546983,train,15.723557,15.723557,12.549771
2025-06-04 08:00:00+00:00,2025-06-04 04:00:00-04:00,14.705131,18.077572,train,14.443143,14.443143,14.042952
2025-06-04 09:00:00+00:00,2025-06-04 05:00:00-04:00,22.831794,21.397379,train,14.705131,14.705131,17.672144
2025-06-04 10:00:00+00:00,2025-06-04 06:00:00-04:00,25.453416,23.690726,train,22.831794,22.831794,26.077113
2025-06-04 11:00:00+00:00,2025-06-04 07:00:00-04:00,16.887241,21.596684,train,25.453416,25.453416,16.538229
2025-06-04 12:00:00+00:00,2025-06-04 08:00:00-04:00,16.52289,20.815577,train,16.887241,16.887241,16.469605
2025-06-04 13:00:00+00:00,2025-06-04 09:00:00-04:00,15.224273,22.398668,train,16.52289,16.52289,14.913307
2025-06-04 14:00:00+00:00,2025-06-04 10:00:00-04:00,42.573234,26.688777,train,15.224273,15.224273,14.159322
2025-06-04 15:00:00+00:00,2025-06-04 11:00:00-04:00,27.83211,32.079895,train,42.573234,42.573234,17.038889
2025-06-04 16:00:00+00:00,2025-06-04 12:00:00-04:00,30.611676,33.770501,train,27.83211,27.83211,20.213278
2025-06-04 17:00:00+00:00,2025-06-04 13:00:00-04:00,30.873731,40.066157,train,30.611676,30.611676,23.500812
2025-06-04 18:00:00+00:00,2025-06-04 14:00:00-04:00,68.777192,45.389222,train,30.873731,30.873731,33.3082
2025-06-04 19:00:00+00:00,2025-06-04 15:00:00-04:00,92.998679,49.823856,train,68.777192,68.777192,23.007488
2025-06-04 20:00:00+00:00,2025-06-04 16:00:00-04:00,244.831832,59.324399,train,92.998679,92.998679,23.963111
2025-06-04 21:00:00+00:00,2025-06-04 17:00:00-04:00,212.521188,74.111765,train,244.831832,244.831832,29.22298
2025-06-04 22:00:00+00:00,2025-06-04 18:00:00-04:00,168.216438,78.106092,train,212.521188,212.521188,40.727961
2025-06-04 23:00:00+00:00,2025-06-04 19:00:00-04:00,88.953949,74.325199,train,168.216438,168.216438,42.936976
2025-06-05 00:00:00+00:00,2025-06-04 20:00:00-04:00,54.423183,63.289399,train,88.953949,88.953949,54.577191
2025-06-05 01:00:00+00:00,2025-06-04 21:00:00-04:00,57.82278,52.382038,train,54.423183,54.423183,39.573747
2025-06-05 02:00:00+00:00,2025-06-04 22:00:00-04:00,31.024427,41.041336,train,57.82278,57.82278,28.91295
2025-06-05 03:00:00+00:00,2025-06-04 23:00:00-04:00,30.639292,33.128103,train,31.024427,31.024427,50.608362
2025-06-05 04:00:00+00:00,2025-06-05 00:00:00-04:00,23.015856,26.062911,train,30.639292,30.639292,17.666676
2025-06-05 05:00:00+00:00,2025-06-05 01:00:00-04:00,23.942753,25.55254,train,23.015856,23.015856,20.822027
2025-06-05 06:00:00+00:00,2025-06-05 02:00:00-04:00,20.482985,22.057087,train,23.942753,23.942753,15.723557
2025-06-05 07:00:00+00:00,2025-06-05 03:00:00-04:00,19.224715,20.765234,train,20.482985,20.482985,14.443143
2025-06-05 08:00:00+00:00,2025-06-05 04:00:00-04:00,20.847898,21.071708,train,19.224715,19.224715,14.705131
2025-06-05 09:00:00+00:00,2025-06-05 05:00:00-04:00,27.6551,23.767569,train,20.847898,20.847898,22.831794
2025-06-05 10:00:00+00:00,2025-06-05 06:00:00-04:00,35.211672,31.730268,train,27.6551,27.6551,25.453416
2025-06-05 11:00:00+00:00,2025-06-05 07:00:00-04:00,25.73459,32.262752,train,35.211672,35.211672,16.887241
2025-06-05 12:00:00+00:00,2025-06-05 08:00:00-04:00,30.602309,36.130392,train,25.73459,25.73459,16.52289
2025-06-05 13:00:00+00:00,2025-06-05 09:00:00-04:00,25.486163,38.561829,train,30.602309,30.602309,15.224273
2025-06-05 14:00:00+00:00,2025-06-05 10:00:00-04:00,24.98791,42.555161,train,25.486163,25.486163,42.573234
2025-06-05 15:00:00+00:00,2025-06-05 11:00:00-04:00,34.013053,51.585911,train,24.98791,24.98791,27.83211
2025-06-05 16:00:00+00:00,2025-06-05 12:00:00-04:00,42.499617,53.696603,train,34.013053,34.013053,30.611676
2025-06-05 17:00:00+00:00,2025-06-05 13:00:00-04:00,67.648587,68.327503,train,42.499617,42.499617,30.873731
2025-06-05 18:00:00+00:00,2025-06-05 14:00:00-04:00,75.620312,72.398395,train,67.648587,67.648587,68.777192
2025-06-05 19:00:00+00:00,2025-06-05 15:00:00-04:00,105.406571,81.284076,train,75.620312,75.620312,92.998679
2025-06-05 20:00:00+00:00,2025-06-05 16:00:00-04:00,96.079876,79.878112,train,105.406571,105.406571,244.831832
2025-06-05 21:00:00+00:00,2025-06-05 17:00:00-04:00,101.514981,79.425455,train,96.079876,96.079876,212.521188
2025-06-05 22:00:00+00:00,2025-06-05 18:00:00-04:00,47.323525,63.183294,train,101.514981,101.514981,168.216438
2025-06-05 23:00:00+00:00,2025-06-05 19:00:00-04:00,47.847136,54.34108,train,47.323525,47.323525,88.953949
2025-06-06 00:00:00+00:00,2025-06-05 20:00:00-04:00,52.830368,48.176494,train,47.847136,47.847136,54.423183
2025-06-06 01:00:00+00:00,2025-06-05 21:00:00-04:00,46.989941,46.70533,train,52.830368,52.830368,57.82278
2025-06-06 02:00:00+00:00,2025-06-05 22:00:00-04:00,33.95008,33.818835,train,46.989941,46.989941,31.024427
2025-06-06 03:00:00+00:00,2025-06-05 23:00:00-04:00,40.073523,30.549916,train,33.95008,33.95008,30.639292
2025-06-06 04:00:00+00:00,2025-06-06 00:00:00-04:00,22.924875,25.648408,train,40.073523,40.073523,23.015856
2025-06-06 05:00:00+00:00,2025-06-06 01:00:00-04:00,23.908096,24.517128,train,22.924875,22.924875,23.942753
2025-06-06 06:00:00+00:00,2025-06-06 02:00:00-04:00,21.201497,22.454511,train,23.908096,23.908096,20.482985
2025-06-06 07:00:00+00:00,2025-06-06 03:00:00-04:00,19.898596,21.587202,train,21.201497,21.201497,19.224715
2025-06-06 08:00:00+00:00,2025-06-06 04:00:00-04:00,20.989825,21.874836,train,19.898596,19.898596,20.847898
2025-06-06 09:00:00+00:00,2025-06-06 05:00:00-04:00,26.220324,24.408648,train,20.989825,20.989825,27.6551
2025-06-06 10:00:00+00:00,2025-06-06 06:00:00-04:00,26.350051,28.817473,train,26.220324,26.220324,35.211672
2025-06-06 11:00:00+00:00,2025-06-06 07:00:00-04:00,51.981076,29.273916,train,26.350051,26.350051,25.73459
2025-06-06 12:00:00+00:00,2025-06-06 08:00:00-04:00,71.874163,28.627184,train,51.981076,51.981076,30.602309
2025-06-06 13:00:00+00:00,2025-06-06 09:00:00-04:00,37.80762,28.683251,train,71.874163,71.874163,25.486163
2025-06-06 14:00:00+00:00,2025-06-06 10:00:00-04:00,92.215196,33.709577,train,37.80762,37.80762,24.98791
2025-06-06 15:00:00+00:00,2025-06-06 11:00:00-04:00,79.693654,44.447951,train,92.215196,92.215196,34.013053
2025-06-06 16:00:00+00:00,2025-06-06 12:00:00-04:00,55.198688,51.087785,train,79.693654,79.693654,42.499617
2025-06-06 17:00:00+00:00,2025-06-06 13:00:00-04:00,165.407799,62.102068,train,55.198688,55.198688,67.648587
2025-06-06 18:00:00+00:00,2025-06-06 14:00:00-04:00,196.874924,77.670054,train,165.407799,165.407799,75.620312
2025-06-06 19:00:00+00:00,2025-06-06 15:00:00-04:00,114.929294,90.762815,train,196.874924,196.874924,105.406571
2025-06-06 20:00:00+00:00,2025-06-06 16:00:00-04:00,40.397547,96.86818,train,114.929294,114.929294,96.079876
2025-06-06 21:00:00+00:00,2025-06-06 17:00:00-04:00,110.153877,101.522433,train,40.397547,40.397547,101.514981
2025-06-06 22:00:00+00:00,2025-06-06 18:00:00-04:00,56.532155,93.412314,train,110.153877,110.153877,47.323525
2025-06-06 23:00:00+00:00,2025-06-06 19:00:00-04:00,60.22003,79.360025,train,56.532155,56.532155,47.847136
2025-06-07 00:00:00+00:00,2025-06-06 20:00:00-04:00,43.204109,61.361354,train,60.22003,60.22003,52.830368
2025-06-07 01:00:00+00:00,2025-06-06 21:00:00-04:00,52.787051,47.791495,train,43.204109,43.204109,46.989941
2025-06-07 02:00:00+00:00,2025-06-06 22:00:00-04:00,66.177986,37.754488,train,52.787051,52.787051,33.95008
2025-06-07 03:00:00+00:00,2025-06-06 23:00:00-04:00,28.778718,30.110474,train,66.177986,66.177986,40.073523
2025-06-07 04:00:00+00:00,2025-06-07 00:00:00-04:00,27.367497,31.602669,train,28.778718,28.778718,22.924875
2025-06-07 05:00:00+00:00,2025-06-07 01:00:00-04:00,36.004934,32.71674,train,27.367497,27.367497,23.908096
2025-06-07 06:00:00+00:00,2025-06-07 02:00:00-04:00,27.107739,28.390864,train,36.004934,36.004934,21.201497
2025-06-07 07:00:00+00:00,2025-06-07 03:00:00-04:00,22.258891,24.278358,train,27.107739,27.107739,19.898596
2025-06-07 08:00:00+00:00,2025-06-07 04:00:00-04:00,25.034312,24.401597,train,22.258891,22.258891,20.989825
2025-06-07 09:00:00+00:00,2025-06-07 05:00:00-04:00,26.575711,23.838244,train,25.034312,25.034312,26.220324
2025-06-07 10:00:00+00:00,2025-06-07 06:00:00-04:00,26.390198,23.520943,train,26.575711,26.575711,26.350051
2025-06-07 11:00:00+00:00,2025-06-07 07:00:00-04:00,22.062601,26.702575,train,26.390198,26.390198,51.981076
2025-06-07 12:00:00+00:00,2025-06-07 08:00:00-04:00,24.967799,29.493376,train,22.062601,22.062601,71.874163
2025-06-07 13:00:00+00:00,2025-06-07 09:00:00-04:00,35.948877,34.40413,train,24.967799,24.967799,37.80762
2025-06-07 14:00:00+00:00,2025-06-07 10:00:00-04:00,21.023535,35.031942,train,35.948877,35.948877,92.215196
2025-06-07 15:00:00+00:00,2025-06-07 11:00:00-04:00,25.276988,39.229729,train,21.023535,21.023535,79.693654
2025-06-07 16:00:00+00:00,2025-06-07 12:00:00-04:00,41.527575,48.332531,train,25.276988,25.276988,55.198688
2025-06-07 17:00:00+00:00,2025-06-07 13:00:00-04:00,69.093264,53.742934,train,41.527575,41.527575,165.407799
2025-06-07 18:00:00+00:00,2025-06-07 14:00:00-04:00,111.589645,66.79056,train,69.093264,69.093264,196.874924
2025-06-07 19:00:00+00:00,2025-06-07 15:00:00-04:00,51.130648,72.887339,train,111.589645,111.589645,114.929294
2025-06-07 20:00:00+00:00,2025-06-07 16:00:00-04:00,99.157241,80.807816,train,51.130648,51.130648,40.397547
2025-06-07 21:00:00+00:00,2025-06-07 17:00:00-04:00,162.18259,87.422314,train,99.157241,99.157241,110.153877
2025-06-07 22:00:00+00:00,2025-06-07 18:00:00-04:00,120.108305,77.433441,train,162.18259,162.18259,56.532155
2025-06-07 23:00:00+00:00,2025-06-07 19:00:00-04:00,76.520935,69.34991,train,120.108305,120.108305,60.22003
2025-06-08 00:00:00+00:00,2025-06-07 20:00:00-04:00,54.143779,57.831428,train,76.520935,76.520935,43.204109
2025-06-08 01:00:00+00:00,2025-06-07 21:00:00-04:00,75.996843,48.308783,train,54.143779,54.143779,52.787051
2025-06-08 02:00:00+00:00,2025-06-07 22:00:00-04:00,94.383596,40.870693,train,75.996843,75.996843,66.177986
2025-06-08 03:00:00+00:00,2025-06-07 23:00:00-04:00,96.115492,32.725559,train,94.383596,94.383596,28.778718
2025-06-08 04:00:00+00:00,2025-06-08 00:00:00-04:00,20.575292,28.824023,train,96.115492,96.115492,27.367497
2025-06-08 05:00:00+00:00,2025-06-08 01:00:00-04:00,20.794427,25.767658,train,20.575292,20.575292,36.004934
2025-06-08 06:00:00+00:00,2025-06-08 02:00:00-04:00,22.886154,22.935432,train,20.794427,20.794427,27.107739
2025-06-08 07:00:00+00:00,2025-06-08 03:00:00-04:00,21.107606,19.289686,train,22.886154,22.886154,22.258891
2025-06-08 08:00:00+00:00,2025-06-08 04:00:00-04:00,15.725982,18.33049,train,21.107606,21.107606,25.034312
2025-06-08 09:00:00+00:00,2025-06-08 05:00:00-04:00,15.446247,18.421502,train,15.725982,15.725982,26.575711
2025-06-08 10:00:00+00:00,2025-06-08 06:00:00-04:00,15.651556,17.472752,train,15.446247,15.446247,26.390198
2025-06-08 11:00:00+00:00,2025-06-08 07:00:00-04:00,14.494985,19.833708,train,15.651556,15.651556,22.062601
2025-06-08 12:00:00+00:00,2025-06-08 08:00:00-04:00,16.571651,25.290492,train,14.494985,14.494985,24.967799
2025-06-08 13:00:00+00:00,2025-06-08 09:00:00-04:00,18.462717,27.39544,train,16.571651,16.571651,35.948877
2025-06-08 14:00:00+00:00,2025-06-08 10:00:00-04:00,18.940303,31.534404,train,18.462717,18.462717,21.023535
2025-06-08 15:00:00+00:00,2025-06-08 11:00:00-04:00,17.761857,35.798513,train,18.940303,18.940303,25.276988
2025-06-08 16:00:00+00:00,2025-06-08 12:00:00-04:00,25.143594,35.96257,train,17.761857,17.761857,41.527575
2025-06-08 17:00:00+00:00,2025-06-08 13:00:00-04:00,24.057275,40.845159,train,25.143594,25.143594,69.093264
2025-06-08 18:00:00+00:00,2025-06-08 14:00:00-04:00,25.770579,39.27067,train,24.057275,24.057275,111.589645
2025-06-08 19:00:00+00:00,2025-06-08 15:00:00-04:00,37.235206,42.813044,train,25.770579,25.770579,51.130648
2025-06-08 20:00:00+00:00,2025-06-08 16:00:00-04:00,39.33102,48.429989,train,37.235206,37.235206,99.157241
2025-06-08 21:00:00+00:00,2025-06-08 17:00:00-04:00,69.032966,51.560217,train,39.33102,39.33102,162.18259
2025-06-08 22:00:00+00:00,2025-06-08 18:00:00-04:00,47.179482,53.214545,train,69.032966,69.032966,120.108305
2025-06-08 23:00:00+00:00,2025-06-08 19:00:00-04:00,83.257408,52.871737,train,47.179482,47.179482,76.520935
2025-06-09 00:00:00+00:00,2025-06-08 20:00:00-04:00,63.594848,56.261083,train,83.257408,83.257408,54.143779
2025-06-09 01:00:00+00:00,2025-06-08 21:00:00-04:00,35.84687,45.41607,train,63.594848,63.594848,75.996843
2025-06-09 02:00:00+00:00,2025-06-08 22:00:00-04:00,29.58461,38.11233,train,35.84687,35.84687,94.383596
2025-06-09 03:00:00+00:00,2025-06-08 23:00:00-04:00,23.066234,30.062142,train,29.58461,29.58461,96.115492
2025-06-09 04:00:00+00:00,2025-06-09 00:00:00-04:00,18.570376,20.822239,train,23.066234,23.066234,20.575292
2025-06-09 05:00:00+00:00,2025-06-09 01:00:00-04:00,17.119542,18.93766,train,18.570376,18.570376,20.794427
2025-06-09 06:00:00+00:00,2025-06-09 02:00:00-04:00,14.566506,16.114345,train,17.119542,17.119542,22.886154
2025-06-09 07:00:00+00:00,2025-06-09 03:00:00-04:00,15.488067,15.409482,train,14.566506,14.566506,21.107606
2025-06-09 08:00:00+00:00,2025-06-09 04:00:00-04:00,15.663863,16.877699,train,15.488067,15.488067,15.725982
2025-06-09 09:00:00+00:00,2025-06-09 05:00:00-04:00,20.296791,23.189202,train,15.663863,15.663863,15.446247
2025-06-09 10:00:00+00:00,2025-06-09 06:00:00-04:00,21.500681,25.555512,train,20.296791,20.296791,15.651556
2025-06-09 11:00:00+00:00,2025-06-09 07:00:00-04:00,47.453026,28.960328,train,21.500681,21.500681,14.494985
2025-06-09 12:00:00+00:00,2025-06-09 08:00:00-04:00,22.498842,31.323092,train,47.453026,47.453026,16.571651
2025-06-09 13:00:00+00:00,2025-06-09 09:00:00-04:00,21.011825,32.881765,train,22.498842,22.498842,18.462717
2025-06-09 14:00:00+00:00,2025-06-09 10:00:00-04:00,100.940269,38.833433,train,21.011825,21.011825,18.940303
2025-06-09 15:00:00+00:00,2025-06-09 11:00:00-04:00,66.325778,48.880253,train,100.940269,100.940269,17.761857
2025-06-09 16:00:00+00:00,2025-06-09 12:00:00-04:00,38.16014,67.738616,train,66.325778,66.325778,25.143594
2025-06-09 17:00:00+00:00,2025-06-09 13:00:00-04:00,44.055321,79.890001,train,38.16014,38.16014,24.057275
2025-06-09 18:00:00+00:00,2025-06-09 14:00:00-04:00,47.537358,83.49035,train,44.055321,44.055321,25.770579
2025-06-09 19:00:00+00:00,2025-06-09 15:00:00-04:00,34.34189,80.590016,train,47.537358,47.537358,37.235206
2025-06-09 20:00:00+00:00,2025-06-09 16:00:00-04:00,155.387636,91.608469,train,34.34189,34.34189,39.33102
2025-06-09 21:00:00+00:00,2025-06-09 17:00:00-04:00,51.94881,91.238001,train,155.387636,155.387636,69.032966
2025-06-09 22:00:00+00:00,2025-06-09 18:00:00-04:00,66.627546,86.560061,train,51.94881,51.94881,47.179482
2025-06-09 23:00:00+00:00,2025-06-09 19:00:00-04:00,97.466145,88.214118,train,66.627546,66.627546,83.257408
2025-06-10 00:00:00+00:00,2025-06-09 20:00:00-04:00,46.488034,75.145731,train,97.466145,97.466145,63.594848
2025-06-10 01:00:00+00:00,2025-06-09 21:00:00-04:00,50.943749,58.123357,train,46.488034,46.488034,35.84687
2025-06-10 02:00:00+00:00,2025-06-09 22:00:00-04:00,66.263312,44.75198,train,50.943749,50.943749,29.58461
2025-06-10 03:00:00+00:00,2025-06-09 23:00:00-04:00,28.544608,30.90118,train,66.263312,66.263312,23.066234
2025-06-10 04:00:00+00:00,2025-06-10 00:00:00-04:00,27.589468,28.370653,train,28.544608,28.544608,18.570376
2025-06-10 05:00:00+00:00,2025-06-10 01:00:00-04:00,22.779758,28.040939,train,27.589468,27.589468,17.119542
2025-06-10 06:00:00+00:00,2025-06-10 02:00:00-04:00,17.564374,22.87469,train,22.779758,22.779758,14.566506
2025-06-10 07:00:00+00:00,2025-06-10 03:00:00-04:00,17.313724,22.028144,train,17.564374,17.564374,15.488067
2025-06-10 08:00:00+00:00,2025-06-10 04:00:00-04:00,17.609382,22.140578,train,17.313724,17.313724,15.663863
2025-06-10 09:00:00+00:00,2025-06-10 05:00:00-04:00,20.464707,28.377605,train,17.609382,17.609382,20.296791
2025-06-10 10:00:00+00:00,2025-06-10 06:00:00-04:00,25.100428,31.068918,train,20.464707,20.464707,21.500681
2025-06-10 11:00:00+00:00,2025-06-10 07:00:00-04:00,22.154762,30.737698,train,25.100428,25.100428,47.453026
2025-06-10 12:00:00+00:00,2025-06-10 08:00:00-04:00,21.749677,30.362936,train,22.154762,22.154762,22.498842
2025-06-10 13:00:00+00:00,2025-06-10 09:00:00-04:00,36.000984,32.778088,train,21.749677,21.749677,21.011825
2025-06-10 14:00:00+00:00,2025-06-10 10:00:00-04:00,76.061757,41.913505,train,36.000984,36.000984,100.940269
2025-06-10 15:00:00+00:00,2025-06-10 11:00:00-04:00,26.786431,50.322784,train,76.061757,76.061757,66.325778
2025-06-10 16:00:00+00:00,2025-06-10 12:00:00-04:00,38.542096,63.262715,train,26.786431,26.786431,38.16014
2025-06-10 17:00:00+00:00,2025-06-10 13:00:00-04:00,37.881468,68.020227,train,38.542096,38.542096,44.055321
2025-06-10 18:00:00+00:00,2025-06-10 14:00:00-04:00,49.229825,66.631287,train,37.881468,37.881468,47.537358
2025-06-10 19:00:00+00:00,2025-06-10 15:00:00-04:00,80.882925,69.716579,train,49.229825,49.229825,34.34189
2025-06-10 20:00:00+00:00,2025-06-10 16:00:00-04:00,294.565318,75.000171,train,80.882925,80.882925,155.387636
2025-06-10 21:00:00+00:00,2025-06-10 17:00:00-04:00,260.248812,79.650115,train,294.565318,294.565318,51.94881
2025-06-10 22:00:00+00:00,2025-06-10 18:00:00-04:00,56.337938,74.999951,train,260.248812,260.248812,66.627546
2025-06-10 23:00:00+00:00,2025-06-10 19:00:00-04:00,64.568027,76.628435,train,56.337938,56.337938,97.466145
2025-06-11 00:00:00+00:00,2025-06-10 20:00:00-04:00,83.106447,63.434822,train,64.568027,64.568027,46.488034
2025-06-11 01:00:00+00:00,2025-06-10 21:00:00-04:00,67.272165,45.894471,train,83.106447,83.106447,50.943749
2025-06-11 02:00:00+00:00,2025-06-10 22:00:00-04:00,30.366088,34.744213,train,67.272165,67.272165,66.263312
2025-06-11 03:00:00+00:00,2025-06-10 23:00:00-04:00,21.906118,28.350463,train,30.366088,30.366088,28.544608
2025-06-11 04:00:00+00:00,2025-06-11 00:00:00-04:00,16.416206,23.831992,train,21.906118,21.906118,27.589468
2025-06-11 05:00:00+00:00,2025-06-11 01:00:00-04:00,16.316983,19.983636,train,16.416206,16.416206,22.779758
2025-06-11 06:00:00+00:00,2025-06-11 02:00:00-04:00,14.245357,17.906533,train,16.316983,16.316983,17.564374
2025-06-11 07:00:00+00:00,2025-06-11 03:00:00-04:00,13.707052,15.979359,train,14.245357,14.245357,17.313724
2025-06-11 08:00:00+00:00,2025-06-11 04:00:00-04:00,12.591546,16.052212,train,13.707052,13.707052,17.609382
2025-06-11 09:00:00+00:00,2025-06-11 05:00:00-04:00,13.947805,19.950477,train,12.591546,12.591546,20.464707
2025-06-11 10:00:00+00:00,2025-06-11 06:00:00-04:00,19.632923,23.414239,train,13.947805,13.947805,25.100428
2025-06-11 11:00:00+00:00,2025-06-11 07:00:00-04:00,19.97216,23.717301,train,19.632923,19.632923,22.154762
2025-06-11 12:00:00+00:00,2025-06-11 08:00:00-04:00,22.38332,23.819978,train,19.97216,19.97216,21.749677
2025-06-11 13:00:00+00:00,2025-06-11 09:00:00-04:00,22.541904,31.898473,train,22.38332,22.38332,36.000984
2025-06-11 14:00:00+00:00,2025-06-11 10:00:00-04:00,17.725705,46.190598,train,22.541904,22.541904,76.061757
2025-06-11 15:00:00+00:00,2025-06-11 11:00:00-04:00,18.310164,71.055302,train,17.725705,17.725705,26.786431
2025-06-11 16:00:00+00:00,2025-06-11 12:00:00-04:00,32.090455,75.735634,train,18.310164,18.310164,38.542096
2025-06-11 17:00:00+00:00,2025-06-11 13:00:00-04:00,71.972506,85.429238,train,32.090455,32.090455,37.881468
2025-06-11 18:00:00+00:00,2025-06-11 14:00:00-04:00,63.804125,91.512608,train,71.972506,71.972506,49.229825
2025-06-11 19:00:00+00:00,2025-06-11 15:00:00-04:00,56.1862,96.822383,train,63.804125,63.804125,80.882925
2025-06-11 20:00:00+00:00,2025-06-11 16:00:00-04:00,149.544685,178.636691,train,56.1862,56.1862,294.565318
2025-06-11 21:00:00+00:00,2025-06-11 17:00:00-04:00,66.825867,133.149856,train,149.544685,149.544685,260.248812
2025-06-11 22:00:00+00:00,2025-06-11 18:00:00-04:00,103.331642,135.039261,train,66.825867,66.825867,56.337938
2025-06-11 23:00:00+00:00,2025-06-11 19:00:00-04:00,99.579653,114.940052,train,103.331642,103.331642,64.568027
2025-06-12 00:00:00+00:00,2025-06-11 20:00:00-04:00,60.377938,85.000242,train,99.579653,99.579653,83.106447
2025-06-12 01:00:00+00:00,2025-06-11 21:00:00-04:00,34.496504,59.141974,train,60.377938,60.377938,67.272165
2025-06-12 02:00:00+00:00,2025-06-11 22:00:00-04:00,30.874295,43.208303,train,34.496504,34.496504,30.366088
2025-06-12 03:00:00+00:00,2025-06-11 23:00:00-04:00,22.678732,33.217272,train,30.874295,30.874295,21.906118
2025-06-12 04:00:00+00:00,2025-06-12 00:00:00-04:00,23.612201,24.998793,train,22.678732,22.678732,16.416206
2025-06-12 05:00:00+00:00,2025-06-12 01:00:00-04:00,16.916677,23.106057,train,23.612201,23.612201,16.316983
2025-06-12 06:00:00+00:00,2025-06-12 02:00:00-04:00,15.301384,19.826667,train,16.916677,16.916677,14.245357
2025-06-12 07:00:00+00:00,2025-06-12 03:00:00-04:00,15.353938,18.963502,train,15.301384,15.301384,13.707052
2025-06-12 08:00:00+00:00,2025-06-12 04:00:00-04:00,15.923439,19.836095,train,15.353938,15.353938,12.591546
2025-06-12 09:00:00+00:00,2025-06-12 05:00:00-04:00,19.663084,22.899667,train,15.923439,15.923439,13.947805
2025-06-12 10:00:00+00:00,2025-06-12 06:00:00-04:00,20.95169,27.150967,train,19.663084,19.663084,19.632923
2025-06-12 11:00:00+00:00,2025-06-12 07:00:00-04:00,19.748235,28.696697,train,20.95169,20.95169,19.97216
2025-06-12 12:00:00+00:00,2025-06-12 08:00:00-04:00,15.019015,36.212565,train,19.748235,19.748235,22.38332
2025-06-12 13:00:00+00:00,2025-06-12 09:00:00-04:00,11.464371,72.182337,train,15.019015,15.019015,22.541904
2025-06-12 14:00:00+00:00,2025-06-12 10:00:00-04:00,32.920293,108.880089,train,11.464371,11.464371,17.725705
2025-06-12 15:00:00+00:00,2025-06-12 11:00:00-04:00,29.165522,88.300143,train,32.920293,32.920293,18.310164
2025-06-12 16:00:00+00:00,2025-06-12 12:00:00-04:00,23.910429,133.020041,train,29.165522,29.165522,32.090455
2025-06-12 17:00:00+00:00,2025-06-12 13:00:00-04:00,28.48835,154.180223,train,23.910429,23.910429,71.972506
2025-06-12 18:00:00+00:00,2025-06-12 14:00:00-04:00,46.339463,126.349904,train,28.48835,28.48835,63.804125
2025-06-12 19:00:00+00:00,2025-06-12 15:00:00-04:00,35.187182,181.000224,train,46.339463,46.339463,56.1862
2025-06-12 20:00:00+00:00,2025-06-12 16:00:00-04:00,64.554541,161.301544,train,35.187182,35.187182,149.544685
2025-06-12 21:00:00+00:00,2025-06-12 17:00:00-04:00,155.416471,175.390035,train,64.554541,64.554541,66.825867
2025-06-12 22:00:00+00:00,2025-06-12 18:00:00-04:00,102.5494,173.407521,train,155.416471,155.416471,103.331642
2025-06-12 23:00:00+00:00,2025-06-12 19:00:00-04:00,70.087268,137.700092,train,102.5494,102.5494,99.579653
2025-06-13 00:00:00+00:00,2025-06-12 20:00:00-04:00,58.923936,99.950234,train,70.087268,70.087268,60.377938
2025-06-13 01:00:00+00:00,2025-06-12 21:00:00-04:00,36.162734,66.981635,train,58.923936,58.923936,34.496504
2025-06-13 02:00:00+00:00,2025-06-12 22:00:00-04:00,31.061516,51.664003,train,36.162734,36.162734,30.874295
2025-06-13 03:00:00+00:00,2025-06-12 23:00:00-04:00,35.630329,43.810914,train,31.061516,31.061516,22.678732
2025-06-13 04:00:00+00:00,2025-06-13 00:00:00-04:00,38.085929,30.30361,train,35.630329,35.630329,23.612201
2025-06-13 05:00:00+00:00,2025-06-13 01:00:00-04:00,28.966125,27.643285,train,38.085929,38.085929,16.916677
2025-06-13 06:00:00+00:00,2025-06-13 02:00:00-04:00,20.541017,24.007491,train,28.966125,28.966125,15.301384
2025-06-13 07:00:00+00:00,2025-06-13 03:00:00-04:00,19.780399,23.208474,train,20.541017,20.541017,15.353938
2025-06-13 08:00:00+00:00,2025-06-13 04:00:00-04:00,21.826879,22.787124,train,19.780399,19.780399,15.923439
2025-06-13 09:00:00+00:00,2025-06-13 05:00:00-04:00,28.019352,26.88739,train,21.826879,21.826879,19.663084
2025-06-13 10:00:00+00:00,2025-06-13 06:00:00-04:00,48.508971,31.549726,train,28.019352,28.019352,20.95169
2025-06-13 11:00:00+00:00,2025-06-13 07:00:00-04:00,44.379916,38.814239,train,48.508971,48.508971,19.748235
2025-06-13 12:00:00+00:00,2025-06-13 08:00:00-04:00,33.412624,38.569599,train,44.379916,44.379916,15.019015
2025-06-13 13:00:00+00:00,2025-06-13 09:00:00-04:00,33.289156,43.298091,train,33.412624,33.412624,11.464371
2025-06-13 14:00:00+00:00,2025-06-13 10:00:00-04:00,28.649496,49.101437,train,33.289156,33.289156,32.920293
2025-06-13 15:00:00+00:00,2025-06-13 11:00:00-04:00,132.886028,59.243974,train,28.649496,28.649496,29.165522
2025-06-13 16:00:00+00:00,2025-06-13 12:00:00-04:00,42.373368,63.083693,train,132.886028,132.886028,23.910429
2025-06-13 17:00:00+00:00,2025-06-13 13:00:00-04:00,54.985049,72.336977,train,42.373368,42.373368,28.48835
2025-06-13 18:00:00+00:00,2025-06-13 14:00:00-04:00,191.984678,82.341065,train,54.985049,54.985049,46.339463
2025-06-13 19:00:00+00:00,2025-06-13 15:00:00-04:00,303.312121,81.259245,train,191.984678,191.984678,35.187182
2025-06-13 20:00:00+00:00,2025-06-13 16:00:00-04:00,349.742984,83.715082,train,303.312121,303.312121,64.554541
2025-06-13 21:00:00+00:00,2025-06-13 17:00:00-04:00,78.060017,80.000302,train,349.742984,349.742984,155.416471
2025-06-13 22:00:00+00:00,2025-06-13 18:00:00-04:00,107.227062,65.215605,train,78.060017,78.060017,102.5494
2025-06-13 23:00:00+00:00,2025-06-13 19:00:00-04:00,34.053417,57.989816,train,107.227062,107.227062,70.087268
2025-06-14 00:00:00+00:00,2025-06-13 20:00:00-04:00,35.765905,53.601972,train,34.053417,34.053417,58.923936
2025-06-14 01:00:00+00:00,2025-06-13 21:00:00-04:00,32.357469,50.250249,train,35.765905,35.765905,36.162734
2025-06-14 02:00:00+00:00,2025-06-13 22:00:00-04:00,29.161106,40.728224,train,32.357469,32.357469,31.061516
2025-06-14 03:00:00+00:00,2025-06-13 23:00:00-04:00,29.037592,33.741162,train,29.161106,29.161106,35.630329
2025-06-14 04:00:00+00:00,2025-06-14 00:00:00-04:00,29.244319,36.320929,train,29.037592,29.037592,38.085929
2025-06-14 05:00:00+00:00,2025-06-14 01:00:00-04:00,29.928099,31.429544,train,29.244319,29.244319,28.966125
2025-06-14 06:00:00+00:00,2025-06-14 02:00:00-04:00,21.428803,26.145541,train,29.928099,29.928099,20.541017
2025-06-14 07:00:00+00:00,2025-06-14 03:00:00-04:00,21.658785,24.704616,train,21.428803,21.428803,19.780399
2025-06-14 08:00:00+00:00,2025-06-14 04:00:00-04:00,24.677072,24.200142,train,21.658785,21.658785,21.826879
2025-06-14 09:00:00+00:00,2025-06-14 05:00:00-04:00,22.038528,25.410605,train,24.677072,24.677072,28.019352
2025-06-14 10:00:00+00:00,2025-06-14 06:00:00-04:00,20.634423,25.724142,train,22.038528,22.038528,48.508971
2025-06-14 11:00:00+00:00,2025-06-14 07:00:00-04:00,22.886896,28.013383,train,20.634423,20.634423,44.379916
2025-06-14 12:00:00+00:00,2025-06-14 08:00:00-04:00,35.675685,34.812793,train,22.886896,22.886896,33.412624
2025-06-14 13:00:00+00:00,2025-06-14 09:00:00-04:00,28.019353,37.360326,train,35.675685,35.675685,33.289156
2025-06-14 14:00:00+00:00,2025-06-14 10:00:00-04:00,23.708668,38.185836,train,28.019353,28.019353,28.649496
2025-06-14 15:00:00+00:00,2025-06-14 11:00:00-04:00,30.346816,45.354635,train,23.708668,23.708668,132.886028
2025-06-14 16:00:00+00:00,2025-06-14 12:00:00-04:00,24.742407,49.105271,train,30.346816,30.346816,42.373368
2025-06-14 17:00:00+00:00,2025-06-14 13:00:00-04:00,23.274788,54.521669,train,24.742407,24.742407,54.985049
2025-06-14 18:00:00+00:00,2025-06-14 14:00:00-04:00,36.654369,57.137375,train,23.274788,23.274788,191.984678
2025-06-14 19:00:00+00:00,2025-06-14 15:00:00-04:00,49.51033,60.123793,train,36.654369,36.654369,303.312121
2025-06-14 20:00:00+00:00,2025-06-14 16:00:00-04:00,55.09207,68.478949,train,49.51033,49.51033,349.742984
2025-06-14 21:00:00+00:00,2025-06-14 17:00:00-04:00,95.405772,71.891372,train,55.09207,55.09207,78.060017
2025-06-14 22:00:00+00:00,2025-06-14 18:00:00-04:00,52.40254,59.087197,train,95.405772,95.405772,107.227062
2025-06-14 23:00:00+00:00,2025-06-14 19:00:00-04:00,72.354043,54.213534,train,52.40254,52.40254,34.053417
2025-06-15 00:00:00+00:00,2025-06-14 20:00:00-04:00,47.532556,48.48505,train,72.354043,72.354043,35.765905
2025-06-15 01:00:00+00:00,2025-06-14 21:00:00-04:00,36.637966,49.395154,train,47.532556,47.532556,32.357469
2025-06-15 02:00:00+00:00,2025-06-14 22:00:00-04:00,29.346272,43.750319,train,36.637966,36.637966,29.161106
2025-06-15 03:00:00+00:00,2025-06-14 23:00:00-04:00,23.848135,32.063373,train,29.346272,29.346272,29.037592
2025-06-15 04:00:00+00:00,2025-06-15 00:00:00-04:00,24.257943,22.724118,train,23.848135,23.848135,29.244319
2025-06-15 05:00:00+00:00,2025-06-15 01:00:00-04:00,25.34677,19.328529,train,24.257943,24.257943,29.928099
2025-06-15 06:00:00+00:00,2025-06-15 02:00:00-04:00,22.870651,18.172503,train,25.34677,25.34677,21.428803
2025-06-15 07:00:00+00:00,2025-06-15 03:00:00-04:00,18.691699,16.318618,train,22.870651,22.870651,21.658785
2025-06-15 08:00:00+00:00,2025-06-15 04:00:00-04:00,16.400586,16.584811,train,18.691699,18.691699,24.677072
2025-06-15 09:00:00+00:00,2025-06-15 05:00:00-04:00,18.156986,16.611793,train,16.400586,16.400586,22.038528
2025-06-15 10:00:00+00:00,2025-06-15 06:00:00-04:00,18.267275,15.828457,train,18.156986,18.156986,20.634423
2025-06-15 11:00:00+00:00,2025-06-15 07:00:00-04:00,17.448201,16.656941,train,18.267275,18.267275,22.886896
2025-06-15 12:00:00+00:00,2025-06-15 08:00:00-04:00,29.134374,19.369149,train,17.448201,17.448201,35.675685
2025-06-15 13:00:00+00:00,2025-06-15 09:00:00-04:00,23.940101,21.038609,train,29.134374,29.134374,28.019353
2025-06-15 14:00:00+00:00,2025-06-15 10:00:00-04:00,20.45823,22.560635,train,23.940101,23.940101,23.708668
2025-06-15 15:00:00+00:00,2025-06-15 11:00:00-04:00,24.007229,26.180298,train,20.45823,20.45823,30.346816
2025-06-15 16:00:00+00:00,2025-06-15 12:00:00-04:00,25.166418,29.440688,train,24.007229,24.007229,24.742407
2025-06-15 17:00:00+00:00,2025-06-15 13:00:00-04:00,29.61473,31.477538,train,25.166418,25.166418,23.274788
2025-06-15 18:00:00+00:00,2025-06-15 14:00:00-04:00,60.27351,34.924941,train,29.61473,29.61473,36.654369
2025-06-15 19:00:00+00:00,2025-06-15 15:00:00-04:00,89.636314,37.732238,train,60.27351,60.27351,49.51033
2025-06-15 20:00:00+00:00,2025-06-15 16:00:00-04:00,28.362499,42.800624,train,89.636314,89.636314,55.09207
2025-06-15 21:00:00+00:00,2025-06-15 17:00:00-04:00,40.00459,44.513626,train,28.362499,28.362499,95.405772
2025-06-15 22:00:00+00:00,2025-06-15 18:00:00-04:00,37.359179,44.358468,train,40.00459,40.00459,52.40254
2025-06-15 23:00:00+00:00,2025-06-15 19:00:00-04:00,33.58715,46.030264,train,37.359179,37.359179,72.354043
2025-06-16 00:00:00+00:00,2025-06-15 20:00:00-04:00,31.928925,42.234203,train,33.58715,33.58715,47.532556
2025-06-16 01:00:00+00:00,2025-06-15 21:00:00-04:00,32.649848,39.508476,train,31.928925,31.928925,36.637966
2025-06-16 02:00:00+00:00,2025-06-15 22:00:00-04:00,33.086254,30.913829,train,32.649848,32.649848,29.346272
2025-06-16 03:00:00+00:00,2025-06-15 23:00:00-04:00,19.968045,25.028836,train,33.086254,33.086254,23.848135
2025-06-16 04:00:00+00:00,2025-06-16 00:00:00-04:00,15.55043,21.58737,train,19.968045,19.968045,24.257943
2025-06-16 05:00:00+00:00,2025-06-16 01:00:00-04:00,18.978869,23.224957,train,15.55043,15.55043,25.34677
2025-06-16 06:00:00+00:00,2025-06-16 02:00:00-04:00,17.297227,18.438197,train,18.978869,18.978869,22.870651
2025-06-16 07:00:00+00:00,2025-06-16 03:00:00-04:00,15.692784,17.011852,train,17.297227,17.297227,18.691699
2025-06-16 08:00:00+00:00,2025-06-16 04:00:00-04:00,16.457388,19.254008,train,15.692784,15.692784,16.400586
2025-06-16 09:00:00+00:00,2025-06-16 05:00:00-04:00,20.98177,23.891459,train,16.457388,16.457388,18.156986
2025-06-16 10:00:00+00:00,2025-06-16 06:00:00-04:00,17.147279,26.922735,train,20.98177,20.98177,18.267275
2025-06-16 11:00:00+00:00,2025-06-16 07:00:00-04:00,22.010264,31.347709,train,17.147279,17.147279,17.448201
2025-06-16 12:00:00+00:00,2025-06-16 08:00:00-04:00,27.3733,39.954899,train,22.010264,22.010264,29.134374
2025-06-16 13:00:00+00:00,2025-06-16 09:00:00-04:00,27.442675,36.977759,train,27.3733,27.3733,23.940101
2025-06-16 14:00:00+00:00,2025-06-16 10:00:00-04:00,28.241942,40.996966,train,27.442675,27.442675,20.45823
2025-06-16 15:00:00+00:00,2025-06-16 11:00:00-04:00,43.365578,47.738694,train,28.241942,28.241942,24.007229
2025-06-16 16:00:00+00:00,2025-06-16 12:00:00-04:00,28.14693,58.244059,train,43.365578,43.365578,25.166418
2025-06-16 17:00:00+00:00,2025-06-16 13:00:00-04:00,44.532041,60.288714,train,28.14693,28.14693,29.61473
2025-06-16 18:00:00+00:00,2025-06-16 14:00:00-04:00,35.138742,66.989619,train,44.532041,44.532041,60.27351
2025-06-16 19:00:00+00:00,2025-06-16 15:00:00-04:00,40.699246,69.539347,train,35.138742,35.138742,89.636314
2025-06-16 20:00:00+00:00,2025-06-16 16:00:00-04:00,38.924121,79.903073,train,40.699246,40.699246,28.362499
2025-06-16 21:00:00+00:00,2025-06-16 17:00:00-04:00,53.16523,84.484063,train,38.924121,38.924121,40.00459
2025-06-16 22:00:00+00:00,2025-06-16 18:00:00-04:00,43.383141,80.447376,train,53.16523,53.16523,37.359179
2025-06-16 23:00:00+00:00,2025-06-16 19:00:00-04:00,48.195414,79.035734,train,43.383141,43.383141,33.58715
2025-06-17 00:00:00+00:00,2025-06-16 20:00:00-04:00,61.760157,73.694768,train,48.195414,48.195414,31.928925
2025-06-17 01:00:00+00:00,2025-06-16 21:00:00-04:00,45.042797,62.079915,train,61.760157,61.760157,32.649848
2025-06-17 02:00:00+00:00,2025-06-16 22:00:00-04:00,59.142754,51.622596,train,45.042797,45.042797,33.086254
2025-06-17 03:00:00+00:00,2025-06-16 23:00:00-04:00,29.641219,35.330909,train,59.142754,59.142754,19.968045
2025-06-17 04:00:00+00:00,2025-06-17 00:00:00-04:00,22.864666,23.47897,train,29.641219,29.641219,15.55043
2025-06-17 05:00:00+00:00,2025-06-17 01:00:00-04:00,21.148086,22.141175,train,22.864666,22.864666,18.978869
2025-06-17 06:00:00+00:00,2025-06-17 02:00:00-04:00,21.159363,17.636166,train,21.148086,21.148086,17.297227
2025-06-17 07:00:00+00:00,2025-06-17 03:00:00-04:00,16.311319,16.195924,train,21.159363,21.159363,15.692784
2025-06-17 08:00:00+00:00,2025-06-17 04:00:00-04:00,17.381933,16.638887,train,16.311319,16.311319,16.457388
2025-06-17 09:00:00+00:00,2025-06-17 05:00:00-04:00,23.655152,22.212248,train,17.381933,17.381933,20.98177
2025-06-17 10:00:00+00:00,2025-06-17 06:00:00-04:00,27.854724,29.200116,train,23.655152,23.655152,17.147279
2025-06-17 11:00:00+00:00,2025-06-17 07:00:00-04:00,30.960463,29.867321,train,27.854724,27.854724,22.010264
2025-06-17 12:00:00+00:00,2025-06-17 08:00:00-04:00,40.851093,32.80004,train,30.960463,30.960463,27.3733
2025-06-17 13:00:00+00:00,2025-06-17 09:00:00-04:00,28.435149,36.177263,train,40.851093,40.851093,27.442675
2025-06-17 14:00:00+00:00,2025-06-17 10:00:00-04:00,26.923151,37.87704,train,28.435149,28.435149,28.241942
2025-06-17 15:00:00+00:00,2025-06-17 11:00:00-04:00,25.388244,43.588866,train,26.923151,26.923151,43.365578
2025-06-17 16:00:00+00:00,2025-06-17 12:00:00-04:00,29.877456,49.717804,train,25.388244,25.388244,28.14693
2025-06-17 17:00:00+00:00,2025-06-17 13:00:00-04:00,77.737028,62.877314,train,29.877456,29.877456,44.532041
2025-06-17 18:00:00+00:00,2025-06-17 14:00:00-04:00,31.918095,75.182124,train,77.737028,77.737028,35.138742
2025-06-17 19:00:00+00:00,2025-06-17 15:00:00-04:00,47.644148,83.003298,train,31.918095,31.918095,40.699246
2025-06-17 20:00:00+00:00,2025-06-17 16:00:00-04:00,47.108684,91.420031,train,47.644148,47.644148,38.924121
2025-06-17 21:00:00+00:00,2025-06-17 17:00:00-04:00,61.534388,94.818477,train,47.108684,47.108684,53.16523
2025-06-17 22:00:00+00:00,2025-06-17 18:00:00-04:00,54.760234,86.788395,train,61.534388,61.534388,43.383141
2025-06-17 23:00:00+00:00,2025-06-17 19:00:00-04:00,54.489357,80.000246,train,54.760234,54.760234,48.195414
2025-06-18 00:00:00+00:00,2025-06-17 20:00:00-04:00,104.637067,66.109367,train,54.489357,54.489357,61.760157
2025-06-18 01:00:00+00:00,2025-06-17 21:00:00-04:00,99.509901,55.605216,train,104.637067,104.637067,45.042797
2025-06-18 02:00:00+00:00,2025-06-17 22:00:00-04:00,50.933507,38.780241,train,99.509901,99.509901,59.142754
2025-06-18 03:00:00+00:00,2025-06-17 23:00:00-04:00,52.558983,32.634234,train,50.933507,50.933507,29.641219
2025-06-18 04:00:00+00:00,2025-06-18 00:00:00-04:00,91.407644,31.783101,train,52.558983,52.558983,22.864666
2025-06-18 05:00:00+00:00,2025-06-18 01:00:00-04:00,42.637877,29.001447,train,91.407644,91.407644,21.148086
2025-06-18 06:00:00+00:00,2025-06-18 02:00:00-04:00,29.608567,25.987925,train,42.637877,42.637877,21.159363
2025-06-18 07:00:00+00:00,2025-06-18 03:00:00-04:00,25.357573,25.291111,train,29.608567,29.608567,16.311319
2025-06-18 08:00:00+00:00,2025-06-18 04:00:00-04:00,27.400922,24.934304,train,25.357573,25.357573,17.381933
2025-06-18 09:00:00+00:00,2025-06-18 05:00:00-04:00,44.516559,27.769471,train,27.400922,27.400922,23.655152
2025-06-18 10:00:00+00:00,2025-06-18 06:00:00-04:00,141.840684,33.885213,train,44.516559,44.516559,27.854724
2025-06-18 11:00:00+00:00,2025-06-18 07:00:00-04:00,46.235963,34.321262,train,141.840684,141.840684,30.960463
2025-06-18 12:00:00+00:00,2025-06-18 08:00:00-04:00,50.441462,35.420292,train,46.235963,46.235963,40.851093
2025-06-18 13:00:00+00:00,2025-06-18 09:00:00-04:00,72.396533,38.618657,train,50.441462,50.441462,28.435149
2025-06-18 14:00:00+00:00,2025-06-18 10:00:00-04:00,40.642753,45.92172,train,72.396533,72.396533,26.923151
2025-06-18 15:00:00+00:00,2025-06-18 11:00:00-04:00,35.276409,54.999937,train,40.642753,40.642753,25.388244
2025-06-18 16:00:00+00:00,2025-06-18 12:00:00-04:00,179.723498,68.912294,train,35.276409,35.276409,29.877456
2025-06-18 17:00:00+00:00,2025-06-18 13:00:00-04:00,38.210611,84.994775,train,179.723498,179.723498,77.737028
2025-06-18 18:00:00+00:00,2025-06-18 14:00:00-04:00,35.110222,97.586444,train,38.210611,38.210611,31.918095
2025-06-18 19:00:00+00:00,2025-06-18 15:00:00-04:00,40.252442,106.038228,train,35.110222,35.110222,47.644148
2025-06-18 20:00:00+00:00,2025-06-18 16:00:00-04:00,42.733585,118.415097,train,40.252442,40.252442,47.108684
2025-06-18 21:00:00+00:00,2025-06-18 17:00:00-04:00,44.188316,123.259989,train,42.733585,42.733585,61.534388
2025-06-18 22:00:00+00:00,2025-06-18 18:00:00-04:00,38.332258,112.861861,train,44.188316,44.188316,54.760234
2025-06-18 23:00:00+00:00,2025-06-18 19:00:00-04:00,40.023754,92.829157,train,38.332258,38.332258,54.489357
2025-06-19 00:00:00+00:00,2025-06-18 20:00:00-04:00,47.703689,76.891263,train,40.023754,40.023754,104.637067
2025-06-19 01:00:00+00:00,2025-06-18 21:00:00-04:00,31.401154,58.247248,train,47.703689,47.703689,99.509901
2025-06-19 02:00:00+00:00,2025-06-18 22:00:00-04:00,28.151361,44.070987,train,31.401154,31.401154,50.933507
2025-06-19 03:00:00+00:00,2025-06-18 23:00:00-04:00,27.807658,39.360921,train,28.151361,28.151361,52.558983
2025-06-19 04:00:00+00:00,2025-06-19 00:00:00-04:00,26.400128,34.670401,train,27.807658,27.807658,91.407644
2025-06-19 05:00:00+00:00,2025-06-19 01:00:00-04:00,22.603235,31.919734,train,26.400128,26.400128,42.637877
2025-06-19 06:00:00+00:00,2025-06-19 02:00:00-04:00,19.552838,27.527343,train,22.603235,22.603235,29.608567
2025-06-19 07:00:00+00:00,2025-06-19 03:00:00-04:00,18.732429,26.060536,train,19.552838,19.552838,25.357573
2025-06-19 08:00:00+00:00,2025-06-19 04:00:00-04:00,19.281978,26.081071,train,18.732429,18.732429,27.400922
2025-06-19 09:00:00+00:00,2025-06-19 05:00:00-04:00,20.646469,29.932939,train,19.281978,19.281978,44.516559
2025-06-19 10:00:00+00:00,2025-06-19 06:00:00-04:00,22.98292,34.03513,train,20.646469,20.646469,141.840684
2025-06-19 11:00:00+00:00,2025-06-19 07:00:00-04:00,24.652903,33.383482,train,22.98292,22.98292,46.235963
2025-06-19 12:00:00+00:00,2025-06-19 08:00:00-04:00,24.235464,34.52065,train,24.652903,24.652903,50.441462
2025-06-19 13:00:00+00:00,2025-06-19 09:00:00-04:00,37.327259,41.232442,train,24.235464,24.235464,72.396533
2025-06-19 14:00:00+00:00,2025-06-19 10:00:00-04:00,117.657565,48.446646,train,37.327259,37.327259,40.642753
2025-06-19 15:00:00+00:00,2025-06-19 11:00:00-04:00,56.344087,63.904972,train,117.657565,117.657565,35.276409
2025-06-19 16:00:00+00:00,2025-06-19 12:00:00-04:00,64.473642,70.244685,train,56.344087,56.344087,179.723498
2025-06-19 17:00:00+00:00,2025-06-19 13:00:00-04:00,61.309201,87.412373,train,64.473642,64.473642,38.210611
2025-06-19 18:00:00+00:00,2025-06-19 14:00:00-04:00,91.163294,92.923459,train,61.309201,61.309201,35.110222
2025-06-19 19:00:00+00:00,2025-06-19 15:00:00-04:00,44.592844,94.868349,train,91.163294,91.163294,40.252442
2025-06-19 20:00:00+00:00,2025-06-19 16:00:00-04:00,30.664625,99.886487,train,44.592844,44.592844,42.733585
2025-06-19 21:00:00+00:00,2025-06-19 17:00:00-04:00,32.055585,99.50551,train,30.664625,30.664625,44.188316
2025-06-19 22:00:00+00:00,2025-06-19 18:00:00-04:00,32.347752,80.839552,train,32.055585,32.055585,38.332258
2025-06-19 23:00:00+00:00,2025-06-19 19:00:00-04:00,32.604175,68.779413,train,32.347752,32.347752,40.023754
2025-06-20 00:00:00+00:00,2025-06-19 20:00:00-04:00,36.58238,62.752954,train,32.604175,32.604175,47.703689
2025-06-20 01:00:00+00:00,2025-06-19 21:00:00-04:00,31.589551,52.164412,train,36.58238,36.58238,31.401154
2025-06-20 02:00:00+00:00,2025-06-19 22:00:00-04:00,31.027599,41.369013,train,31.589551,31.589551,28.151361
2025-06-20 03:00:00+00:00,2025-06-19 23:00:00-04:00,26.825185,36.674508,train,31.027599,31.027599,27.807658
2025-06-20 04:00:00+00:00,2025-06-20 00:00:00-04:00,24.463112,28.71398,train,26.825185,26.825185,26.400128
2025-06-20 05:00:00+00:00,2025-06-20 01:00:00-04:00,24.029386,27.147854,train,24.463112,24.463112,22.603235
2025-06-20 06:00:00+00:00,2025-06-20 02:00:00-04:00,18.382089,24.293589,train,24.029386,24.029386,19.552838
2025-06-20 07:00:00+00:00,2025-06-20 03:00:00-04:00,17.058176,23.357382,train,18.382089,18.382089,18.732429
2025-06-20 08:00:00+00:00,2025-06-20 04:00:00-04:00,16.023767,23.209414,train,17.058176,17.058176,19.281978
2025-06-20 09:00:00+00:00,2025-06-20 05:00:00-04:00,19.431937,23.984373,train,16.023767,16.023767,20.646469
2025-06-20 10:00:00+00:00,2025-06-20 06:00:00-04:00,20.546001,26.671607,train,19.431937,19.431937,22.98292
2025-06-20 11:00:00+00:00,2025-06-20 07:00:00-04:00,20.192408,26.44678,train,20.546001,20.546001,24.652903
2025-06-20 12:00:00+00:00,2025-06-20 08:00:00-04:00,20.008697,26.423307,train,20.192408,20.192408,24.235464
2025-06-20 13:00:00+00:00,2025-06-20 09:00:00-04:00,20.030036,27.249071,train,20.008697,20.008697,37.327259
2025-06-20 14:00:00+00:00,2025-06-20 10:00:00-04:00,22.720749,30.206374,train,20.030036,20.030036,117.657565
2025-06-20 15:00:00+00:00,2025-06-20 11:00:00-04:00,29.735612,34.401055,train,22.720749,22.720749,56.344087
2025-06-20 16:00:00+00:00,2025-06-20 12:00:00-04:00,32.312111,40.763942,train,29.735612,29.735612,64.473642
2025-06-20 17:00:00+00:00,2025-06-20 13:00:00-04:00,28.22447,46.70501,train,32.312111,32.312111,61.309201
2025-06-20 18:00:00+00:00,2025-06-20 14:00:00-04:00,63.474968,52.722478,train,28.22447,28.22447,91.163294
2025-06-20 19:00:00+00:00,2025-06-20 15:00:00-04:00,34.331636,52.850429,train,63.474968,63.474968,44.592844
2025-06-20 20:00:00+00:00,2025-06-20 16:00:00-04:00,36.536246,59.141492,train,34.331636,34.331636,30.664625
2025-06-20 21:00:00+00:00,2025-06-20 17:00:00-04:00,41.087248,65.008317,train,36.536246,36.536246,32.055585
2025-06-20 22:00:00+00:00,2025-06-20 18:00:00-04:00,40.279658,60.871796,train,41.087248,41.087248,32.347752
2025-06-20 23:00:00+00:00,2025-06-20 19:00:00-04:00,67.321644,62.299458,train,40.279658,40.279658,32.604175
2025-06-21 00:00:00+00:00,2025-06-20 20:00:00-04:00,62.194998,46.871399,train,67.321644,67.321644,36.58238
2025-06-21 01:00:00+00:00,2025-06-20 21:00:00-04:00,41.873573,40.645625,train,62.194998,62.194998,31.589551
2025-06-21 02:00:00+00:00,2025-06-20 22:00:00-04:00,30.015429,34.200321,train,41.873573,41.873573,31.027599
2025-06-21 03:00:00+00:00,2025-06-20 23:00:00-04:00,23.702029,29.786476,train,30.015429,30.015429,26.825185
2025-06-21 04:00:00+00:00,2025-06-21 00:00:00-04:00,21.415724,22.922398,train,23.702029,23.702029,24.463112
2025-06-21 05:00:00+00:00,2025-06-21 01:00:00-04:00,20.285083,21.98594,train,21.415724,21.415724,24.029386
2025-06-21 06:00:00+00:00,2025-06-21 02:00:00-04:00,20.335801,20.191588,train,20.285083,20.285083,18.382089
2025-06-21 07:00:00+00:00,2025-06-21 03:00:00-04:00,19.534846,19.298395,train,20.335801,20.335801,17.058176
2025-06-21 08:00:00+00:00,2025-06-21 04:00:00-04:00,18.393956,18.73665,train,19.534846,19.534846,16.023767
2025-06-21 09:00:00+00:00,2025-06-21 05:00:00-04:00,16.496567,18.484957,train,18.393956,18.393956,19.431937
2025-06-21 10:00:00+00:00,2025-06-21 06:00:00-04:00,15.987529,18.600234,train,16.496567,16.496567,20.546001
2025-06-21 11:00:00+00:00,2025-06-21 07:00:00-04:00,13.387796,18.569596,train,15.987529,15.987529,20.192408
2025-06-21 12:00:00+00:00,2025-06-21 08:00:00-04:00,17.397415,21.1009,train,13.387796,13.387796,20.008697
2025-06-21 13:00:00+00:00,2025-06-21 09:00:00-04:00,20.223333,24.064951,train,17.397415,17.397415,20.030036
2025-06-21 14:00:00+00:00,2025-06-21 10:00:00-04:00,27.913274,29.687899,train,20.223333,20.223333,22.720749
2025-06-21 15:00:00+00:00,2025-06-21 11:00:00-04:00,31.317038,35.80405,train,27.913274,27.913274,29.735612
2025-06-21 16:00:00+00:00,2025-06-21 12:00:00-04:00,55.434465,40.744805,train,31.317038,31.317038,32.312111
2025-06-21 17:00:00+00:00,2025-06-21 13:00:00-04:00,54.412306,45.82898,train,55.434465,55.434465,28.22447
2025-06-21 18:00:00+00:00,2025-06-21 14:00:00-04:00,42.449042,53.057753,train,54.412306,54.412306,63.474968
2025-06-21 19:00:00+00:00,2025-06-21 15:00:00-04:00,39.780885,58.091839,train,42.449042,42.449042,34.331636
2025-06-21 20:00:00+00:00,2025-06-21 16:00:00-04:00,49.027823,62.380587,train,39.780885,39.780885,36.536246
2025-06-21 21:00:00+00:00,2025-06-21 17:00:00-04:00,52.69262,69.522733,train,49.027823,49.027823,41.087248
2025-06-21 22:00:00+00:00,2025-06-21 18:00:00-04:00,81.047505,69.977912,train,52.69262,52.69262,40.279658
2025-06-21 23:00:00+00:00,2025-06-21 19:00:00-04:00,132.347847,67.584213,train,81.047505,81.047505,67.321644
2025-06-22 00:00:00+00:00,2025-06-21 20:00:00-04:00,114.834985,50.879813,train,132.347847,132.347847,62.194998
2025-06-22 01:00:00+00:00,2025-06-21 21:00:00-04:00,73.674367,43.600019,train,114.834985,114.834985,41.873573
2025-06-22 02:00:00+00:00,2025-06-21 22:00:00-04:00,77.353471,36.903841,train,73.674367,73.674367,30.015429
2025-06-22 03:00:00+00:00,2025-06-21 23:00:00-04:00,37.357298,31.154909,train,77.353471,77.353471,23.702029
2025-06-22 04:00:00+00:00,2025-06-22 00:00:00-04:00,27.181873,28.6214,train,37.357298,37.357298,21.415724
2025-06-22 05:00:00+00:00,2025-06-22 01:00:00-04:00,23.74752,24.765534,train,27.181873,27.181873,20.285083
2025-06-22 06:00:00+00:00,2025-06-22 02:00:00-04:00,24.192774,24.31722,train,23.74752,23.74752,20.335801
2025-06-22 07:00:00+00:00,2025-06-22 03:00:00-04:00,21.727634,24.107322,train,24.192774,24.192774,19.534846
2025-06-22 08:00:00+00:00,2025-06-22 04:00:00-04:00,20.708025,22.401119,train,21.727634,21.727634,18.393956
2025-06-22 09:00:00+00:00,2025-06-22 05:00:00-04:00,20.490281,22.307799,train,20.708025,20.708025,16.496567
2025-06-22 10:00:00+00:00,2025-06-22 06:00:00-04:00,20.037831,23.216975,train,20.490281,20.490281,15.987529
2025-06-22 11:00:00+00:00,2025-06-22 07:00:00-04:00,18.827262,22.865062,train,20.037831,20.037831,13.387796
2025-06-22 12:00:00+00:00,2025-06-22 08:00:00-04:00,19.927168,26.51071,train,18.827262,18.827262,17.397415
2025-06-22 13:00:00+00:00,2025-06-22 09:00:00-04:00,25.275738,33.091616,train,19.927168,19.927168,20.223333
2025-06-22 14:00:00+00:00,2025-06-22 10:00:00-04:00,32.760718,41.768708,train,25.275738,25.275738,27.913274
2025-06-22 15:00:00+00:00,2025-06-22 11:00:00-04:00,102.63871,49.241639,train,32.760718,32.760718,31.317038
2025-06-22 16:00:00+00:00,2025-06-22 12:00:00-04:00,129.701511,63.17841,train,102.63871,102.63871,55.434465
2025-06-22 17:00:00+00:00,2025-06-22 13:00:00-04:00,181.367697,76.933152,train,129.701511,129.701511,54.412306
2025-06-22 18:00:00+00:00,2025-06-22 14:00:00-04:00,61.69755,95.518884,train,181.367697,181.367697,42.449042
2025-06-22 19:00:00+00:00,2025-06-22 15:00:00-04:00,47.915762,103.613424,train,61.69755,61.69755,39.780885
2025-06-22 20:00:00+00:00,2025-06-22 16:00:00-04:00,82.065813,133.526354,train,47.915762,47.915762,49.027823
2025-06-22 21:00:00+00:00,2025-06-22 17:00:00-04:00,116.00521,162.700109,train,82.065813,82.065813,52.69262
2025-06-22 22:00:00+00:00,2025-06-22 18:00:00-04:00,191.4064,175.000106,train,116.00521,116.00521,81.047505
2025-06-22 23:00:00+00:00,2025-06-22 19:00:00-04:00,899.05513,155.646133,train,191.4064,191.4064,132.347847
2025-06-23 00:00:00+00:00,2025-06-22 20:00:00-04:00,204.898257,122.895763,train,899.05513,899.05513,114.834985
2025-06-23 01:00:00+00:00,2025-06-22 21:00:00-04:00,67.980175,78.986551,train,204.898257,204.898257,73.674367
2025-06-23 02:00:00+00:00,2025-06-22 22:00:00-04:00,49.446738,61.876286,train,67.980175,67.980175,77.353471
2025-06-23 03:00:00+00:00,2025-06-22 23:00:00-04:00,36.359829,43.852037,train,49.446738,49.446738,37.357298
2025-06-23 04:00:00+00:00,2025-06-23 00:00:00-04:00,32.960499,42.825371,train,36.359829,36.359829,27.181873
2025-06-23 05:00:00+00:00,2025-06-23 01:00:00-04:00,33.352039,36.92504,train,32.960499,32.960499,23.74752
2025-06-23 06:00:00+00:00,2025-06-23 02:00:00-04:00,26.566808,31.309998,train,33.352039,33.352039,24.192774
2025-06-23 07:00:00+00:00,2025-06-23 03:00:00-04:00,22.874579,28.845,train,26.566808,26.566808,21.727634
2025-06-23 08:00:00+00:00,2025-06-23 04:00:00-04:00,26.201851,28.655871,train,22.874579,22.874579,20.708025
2025-06-23 09:00:00+00:00,2025-06-23 05:00:00-04:00,28.776165,31.979946,train,26.201851,26.201851,20.490281
2025-06-23 10:00:00+00:00,2025-06-23 06:00:00-04:00,30.525603,34.989855,train,28.776165,28.776165,20.037831
2025-06-23 11:00:00+00:00,2025-06-23 07:00:00-04:00,35.950017,38.750058,train,30.525603,30.525603,18.827262
2025-06-23 12:00:00+00:00,2025-06-23 08:00:00-04:00,49.41802,43.712786,train,35.950017,35.950017,19.927168
2025-06-23 13:00:00+00:00,2025-06-23 09:00:00-04:00,78.224427,61.054702,train,49.41802,49.41802,25.275738
2025-06-23 14:00:00+00:00,2025-06-23 10:00:00-04:00,127.88765,77.982868,train,78.224427,78.224427,32.760718
2025-06-23 15:00:00+00:00,2025-06-23 11:00:00-04:00,186.553909,94.336793,train,127.88765,127.88765,102.63871
2025-06-23 16:00:00+00:00,2025-06-23 12:00:00-04:00,231.688908,131.929963,train,186.553909,186.553909,129.701511
2025-06-23 17:00:00+00:00,2025-06-23 13:00:00-04:00,395.652021,278.900015,train,231.688908,231.688908,181.367697
2025-06-23 18:00:00+00:00,2025-06-23 14:00:00-04:00,265.539002,298.168639,train,395.652021,395.652021,61.69755
2025-06-23 19:00:00+00:00,2025-06-23 15:00:00-04:00,163.2219,440.399933,train,265.539002,265.539002,47.915762
2025-06-23 20:00:00+00:00,2025-06-23 16:00:00-04:00,260.78043,486.260212,train,163.2219,163.2219,82.065813
2025-06-23 21:00:00+00:00,2025-06-23 17:00:00-04:00,389.825069,549.49994,train,260.78043,260.78043,116.00521
2025-06-23 22:00:00+00:00,2025-06-23 18:00:00-04:00,894.916157,475.074785,train,389.825069,389.825069,191.4064
2025-06-23 23:00:00+00:00,2025-06-23 19:00:00-04:00,1393.135872,467.769959,train,894.916157,894.916157,899.05513
2025-06-24 00:00:00+00:00,2025-06-23 20:00:00-04:00,1327.724223,317.191772,train,1393.135872,1393.135872,204.898257
2025-06-24 01:00:00+00:00,2025-06-23 21:00:00-04:00,98.372186,226.624755,train,1327.724223,1327.724223,67.980175
2025-06-24 02:00:00+00:00,2025-06-23 22:00:00-04:00,104.75901,187.531085,train,98.372186,98.372186,49.446738
2025-06-24 03:00:00+00:00,2025-06-23 23:00:00-04:00,137.510806,110.980575,train,104.75901,104.75901,36.359829
2025-06-24 04:00:00+00:00,2025-06-24 00:00:00-04:00,87.353317,62.570055,train,137.510806,137.510806,32.960499
2025-06-24 05:00:00+00:00,2025-06-24 01:00:00-04:00,54.33165,50.203111,train,87.353317,87.353317,33.352039
2025-06-24 06:00:00+00:00,2025-06-24 02:00:00-04:00,40.960512,37.25636,train,54.33165,54.33165,26.566808
2025-06-24 07:00:00+00:00,2025-06-24 03:00:00-04:00,32.53406,34.302157,train,40.960512,40.960512,22.874579
2025-06-24 08:00:00+00:00,2025-06-24 04:00:00-04:00,33.762252,33.290108,train,32.53406,32.53406,26.201851
2025-06-24 09:00:00+00:00,2025-06-24 05:00:00-04:00,36.383114,35.473505,train,33.762252,33.762252,28.776165
2025-06-24 10:00:00+00:00,2025-06-24 06:00:00-04:00,45.051163,41.624384,train,36.383114,36.383114,30.525603
2025-06-24 11:00:00+00:00,2025-06-24 07:00:00-04:00,44.917621,57.10572,train,45.051163,45.051163,35.950017
2025-06-24 12:00:00+00:00,2025-06-24 08:00:00-04:00,119.957877,74.747616,train,44.917621,44.917621,49.41802
2025-06-24 13:00:00+00:00,2025-06-24 09:00:00-04:00,100.413614,108.070179,train,119.957877,119.957877,78.224427
2025-06-24 14:00:00+00:00,2025-06-24 10:00:00-04:00,105.500969,123.134841,train,100.413614,100.413614,127.88765
2025-06-24 15:00:00+00:00,2025-06-24 11:00:00-04:00,426.451567,158.759,train,105.500969,105.500969,186.553909
2025-06-24 16:00:00+00:00,2025-06-24 12:00:00-04:00,289.899656,190.771128,train,426.451567,426.451567,231.688908
2025-06-24 17:00:00+00:00,2025-06-24 13:00:00-04:00,540.114103,222.485503,train,289.899656,289.899656,395.652021
2025-06-24 18:00:00+00:00,2025-06-24 14:00:00-04:00,254.729166,272.404677,train,540.114103,540.114103,265.539002
2025-06-24 19:00:00+00:00,2025-06-24 15:00:00-04:00,212.086049,315.6693,train,254.729166,254.729166,163.2219
2025-06-24 20:00:00+00:00,2025-06-24 16:00:00-04:00,551.03258,403.730125,train,212.086049,212.086049,260.78043
2025-06-24 21:00:00+00:00,2025-06-24 17:00:00-04:00,644.282187,414.775623,train,551.03258,551.03258,389.825069
2025-06-24 22:00:00+00:00,2025-06-24 18:00:00-04:00,1971.520175,438.62336,train,644.282187,644.282187,894.916157
2025-06-24 23:00:00+00:00,2025-06-24 19:00:00-04:00,1521.269051,487.462053,train,1971.520175,1971.520175,1393.135872
2025-06-25 00:00:00+00:00,2025-06-24 20:00:00-04:00,438.37397,334.651645,train,1521.269051,1521.269051,1327.724223
2025-06-25 01:00:00+00:00,2025-06-24 21:00:00-04:00,77.532895,189.630332,train,438.37397,438.37397,98.372186
2025-06-25 02:00:00+00:00,2025-06-24 22:00:00-04:00,210.293968,111.040424,train,77.532895,77.532895,104.75901
2025-06-25 03:00:00+00:00,2025-06-24 23:00:00-04:00,126.014695,63.246736,train,210.293968,210.293968,137.510806
2025-06-25 04:00:00+00:00,2025-06-25 00:00:00-04:00,133.954998,67.23245,train,126.014695,126.014695,87.353317
2025-06-25 05:00:00+00:00,2025-06-25 01:00:00-04:00,52.754207,50.202618,train,133.954998,133.954998,54.33165
2025-06-25 06:00:00+00:00,2025-06-25 02:00:00-04:00,35.926973,37.833695,train,52.754207,52.754207,40.960512
2025-06-25 07:00:00+00:00,2025-06-25 03:00:00-04:00,30.983691,35.160238,train,35.926973,35.926973,32.53406
2025-06-25 08:00:00+00:00,2025-06-25 04:00:00-04:00,30.42689,34.510923,train,30.983691,30.983691,33.762252
2025-06-25 09:00:00+00:00,2025-06-25 05:00:00-04:00,35.738619,36.974763,train,30.42689,30.42689,36.383114
2025-06-25 10:00:00+00:00,2025-06-25 06:00:00-04:00,40.429324,44.557685,train,35.738619,35.738619,45.051163
2025-06-25 11:00:00+00:00,2025-06-25 07:00:00-04:00,52.03734,56.693508,train,40.429324,40.429324,44.917621
2025-06-25 12:00:00+00:00,2025-06-25 08:00:00-04:00,58.130039,64.696248,train,52.03734,52.03734,119.957877
2025-06-25 13:00:00+00:00,2025-06-25 09:00:00-04:00,58.559288,97.541483,train,58.130039,58.130039,100.413614
2025-06-25 14:00:00+00:00,2025-06-25 10:00:00-04:00,118.107333,136.646955,train,58.559288,58.559288,105.500969
2025-06-25 15:00:00+00:00,2025-06-25 11:00:00-04:00,251.921447,193.991847,train,118.107333,118.107333,426.451567
2025-06-25 16:00:00+00:00,2025-06-25 12:00:00-04:00,307.371147,227.437238,train,251.921447,251.921447,289.899656
2025-06-25 17:00:00+00:00,2025-06-25 13:00:00-04:00,381.479092,234.509978,train,307.371147,307.371147,540.114103
2025-06-25 18:00:00+00:00,2025-06-25 14:00:00-04:00,286.573025,267.720333,train,381.479092,381.479092,254.729166
2025-06-25 19:00:00+00:00,2025-06-25 15:00:00-04:00,78.709691,284.100069,train,286.573025,286.573025,212.086049
2025-06-25 20:00:00+00:00,2025-06-25 16:00:00-04:00,113.515825,342.099541,train,78.709691,78.709691,551.03258
2025-06-25 21:00:00+00:00,2025-06-25 17:00:00-04:00,318.370763,348.36794,train,113.515825,113.515825,644.282187
2025-06-25 22:00:00+00:00,2025-06-25 18:00:00-04:00,165.026862,346.912899,train,318.370763,318.370763,1971.520175
2025-06-25 23:00:00+00:00,2025-06-25 19:00:00-04:00,186.042686,345.357953,train,165.026862,165.026862,1521.269051
2025-06-26 00:00:00+00:00,2025-06-25 20:00:00-04:00,178.865516,222.019837,train,186.042686,186.042686,438.37397
2025-06-26 01:00:00+00:00,2025-06-25 21:00:00-04:00,115.946007,131.753713,train,178.865516,178.865516,77.532895
2025-06-26 02:00:00+00:00,2025-06-25 22:00:00-04:00,123.86477,77.323632,train,115.946007,115.946007,210.293968
2025-06-26 03:00:00+00:00,2025-06-25 23:00:00-04:00,41.577078,59.776848,train,123.86477,123.86477,126.014695
2025-06-26 04:00:00+00:00,2025-06-26 00:00:00-04:00,44.960161,61.661223,train,41.577078,41.577078,133.954998
2025-06-26 05:00:00+00:00,2025-06-26 01:00:00-04:00,36.013725,47.829823,train,44.960161,44.960161,52.754207
2025-06-26 06:00:00+00:00,2025-06-26 02:00:00-04:00,29.679248,34.34856,train,36.013725,36.013725,35.926973
2025-06-26 07:00:00+00:00,2025-06-26 03:00:00-04:00,28.985237,30.477845,train,29.679248,29.679248,30.983691
2025-06-26 08:00:00+00:00,2025-06-26 04:00:00-04:00,28.809421,30.449338,train,28.985237,28.985237,30.42689
2025-06-26 09:00:00+00:00,2025-06-26 05:00:00-04:00,32.27395,35.790782,train,28.809421,28.809421,35.738619
2025-06-26 10:00:00+00:00,2025-06-26 06:00:00-04:00,35.192199,40.666263,train,32.27395,32.27395,40.429324
2025-06-26 11:00:00+00:00,2025-06-26 07:00:00-04:00,37.120875,44.798456,train,35.192199,35.192199,52.03734
2025-06-26 12:00:00+00:00,2025-06-26 08:00:00-04:00,46.264416,52.788047,train,37.120875,37.120875,58.130039
2025-06-26 13:00:00+00:00,2025-06-26 09:00:00-04:00,47.613207,76.177048,train,46.264416,46.264416,58.559288
2025-06-26 14:00:00+00:00,2025-06-26 10:00:00-04:00,68.132663,105.139673,train,47.613207,47.613207,118.107333
2025-06-26 15:00:00+00:00,2025-06-26 11:00:00-04:00,157.966208,132.073407,train,68.132663,68.132663,251.921447
2025-06-26 16:00:00+00:00,2025-06-26 12:00:00-04:00,89.274994,151.982977,train,157.966208,157.966208,307.371147
2025-06-26 17:00:00+00:00,2025-06-26 13:00:00-04:00,105.269356,219.373671,train,89.274994,89.274994,381.479092
2025-06-26 18:00:00+00:00,2025-06-26 14:00:00-04:00,184.904378,222.020105,train,105.269356,105.269356,286.573025
2025-06-26 19:00:00+00:00,2025-06-26 15:00:00-04:00,177.514407,240.394083,train,184.904378,184.904378,78.709691
2025-06-26 20:00:00+00:00,2025-06-26 16:00:00-04:00,169.838146,191.804419,train,177.514407,177.514407,113.515825
2025-06-26 21:00:00+00:00,2025-06-26 17:00:00-04:00,239.142403,193.191898,train,169.838146,169.838146,318.370763
2025-06-26 22:00:00+00:00,2025-06-26 18:00:00-04:00,87.574602,195.987963,train,239.142403,239.142403,165.026862
2025-06-26 23:00:00+00:00,2025-06-26 19:00:00-04:00,154.074498,200.158901,train,87.574602,87.574602,186.042686
2025-06-27 00:00:00+00:00,2025-06-26 20:00:00-04:00,134.911996,138.385917,train,154.074498,154.074498,178.865516
2025-06-27 01:00:00+00:00,2025-06-26 21:00:00-04:00,69.688903,111.52275,train,134.911996,134.911996,115.946007
2025-06-27 02:00:00+00:00,2025-06-26 22:00:00-04:00,49.020039,71.057422,train,69.688903,69.688903,123.86477
2025-06-27 03:00:00+00:00,2025-06-26 23:00:00-04:00,40.430777,64.698913,train,49.020039,49.020039,41.577078
2025-06-27 04:00:00+00:00,2025-06-27 00:00:00-04:00,29.639216,47.948179,train,40.430777,40.430777,44.960161
2025-06-27 05:00:00+00:00,2025-06-27 01:00:00-04:00,36.714791,41.582003,train,29.639216,29.639216,36.013725
2025-06-27 06:00:00+00:00,2025-06-27 02:00:00-04:00,27.122452,33.207229,train,36.714791,36.714791,29.679248
2025-06-27 07:00:00+00:00,2025-06-27 03:00:00-04:00,26.83222,29.291666,train,27.122452,27.122452,28.985237
2025-06-27 08:00:00+00:00,2025-06-27 04:00:00-04:00,26.646402,29.304799,train,26.83222,26.83222,28.809421
2025-06-27 09:00:00+00:00,2025-06-27 05:00:00-04:00,31.882808,33.282419,train,26.646402,26.646402,32.27395
2025-06-27 10:00:00+00:00,2025-06-27 06:00:00-04:00,32.872889,40.383808,train,31.882808,31.882808,35.192199
2025-06-27 11:00:00+00:00,2025-06-27 07:00:00-04:00,41.043283,41.29561,train,32.872889,32.872889,37.120875
2025-06-27 12:00:00+00:00,2025-06-27 08:00:00-04:00,35.196972,44.906788,train,41.043283,41.043283,46.264416
2025-06-27 13:00:00+00:00,2025-06-27 09:00:00-04:00,33.561581,56.694828,train,35.196972,35.196972,47.613207
2025-06-27 14:00:00+00:00,2025-06-27 10:00:00-04:00,35.948091,61.363828,train,33.561581,33.561581,68.132663
2025-06-27 15:00:00+00:00,2025-06-27 11:00:00-04:00,37.69509,81.458075,train,35.948091,35.948091,157.966208
2025-06-27 16:00:00+00:00,2025-06-27 12:00:00-04:00,63.020222,90.065588,train,37.69509,37.69509,89.274994
2025-06-27 17:00:00+00:00,2025-06-27 13:00:00-04:00,34.787485,91.712404,train,63.020222,63.020222,105.269356
2025-06-27 18:00:00+00:00,2025-06-27 14:00:00-04:00,43.634889,95.48451,train,34.787485,34.787485,184.904378
2025-06-27 19:00:00+00:00,2025-06-27 15:00:00-04:00,35.263119,91.969391,train,43.634889,43.634889,177.514407
2025-06-27 20:00:00+00:00,2025-06-27 16:00:00-04:00,37.024113,90.581065,train,35.263119,35.263119,169.838146
2025-06-27 21:00:00+00:00,2025-06-27 17:00:00-04:00,101.020915,95.941824,train,37.024113,37.024113,239.142403
2025-06-27 22:00:00+00:00,2025-06-27 18:00:00-04:00,35.146547,85.930471,train,101.020915,101.020915,87.574602
2025-06-27 23:00:00+00:00,2025-06-27 19:00:00-04:00,66.881129,88.846656,train,35.146547,35.146547,154.074498
2025-06-28 00:00:00+00:00,2025-06-27 20:00:00-04:00,50.290064,78.256407,train,66.881129,66.881129,134.911996
2025-06-28 01:00:00+00:00,2025-06-27 21:00:00-04:00,46.336885,67.61832,train,50.290064,50.290064,69.688903
2025-06-28 02:00:00+00:00,2025-06-27 22:00:00-04:00,42.311183,53.221836,train,46.336885,46.336885,49.020039
2025-06-28 03:00:00+00:00,2025-06-27 23:00:00-04:00,31.407518,41.060903,train,42.311183,42.311183,40.430777
2025-06-28 04:00:00+00:00,2025-06-28 00:00:00-04:00,22.967229,35.651438,train,31.407518,31.407518,29.639216
2025-06-28 05:00:00+00:00,2025-06-28 01:00:00-04:00,23.839929,29.294609,train,22.967229,22.967229,36.714791
2025-06-28 06:00:00+00:00,2025-06-28 02:00:00-04:00,20.712225,25.591864,train,23.839929,23.839929,27.122452
2025-06-28 07:00:00+00:00,2025-06-28 03:00:00-04:00,18.803727,23.479828,train,20.712225,20.712225,26.83222
2025-06-28 08:00:00+00:00,2025-06-28 04:00:00-04:00,18.465359,23.082188,train,18.803727,18.803727,26.646402
2025-06-28 09:00:00+00:00,2025-06-28 05:00:00-04:00,18.953759,23.591951,train,18.465359,18.465359,31.882808
2025-06-28 10:00:00+00:00,2025-06-28 06:00:00-04:00,18.209623,23.543021,train,18.953759,18.953759,32.872889
2025-06-28 11:00:00+00:00,2025-06-28 07:00:00-04:00,18.757541,22.90846,train,18.209623,18.209623,41.043283
2025-06-28 12:00:00+00:00,2025-06-28 08:00:00-04:00,19.686082,25.674638,train,18.757541,18.757541,35.196972
2025-06-28 13:00:00+00:00,2025-06-28 09:00:00-04:00,23.228677,33.276495,train,19.686082,19.686082,33.561581
2025-06-28 14:00:00+00:00,2025-06-28 10:00:00-04:00,31.104326,39.900411,train,23.228677,23.228677,35.948091
2025-06-28 15:00:00+00:00,2025-06-28 11:00:00-04:00,32.151006,51.507661,train,31.104326,31.104326,37.69509
2025-06-28 16:00:00+00:00,2025-06-28 12:00:00-04:00,51.56893,64.776048,train,32.151006,32.151006,63.020222
2025-06-28 17:00:00+00:00,2025-06-28 13:00:00-04:00,52.058611,73.443259,train,51.56893,51.56893,34.787485
2025-06-28 18:00:00+00:00,2025-06-28 14:00:00-04:00,54.435593,79.279889,train,52.058611,52.058611,43.634889
2025-06-28 19:00:00+00:00,2025-06-28 15:00:00-04:00,61.712028,89.186901,train,54.435593,54.435593,35.263119
2025-06-28 20:00:00+00:00,2025-06-28 16:00:00-04:00,56.403758,94.856129,train,61.712028,61.712028,37.024113
2025-06-28 21:00:00+00:00,2025-06-28 17:00:00-04:00,105.578815,103.168183,train,56.403758,56.403758,101.020915
2025-06-28 22:00:00+00:00,2025-06-28 18:00:00-04:00,54.547742,88.88064,train,105.578815,105.578815,35.146547
2025-06-28 23:00:00+00:00,2025-06-28 19:00:00-04:00,45.461868,84.029708,train,54.547742,54.547742,66.881129
2025-06-29 00:00:00+00:00,2025-06-28 20:00:00-04:00,49.079889,66.128846,train,45.461868,45.461868,50.290064
2025-06-29 01:00:00+00:00,2025-06-28 21:00:00-04:00,58.395886,55.062693,train,49.079889,49.079889,46.336885
2025-06-29 02:00:00+00:00,2025-06-28 22:00:00-04:00,41.845024,41.131179,train,58.395886,58.395886,42.311183
2025-06-29 03:00:00+00:00,2025-06-28 23:00:00-04:00,33.840279,35.042528,train,41.845024,41.845024,31.407518
2025-06-29 04:00:00+00:00,2025-06-29 00:00:00-04:00,29.155992,32.276366,train,33.840279,33.840279,22.967229
2025-06-29 05:00:00+00:00,2025-06-29 01:00:00-04:00,33.929823,29.583962,train,29.155992,29.155992,23.839929
2025-06-29 06:00:00+00:00,2025-06-29 02:00:00-04:00,27.439985,25.485431,train,33.929823,33.929823,20.712225
2025-06-29 07:00:00+00:00,2025-06-29 03:00:00-04:00,25.763632,23.375418,train,27.439985,27.439985,18.803727
2025-06-29 08:00:00+00:00,2025-06-29 04:00:00-04:00,22.328544,22.151773,train,25.763632,25.763632,18.465359
2025-06-29 09:00:00+00:00,2025-06-29 05:00:00-04:00,22.819569,21.945632,train,22.328544,22.328544,18.953759
2025-06-29 10:00:00+00:00,2025-06-29 06:00:00-04:00,22.582749,20.97987,train,22.819569,22.819569,18.209623
2025-06-29 11:00:00+00:00,2025-06-29 07:00:00-04:00,24.264167,19.752271,train,22.582749,22.582749,18.757541
2025-06-29 12:00:00+00:00,2025-06-29 08:00:00-04:00,26.737157,22.208988,train,24.264167,24.264167,19.686082
2025-06-29 13:00:00+00:00,2025-06-29 09:00:00-04:00,28.534125,30.301127,train,26.737157,26.737157,23.228677
2025-06-29 14:00:00+00:00,2025-06-29 10:00:00-04:00,33.902684,39.097041,train,28.534125,28.534125,31.104326
2025-06-29 15:00:00+00:00,2025-06-29 11:00:00-04:00,56.343711,56.26179,train,33.902684,33.902684,32.151006
2025-06-29 16:00:00+00:00,2025-06-29 12:00:00-04:00,51.550071,64.43246,train,56.343711,56.343711,51.56893
2025-06-29 17:00:00+00:00,2025-06-29 13:00:00-04:00,105.955556,80.275227,train,51.550071,51.550071,52.058611
2025-06-29 18:00:00+00:00,2025-06-29 14:00:00-04:00,79.738085,85.779758,train,105.955556,105.955556,54.435593
2025-06-29 19:00:00+00:00,2025-06-29 15:00:00-04:00,88.157674,103.340004,train,79.738085,79.738085,61.712028
2025-06-29 20:00:00+00:00,2025-06-29 16:00:00-04:00,154.181583,107.757552,train,88.157674,88.157674,56.403758
2025-06-29 21:00:00+00:00,2025-06-29 17:00:00-04:00,135.110476,122.67833,train,154.181583,154.181583,105.578815
2025-06-29 22:00:00+00:00,2025-06-29 18:00:00-04:00,132.092547,111.840393,train,135.110476,135.110476,54.547742
2025-06-29 23:00:00+00:00,2025-06-29 19:00:00-04:00,106.070956,115.778256,train,132.092547,132.092547,45.461868
2025-06-30 00:00:00+00:00,2025-06-29 20:00:00-04:00,56.946271,78.351998,train,106.070956,106.070956,49.079889
2025-06-30 01:00:00+00:00,2025-06-29 21:00:00-04:00,59.076359,69.528083,train,56.946271,56.946271,58.395886
2025-06-30 02:00:00+00:00,2025-06-29 22:00:00-04:00,47.432343,52.830542,train,59.076359,59.076359,41.845024
2025-06-30 03:00:00+00:00,2025-06-29 23:00:00-04:00,49.230029,41.809669,train,47.432343,47.432343,33.840279
2025-06-30 04:00:00+00:00,2025-06-30 00:00:00-04:00,39.484514,37.180169,train,49.230029,49.230029,29.155992
2025-06-30 05:00:00+00:00,2025-06-30 01:00:00-04:00,36.32144,31.812897,train,39.484514,39.484514,33.929823
2025-06-30 06:00:00+00:00,2025-06-30 02:00:00-04:00,28.144443,26.48883,train,36.32144,36.32144,27.439985
2025-06-30 07:00:00+00:00,2025-06-30 03:00:00-04:00,26.824764,24.356678,train,28.144443,28.144443,25.763632
2025-06-30 08:00:00+00:00,2025-06-30 04:00:00-04:00,28.252227,24.744812,train,26.824764,26.824764,22.328544
2025-06-30 09:00:00+00:00,2025-06-30 05:00:00-04:00,34.099483,28.145063,train,28.252227,28.252227,22.819569
2025-06-30 10:00:00+00:00,2025-06-30 06:00:00-04:00,39.385173,35.903846,train,34.099483,34.099483,22.582749
2025-06-30 11:00:00+00:00,2025-06-30 07:00:00-04:00,35.555477,36.287578,train,39.385173,39.385173,24.264167
2025-06-30 12:00:00+00:00,2025-06-30 08:00:00-04:00,35.569989,39.124815,train,35.555477,35.555477,26.737157
2025-06-30 13:00:00+00:00,2025-06-30 09:00:00-04:00,54.211044,44.225006,train,35.569989,35.569989,28.534125
2025-06-30 14:00:00+00:00,2025-06-30 10:00:00-04:00,63.185672,49.682851,train,54.211044,54.211044,33.902684
2025-06-30 15:00:00+00:00,2025-06-30 11:00:00-04:00,71.824151,70.059975,train,63.185672,63.185672,56.343711
2025-06-30 16:00:00+00:00,2025-06-30 12:00:00-04:00,362.499462,113.897654,train,71.824151,71.824151,51.550071
2025-06-30 17:00:00+00:00,2025-06-30 13:00:00-04:00,113.026146,114.421289,train,362.499462,362.499462,105.955556
2025-06-30 18:00:00+00:00,2025-06-30 14:00:00-04:00,123.246301,112.185309,train,113.026146,113.026146,79.738085
2025-06-30 19:00:00+00:00,2025-06-30 15:00:00-04:00,217.283864,107.670219,train,123.246301,123.246301,88.157674
2025-06-30 20:00:00+00:00,2025-06-30 16:00:00-04:00,157.515232,111.4713,train,217.283864,217.283864,154.181583
2025-06-30 21:00:00+00:00,2025-06-30 17:00:00-04:00,134.982958,121.382586,train,157.515232,157.515232,135.110476
2025-06-30 22:00:00+00:00,2025-06-30 18:00:00-04:00,94.534466,95.873623,train,134.982958,134.982958,132.092547
2025-06-30 23:00:00+00:00,2025-06-30 19:00:00-04:00,114.064878,87.273586,train,94.534466,94.534466,106.070956
2025-07-01 00:00:00+00:00,2025-06-30 20:00:00-04:00,125.836982,73.138715,train,114.064878,114.064878,56.946271
2025-07-01 01:00:00+00:00,2025-06-30 21:00:00-04:00,89.586608,66.854699,train,125.836982,125.836982,59.076359
2025-07-01 02:00:00+00:00,2025-06-30 22:00:00-04:00,65.247054,46.403769,train,89.586608,89.586608,47.432343
2025-07-01 03:00:00+00:00,2025-06-30 23:00:00-04:00,119.624251,40.280378,train,65.247054,65.247054,49.230029
2025-07-01 04:00:00+00:00,2025-07-01 00:00:00-04:00,73.534761,38.465184,train,119.624251,119.624251,39.484514
2025-07-01 05:00:00+00:00,2025-07-01 01:00:00-04:00,31.186395,36.004514,train,73.534761,73.534761,36.32144
2025-07-01 06:00:00+00:00,2025-07-01 02:00:00-04:00,28.835015,29.906247,train,31.186395,31.186395,28.144443
2025-07-01 07:00:00+00:00,2025-07-01 03:00:00-04:00,28.249111,28.325299,train,28.835015,28.835015,26.824764
2025-07-01 08:00:00+00:00,2025-07-01 04:00:00-04:00,27.384934,30.269398,train,28.249111,28.249111,28.252227
2025-07-01 09:00:00+00:00,2025-07-01 05:00:00-04:00,34.681787,35.312957,train,27.384934,27.384934,34.099483
2025-07-01 10:00:00+00:00,2025-07-01 06:00:00-04:00,38.284968,39.994365,train,34.681787,34.681787,39.385173
2025-07-01 11:00:00+00:00,2025-07-01 07:00:00-04:00,42.643256,40.136772,train,38.284968,38.284968,35.555477
2025-07-01 12:00:00+00:00,2025-07-01 08:00:00-04:00,68.888021,44.70759,train,42.643256,42.643256,35.569989
2025-07-01 13:00:00+00:00,2025-07-01 09:00:00-04:00,41.44632,52.743519,train,68.888021,68.888021,54.211044
2025-07-01 14:00:00+00:00,2025-07-01 10:00:00-04:00,54.869255,59.135357,train,41.44632,41.44632,63.185672
2025-07-01 15:00:00+00:00,2025-07-01 11:00:00-04:00,95.777011,82.523548,train,54.869255,54.869255,71.824151
2025-07-01 16:00:00+00:00,2025-07-01 12:00:00-04:00,136.01622,99.999869,train,95.777011,95.777011,362.499462
2025-07-01 17:00:00+00:00,2025-07-01 13:00:00-04:00,111.27956,110.699955,train,136.01622,136.01622,113.026146
2025-07-01 18:00:00+00:00,2025-07-01 14:00:00-04:00,111.348243,98.000158,train,111.27956,111.27956,123.246301
2025-07-01 19:00:00+00:00,2025-07-01 15:00:00-04:00,68.751771,94.578506,train,111.348243,111.348243,217.283864
2025-07-01 20:00:00+00:00,2025-07-01 16:00:00-04:00,55.218862,90.36168,train,68.751771,68.751771,157.515232
2025-07-01 21:00:00+00:00,2025-07-01 17:00:00-04:00,54.612274,81.399872,train,55.218862,55.218862,134.982958
2025-07-01 22:00:00+00:00,2025-07-01 18:00:00-04:00,40.469898,70.824651,train,54.612274,54.612274,94.534466
2025-07-01 23:00:00+00:00,2025-07-01 19:00:00-04:00,85.725945,65.184559,train,40.469898,40.469898,114.064878
2025-07-02 00:00:00+00:00,2025-07-01 20:00:00-04:00,110.807122,60.717452,train,85.725945,85.725945,125.836982
2025-07-02 01:00:00+00:00,2025-07-01 21:00:00-04:00,53.924785,48.850988,train,110.807122,110.807122,89.586608
2025-07-02 02:00:00+00:00,2025-07-01 22:00:00-04:00,45.001059,40.833334,train,53.924785,53.924785,65.247054
2025-07-02 03:00:00+00:00,2025-07-01 23:00:00-04:00,33.535017,36.663402,train,45.001059,45.001059,119.624251
2025-07-02 04:00:00+00:00,2025-07-02 00:00:00-04:00,35.034295,39.884101,train,33.535017,33.535017,73.534761
2025-07-02 05:00:00+00:00,2025-07-02 01:00:00-04:00,29.068685,32.618149,train,35.034295,35.034295,31.186395
2025-07-02 06:00:00+00:00,2025-07-02 02:00:00-04:00,25.044183,27.765281,train,29.068685,29.068685,28.835015
2025-07-02 07:00:00+00:00,2025-07-02 03:00:00-04:00,23.656914,25.874511,train,25.044183,25.044183,28.249111
2025-07-02 08:00:00+00:00,2025-07-02 04:00:00-04:00,25.502144,26.2361,train,23.656914,23.656914,27.384934
2025-07-02 09:00:00+00:00,2025-07-02 05:00:00-04:00,29.123754,28.457177,train,25.502144,25.502144,34.681787
2025-07-02 10:00:00+00:00,2025-07-02 06:00:00-04:00,31.52615,37.290096,train,29.123754,29.123754,38.284968
2025-07-02 11:00:00+00:00,2025-07-02 07:00:00-04:00,33.151903,37.21666,train,31.52615,31.52615,42.643256
2025-07-02 12:00:00+00:00,2025-07-02 08:00:00-04:00,34.785285,37.808099,train,33.151903,33.151903,68.888021
2025-07-02 13:00:00+00:00,2025-07-02 09:00:00-04:00,36.39145,40.014927,train,34.785285,34.785285,41.44632
2025-07-02 14:00:00+00:00,2025-07-02 10:00:00-04:00,38.904981,42.53819,train,36.39145,36.39145,54.869255
2025-07-02 15:00:00+00:00,2025-07-02 11:00:00-04:00,35.133222,48.856507,train,38.904981,38.904981,95.777011
2025-07-02 16:00:00+00:00,2025-07-02 12:00:00-04:00,44.4798,56.750442,train,35.133222,35.133222,136.01622
2025-07-02 17:00:00+00:00,2025-07-02 13:00:00-04:00,85.648984,64.05686,train,44.4798,44.4798,111.27956
2025-07-02 18:00:00+00:00,2025-07-02 14:00:00-04:00,56.991465,67.412019,train,85.648984,85.648984,111.348243
2025-07-02 19:00:00+00:00,2025-07-02 15:00:00-04:00,48.181466,68.895397,train,56.991465,56.991465,68.751771
2025-07-02 20:00:00+00:00,2025-07-02 16:00:00-04:00,65.74306,80.526134,train,48.181466,48.181466,55.218862
2025-07-02 21:00:00+00:00,2025-07-02 17:00:00-04:00,70.514264,86.482909,train,65.74306,65.74306,54.612274
2025-07-02 22:00:00+00:00,2025-07-02 18:00:00-04:00,60.266781,96.393273,train,70.514264,70.514264,40.469898
2025-07-02 23:00:00+00:00,2025-07-02 19:00:00-04:00,72.615897,101.130793,train,60.266781,60.266781,85.725945
2025-07-03 00:00:00+00:00,2025-07-02 20:00:00-04:00,54.93942,81.759089,train,72.615897,72.615897,110.807122
2025-07-03 01:00:00+00:00,2025-07-02 21:00:00-04:00,50.924383,63.473176,train,54.93942,54.93942,53.924785
2025-07-03 02:00:00+00:00,2025-07-02 22:00:00-04:00,77.341041,52.555437,train,50.924383,50.924383,45.001059
2025-07-03 03:00:00+00:00,2025-07-02 23:00:00-04:00,34.120128,44.141832,train,77.341041,77.341041,33.535017
2025-07-03 04:00:00+00:00,2025-07-03 00:00:00-04:00,29.3423,34.886191,train,34.120128,34.120128,35.034295
2025-07-03 05:00:00+00:00,2025-07-03 01:00:00-04:00,29.173444,29.574125,train,29.3423,29.3423,29.068685
2025-07-03 06:00:00+00:00,2025-07-03 02:00:00-04:00,23.76239,26.158829,train,29.173444,29.173444,25.044183
2025-07-03 07:00:00+00:00,2025-07-03 03:00:00-04:00,23.433929,24.296819,train,23.76239,23.76239,23.656914
2025-07-03 08:00:00+00:00,2025-07-03 04:00:00-04:00,22.529172,24.254094,train,23.433929,23.433929,25.502144
2025-07-03 09:00:00+00:00,2025-07-03 05:00:00-04:00,25.537313,26.274716,train,22.529172,22.529172,29.123754
2025-07-03 10:00:00+00:00,2025-07-03 06:00:00-04:00,28.92311,28.457733,train,25.537313,25.537313,31.52615
2025-07-03 11:00:00+00:00,2025-07-03 07:00:00-04:00,28.637046,29.085872,train,28.92311,28.92311,33.151903
2025-07-03 12:00:00+00:00,2025-07-03 08:00:00-04:00,28.384295,31.030895,train,28.637046,28.637046,34.785285
2025-07-03 13:00:00+00:00,2025-07-03 09:00:00-04:00,43.201504,35.802726,train,28.384295,28.384295,36.39145
2025-07-03 14:00:00+00:00,2025-07-03 10:00:00-04:00,44.652361,39.984663,train,43.201504,43.201504,38.904981
2025-07-03 15:00:00+00:00,2025-07-03 11:00:00-04:00,38.699013,48.417473,train,44.652361,44.652361,35.133222
2025-07-03 16:00:00+00:00,2025-07-03 12:00:00-04:00,126.462875,59.665829,train,38.699013,38.699013,44.4798
2025-07-03 17:00:00+00:00,2025-07-03 13:00:00-04:00,47.625095,67.1128,train,126.462875,126.462875,85.648984
2025-07-03 18:00:00+00:00,2025-07-03 14:00:00-04:00,50.291739,79.021826,train,47.625095,47.625095,56.991465
2025-07-03 19:00:00+00:00,2025-07-03 15:00:00-04:00,53.813844,89.290206,train,50.291739,50.291739,48.181466
2025-07-03 20:00:00+00:00,2025-07-03 16:00:00-04:00,50.026147,104.716098,train,53.813844,53.813844,65.74306
2025-07-03 21:00:00+00:00,2025-07-03 17:00:00-04:00,64.744767,129.40436,train,50.026147,50.026147,70.514264
2025-07-03 22:00:00+00:00,2025-07-03 18:00:00-04:00,65.729787,115.906752,train,64.744767,64.744767,60.266781
2025-07-03 23:00:00+00:00,2025-07-03 19:00:00-04:00,81.62858,114.369388,train,65.729787,65.729787,72.615897
2025-07-04 00:00:00+00:00,2025-07-03 20:00:00-04:00,70.468843,81.979644,train,81.62858,81.62858,54.93942
2025-07-04 01:00:00+00:00,2025-07-03 21:00:00-04:00,48.163739,63.071843,train,70.468843,70.468843,50.924383
2025-07-04 02:00:00+00:00,2025-07-03 22:00:00-04:00,49.953805,53.476665,train,48.163739,48.163739,77.341041
2025-07-04 03:00:00+00:00,2025-07-03 23:00:00-04:00,31.995212,44.193374,train,49.953805,49.953805,34.120128
2025-07-04 04:00:00+00:00,2025-07-04 00:00:00-04:00,31.748334,32.968975,train,31.995212,31.995212,29.3423
2025-07-04 05:00:00+00:00,2025-07-04 01:00:00-04:00,25.523859,26.899226,train,31.748334,31.748334,29.173444
2025-07-04 06:00:00+00:00,2025-07-04 02:00:00-04:00,21.702349,23.411055,train,25.523859,25.523859,23.76239
2025-07-04 07:00:00+00:00,2025-07-04 03:00:00-04:00,20.202537,22.243328,train,21.702349,21.702349,23.433929
2025-07-04 08:00:00+00:00,2025-07-04 04:00:00-04:00,20.349988,21.430963,train,20.202537,20.202537,22.529172
2025-07-04 09:00:00+00:00,2025-07-04 05:00:00-04:00,19.347617,21.511252,train,20.349988,20.349988,25.537313
2025-07-04 10:00:00+00:00,2025-07-04 06:00:00-04:00,17.896648,22.261806,train,19.347617,19.347617,28.92311
2025-07-04 11:00:00+00:00,2025-07-04 07:00:00-04:00,17.455016,20.938437,train,17.896648,17.896648,28.637046
2025-07-04 12:00:00+00:00,2025-07-04 08:00:00-04:00,17.923767,20.822252,train,17.455016,17.455016,28.384295
2025-07-04 13:00:00+00:00,2025-07-04 09:00:00-04:00,19.501214,27.131461,train,17.923767,17.923767,43.201504
2025-07-04 14:00:00+00:00,2025-07-04 10:00:00-04:00,20.698378,30.013736,train,19.501214,19.501214,44.652361
2025-07-04 15:00:00+00:00,2025-07-04 11:00:00-04:00,25.641587,36.242411,train,20.698378,20.698378,38.699013
2025-07-04 16:00:00+00:00,2025-07-04 12:00:00-04:00,29.233675,40.67615,train,25.641587,25.641587,126.462875
2025-07-04 17:00:00+00:00,2025-07-04 13:00:00-04:00,36.777402,44.711838,train,29.233675,29.233675,47.625095
2025-07-04 18:00:00+00:00,2025-07-04 14:00:00-04:00,36.308777,51.514237,train,36.777402,36.777402,50.291739
2025-07-04 19:00:00+00:00,2025-07-04 15:00:00-04:00,37.023747,59.025713,train,36.308777,36.308777,53.813844
2025-07-04 20:00:00+00:00,2025-07-04 16:00:00-04:00,34.715229,65.923867,train,37.023747,37.023747,50.026147
2025-07-04 21:00:00+00:00,2025-07-04 17:00:00-04:00,37.986657,75.774683,train,34.715229,34.715229,64.744767
2025-07-04 22:00:00+00:00,2025-07-04 18:00:00-04:00,45.190172,80.800429,train,37.986657,37.986657,65.729787
2025-07-04 23:00:00+00:00,2025-07-04 19:00:00-04:00,47.277933,81.093992,train,45.190172,45.190172,81.62858
2025-07-05 00:00:00+00:00,2025-07-04 20:00:00-04:00,37.089161,61.514973,train,47.277933,47.277933,70.468843
2025-07-05 01:00:00+00:00,2025-07-04 21:00:00-04:00,29.634261,45.558279,train,37.089161,37.089161,48.163739
2025-07-05 02:00:00+00:00,2025-07-04 22:00:00-04:00,29.812639,42.459399,train,29.634261,29.634261,49.953805
2025-07-05 03:00:00+00:00,2025-07-04 23:00:00-04:00,29.721308,34.011695,train,29.812639,29.812639,31.995212
2025-07-05 04:00:00+00:00,2025-07-05 00:00:00-04:00,24.489168,27.087541,train,29.721308,29.721308,31.748334
2025-07-05 05:00:00+00:00,2025-07-05 01:00:00-04:00,22.099584,24.431868,train,24.489168,24.489168,25.523859
2025-07-05 06:00:00+00:00,2025-07-05 02:00:00-04:00,19.978714,22.474045,train,22.099584,22.099584,21.702349
2025-07-05 07:00:00+00:00,2025-07-05 03:00:00-04:00,19.599164,19.868946,train,19.978714,19.978714,20.202537
2025-07-05 08:00:00+00:00,2025-07-05 04:00:00-04:00,18.919188,18.919527,train,19.599164,19.599164,20.349988
2025-07-05 09:00:00+00:00,2025-07-05 05:00:00-04:00,18.30705,19.561665,train,18.919188,18.919188,19.347617
2025-07-05 10:00:00+00:00,2025-07-05 06:00:00-04:00,17.149939,19.027918,train,18.30705,18.30705,17.896648
2025-07-05 11:00:00+00:00,2025-07-05 07:00:00-04:00,15.801449,18.939739,train,17.149939,17.149939,17.455016
2025-07-05 12:00:00+00:00,2025-07-05 08:00:00-04:00,16.041627,19.860195,train,15.801449,15.801449,17.923767
2025-07-05 13:00:00+00:00,2025-07-05 09:00:00-04:00,19.58411,23.244323,train,16.041627,16.041627,19.501214
2025-07-05 14:00:00+00:00,2025-07-05 10:00:00-04:00,31.313365,27.462457,train,19.58411,19.58411,20.698378
2025-07-05 15:00:00+00:00,2025-07-05 11:00:00-04:00,34.222166,36.139369,train,31.313365,31.313365,25.641587
2025-07-05 16:00:00+00:00,2025-07-05 12:00:00-04:00,44.53803,42.10704,train,34.222166,34.222166,29.233675
2025-07-05 17:00:00+00:00,2025-07-05 13:00:00-04:00,44.921918,49.054313,train,44.53803,44.53803,36.777402
2025-07-05 18:00:00+00:00,2025-07-05 14:00:00-04:00,43.62498,52.707388,train,44.921918,44.921918,36.308777
2025-07-05 19:00:00+00:00,2025-07-05 15:00:00-04:00,42.875004,56.131781,train,43.62498,43.62498,37.023747
2025-07-05 20:00:00+00:00,2025-07-05 16:00:00-04:00,49.317179,68.929874,train,42.875004,42.875004,34.715229
2025-07-05 21:00:00+00:00,2025-07-05 17:00:00-04:00,43.822769,78.230943,train,49.317179,49.317179,37.986657
2025-07-05 22:00:00+00:00,2025-07-05 18:00:00-04:00,49.333672,86.12052,train,43.822769,43.822769,45.190172
2025-07-05 23:00:00+00:00,2025-07-05 19:00:00-04:00,131.974496,89.368532,train,49.333672,49.333672,47.277933
2025-07-06 00:00:00+00:00,2025-07-05 20:00:00-04:00,81.817526,66.771741,train,131.974496,131.974496,37.089161
2025-07-06 01:00:00+00:00,2025-07-05 21:00:00-04:00,36.551011,51.820867,train,81.817526,81.817526,29.634261
2025-07-06 02:00:00+00:00,2025-07-05 22:00:00-04:00,35.085458,45.067645,train,36.551011,36.551011,29.812639
2025-07-06 03:00:00+00:00,2025-07-05 23:00:00-04:00,30.562755,34.525912,train,35.085458,35.085458,29.721308
2025-07-06 04:00:00+00:00,2025-07-06 00:00:00-04:00,27.706909,29.501278,train,30.562755,30.562755,24.489168
2025-07-06 05:00:00+00:00,2025-07-06 01:00:00-04:00,27.607848,26.648703,train,27.706909,27.706909,22.099584
2025-07-06 06:00:00+00:00,2025-07-06 02:00:00-04:00,22.225957,23.645531,train,27.607848,27.607848,19.978714
2025-07-06 07:00:00+00:00,2025-07-06 03:00:00-04:00,20.885112,23.341844,train,22.225957,22.225957,19.599164
2025-07-06 08:00:00+00:00,2025-07-06 04:00:00-04:00,20.107887,22.281702,train,20.885112,20.885112,18.919188
2025-07-06 09:00:00+00:00,2025-07-06 05:00:00-04:00,19.251582,22.524223,train,20.107887,20.107887,18.30705
2025-07-06 10:00:00+00:00,2025-07-06 06:00:00-04:00,18.632325,21.219494,train,19.251582,19.251582,17.149939
2025-07-06 11:00:00+00:00,2025-07-06 07:00:00-04:00,19.307115,20.2161,train,18.632325,18.632325,15.801449
2025-07-06 12:00:00+00:00,2025-07-06 08:00:00-04:00,21.57067,22.372518,train,19.307115,19.307115,16.041627
2025-07-06 13:00:00+00:00,2025-07-06 09:00:00-04:00,28.632861,28.559971,train,21.57067,21.57067,19.58411
2025-07-06 14:00:00+00:00,2025-07-06 10:00:00-04:00,27.579958,34.818515,train,28.632861,28.632861,31.313365
2025-07-06 15:00:00+00:00,2025-07-06 11:00:00-04:00,37.56069,40.173059,train,27.579958,27.579958,34.222166
2025-07-06 16:00:00+00:00,2025-07-06 12:00:00-04:00,32.895066,48.086786,train,37.56069,37.56069,44.53803
2025-07-06 17:00:00+00:00,2025-07-06 13:00:00-04:00,46.221576,55.093208,train,32.895066,32.895066,44.921918
2025-07-06 18:00:00+00:00,2025-07-06 14:00:00-04:00,55.413589,56.799902,train,46.221576,46.221576,43.62498
2025-07-06 19:00:00+00:00,2025-07-06 15:00:00-04:00,40.946709,60.9091,train,55.413589,55.413589,42.875004
2025-07-06 20:00:00+00:00,2025-07-06 16:00:00-04:00,42.882974,71.724341,train,40.946709,40.946709,49.317179
2025-07-06 21:00:00+00:00,2025-07-06 17:00:00-04:00,44.319624,93.916921,train,42.882974,42.882974,43.822769
2025-07-06 22:00:00+00:00,2025-07-06 18:00:00-04:00,46.271543,97.092897,train,44.319624,44.319624,49.333672
2025-07-06 23:00:00+00:00,2025-07-06 19:00:00-04:00,46.869353,101.338586,train,46.271543,46.271543,131.974496
2025-07-07 00:00:00+00:00,2025-07-06 20:00:00-04:00,49.052669,69.307885,train,46.869353,46.869353,81.817526
2025-07-07 01:00:00+00:00,2025-07-06 21:00:00-04:00,52.857369,60.416162,train,49.052669,49.052669,36.551011
2025-07-07 02:00:00+00:00,2025-07-06 22:00:00-04:00,37.901668,52.864755,train,52.857369,52.857369,35.085458
2025-07-07 03:00:00+00:00,2025-07-06 23:00:00-04:00,33.444692,41.677273,train,37.901668,37.901668,30.562755
2025-07-07 04:00:00+00:00,2025-07-07 00:00:00-04:00,44.169142,37.732781,train,33.444692,33.444692,27.706909
2025-07-07 05:00:00+00:00,2025-07-07 01:00:00-04:00,32.822351,32.407151,train,44.169142,44.169142,27.607848
2025-07-07 06:00:00+00:00,2025-07-07 02:00:00-04:00,29.033398,28.74539,train,32.822351,32.822351,22.225957
2025-07-07 07:00:00+00:00,2025-07-07 03:00:00-04:00,27.875556,26.756014,train,29.033398,29.033398,20.885112
2025-07-07 08:00:00+00:00,2025-07-07 04:00:00-04:00,29.516335,27.381835,train,27.875556,27.875556,20.107887
2025-07-07 09:00:00+00:00,2025-07-07 05:00:00-04:00,33.502258,31.225923,train,29.516335,29.516335,19.251582
2025-07-07 10:00:00+00:00,2025-07-07 06:00:00-04:00,41.01394,36.139144,train,33.502258,33.502258,18.632325
2025-07-07 11:00:00+00:00,2025-07-07 07:00:00-04:00,36.994184,43.861777,train,41.01394,41.01394,19.307115
2025-07-07 12:00:00+00:00,2025-07-07 08:00:00-04:00,41.648666,44.828402,train,36.994184,36.994184,21.57067
2025-07-07 13:00:00+00:00,2025-07-07 09:00:00-04:00,49.098637,46.486508,train,41.648666,41.648666,28.632861
2025-07-07 14:00:00+00:00,2025-07-07 10:00:00-04:00,36.984859,47.555554,train,49.098637,49.098637,27.579958
2025-07-07 15:00:00+00:00,2025-07-07 11:00:00-04:00,75.741121,63.395373,train,36.984859,36.984859,37.56069
2025-07-07 16:00:00+00:00,2025-07-07 12:00:00-04:00,44.180078,70.09857,train,75.741121,75.741121,32.895066
2025-07-07 17:00:00+00:00,2025-07-07 13:00:00-04:00,56.711119,81.496391,train,44.180078,44.180078,46.221576
2025-07-07 18:00:00+00:00,2025-07-07 14:00:00-04:00,92.864094,87.183187,train,56.711119,56.711119,55.413589
2025-07-07 19:00:00+00:00,2025-07-07 15:00:00-04:00,134.750741,97.211333,train,92.864094,92.864094,40.946709
2025-07-07 20:00:00+00:00,2025-07-07 16:00:00-04:00,215.773076,102.985334,train,134.750741,134.750741,42.882974
2025-07-07 21:00:00+00:00,2025-07-07 17:00:00-04:00,218.398843,111.260328,train,215.773076,215.773076,44.319624
2025-07-07 22:00:00+00:00,2025-07-07 18:00:00-04:00,217.817743,99.076728,train,218.398843,218.398843,46.271543
2025-07-07 23:00:00+00:00,2025-07-07 19:00:00-04:00,232.226138,90.430689,train,217.817743,217.817743,46.869353
2025-07-08 00:00:00+00:00,2025-07-07 20:00:00-04:00,203.994697,74.561344,train,232.226138,232.226138,49.052669
2025-07-08 01:00:00+00:00,2025-07-07 21:00:00-04:00,62.676799,60.952915,train,203.994697,203.994697,52.857369
2025-07-08 02:00:00+00:00,2025-07-07 22:00:00-04:00,54.638046,54.839096,train,62.676799,62.676799,37.901668
2025-07-08 03:00:00+00:00,2025-07-07 23:00:00-04:00,53.389706,37.390917,train,54.638046,54.638046,33.444692
2025-07-08 04:00:00+00:00,2025-07-08 00:00:00-04:00,36.509194,38.568092,train,53.389706,53.389706,44.169142
2025-07-08 05:00:00+00:00,2025-07-08 01:00:00-04:00,33.073676,33.01368,train,36.509194,36.509194,32.822351
2025-07-08 06:00:00+00:00,2025-07-08 02:00:00-04:00,28.347913,29.294835,train,33.073676,33.073676,29.033398
2025-07-08 07:00:00+00:00,2025-07-08 03:00:00-04:00,26.586827,27.654702,train,28.347913,28.347913,27.875556
2025-07-08 08:00:00+00:00,2025-07-08 04:00:00-04:00,28.493624,28.076633,train,26.586827,26.586827,29.516335
2025-07-08 09:00:00+00:00,2025-07-08 05:00:00-04:00,32.606362,32.076624,train,28.493624,28.493624,33.502258
2025-07-08 10:00:00+00:00,2025-07-08 06:00:00-04:00,35.162825,36.116334,train,32.606362,32.606362,41.01394
2025-07-08 11:00:00+00:00,2025-07-08 07:00:00-04:00,37.766832,37.555747,train,35.162825,35.162825,36.994184
2025-07-08 12:00:00+00:00,2025-07-08 08:00:00-04:00,36.056451,37.664721,train,37.766832,37.766832,41.648666
2025-07-08 13:00:00+00:00,2025-07-08 09:00:00-04:00,39.713876,52.975448,train,36.056451,36.056451,49.098637
2025-07-08 14:00:00+00:00,2025-07-08 10:00:00-04:00,146.523814,63.643221,train,39.713876,39.713876,36.984859
2025-07-08 15:00:00+00:00,2025-07-08 11:00:00-04:00,227.901996,95.875505,train,146.523814,146.523814,75.741121
2025-07-08 16:00:00+00:00,2025-07-08 12:00:00-04:00,214.913871,108.398917,train,227.901996,227.901996,44.180078
2025-07-08 17:00:00+00:00,2025-07-08 13:00:00-04:00,247.811696,139.071752,train,214.913871,214.913871,56.711119
2025-07-08 18:00:00+00:00,2025-07-08 14:00:00-04:00,284.879955,136.311495,train,247.811696,247.811696,92.864094
2025-07-08 19:00:00+00:00,2025-07-08 15:00:00-04:00,325.461302,131.465594,train,284.879955,284.879955,134.750741
2025-07-08 20:00:00+00:00,2025-07-08 16:00:00-04:00,235.389999,134.709334,train,325.461302,325.461302,215.773076
2025-07-08 21:00:00+00:00,2025-07-08 17:00:00-04:00,55.623671,145.646671,train,235.389999,235.389999,218.398843
2025-07-08 22:00:00+00:00,2025-07-08 18:00:00-04:00,43.833331,118.328105,train,55.623671,55.623671,217.817743
2025-07-08 23:00:00+00:00,2025-07-08 19:00:00-04:00,128.247429,109.66551,train,43.833331,43.833331,232.226138
2025-07-09 00:00:00+00:00,2025-07-08 20:00:00-04:00,184.631125,86.173693,train,128.247429,128.247429,203.994697
2025-07-09 01:00:00+00:00,2025-07-08 21:00:00-04:00,49.220601,67.974001,train,184.631125,184.631125,62.676799
2025-07-09 02:00:00+00:00,2025-07-08 22:00:00-04:00,64.967379,60.923436,train,49.220601,49.220601,54.638046
2025-07-09 03:00:00+00:00,2025-07-08 23:00:00-04:00,37.051783,44.784191,train,64.967379,64.967379,53.389706
2025-07-09 04:00:00+00:00,2025-07-09 00:00:00-04:00,38.306935,42.256214,train,37.051783,37.051783,36.509194
2025-07-09 05:00:00+00:00,2025-07-09 01:00:00-04:00,30.521373,34.888373,train,38.306935,38.306935,33.073676
2025-07-09 06:00:00+00:00,2025-07-09 02:00:00-04:00,29.130334,29.764201,train,30.521373,30.521373,28.347913
2025-07-09 07:00:00+00:00,2025-07-09 03:00:00-04:00,28.587478,28.155724,train,29.130334,29.130334,26.586827
2025-07-09 08:00:00+00:00,2025-07-09 04:00:00-04:00,28.125758,28.597606,train,28.587478,28.587478,28.493624
2025-07-09 09:00:00+00:00,2025-07-09 05:00:00-04:00,31.715639,32.368265,train,28.125758,28.125758,32.606362
2025-07-09 10:00:00+00:00,2025-07-09 06:00:00-04:00,37.30049,36.613362,train,31.715639,31.715639,35.162825
2025-07-09 11:00:00+00:00,2025-07-09 07:00:00-04:00,38.749038,38.314977,train,37.30049,37.30049,37.766832
2025-07-09 12:00:00+00:00,2025-07-09 08:00:00-04:00,38.949974,43.213373,train,38.749038,38.749038,36.056451
2025-07-09 13:00:00+00:00,2025-07-09 09:00:00-04:00,35.094405,53.599574,train,38.949974,38.949974,39.713876
2025-07-09 14:00:00+00:00,2025-07-09 10:00:00-04:00,42.564835,71.068892,train,35.094405,35.094405,146.523814
2025-07-09 15:00:00+00:00,2025-07-09 11:00:00-04:00,41.361863,90.948127,train,42.564835,42.564835,227.901996
2025-07-09 16:00:00+00:00,2025-07-09 12:00:00-04:00,57.008833,116.682056,train,41.361863,41.361863,214.913871
2025-07-09 17:00:00+00:00,2025-07-09 13:00:00-04:00,119.905692,131.615772,train,57.008833,57.008833,247.811696
2025-07-09 18:00:00+00:00,2025-07-09 14:00:00-04:00,167.986942,148.923428,train,119.905692,119.905692,284.879955
2025-07-09 19:00:00+00:00,2025-07-09 15:00:00-04:00,209.700942,179.79375,train,167.986942,167.986942,325.461302
2025-07-09 20:00:00+00:00,2025-07-09 16:00:00-04:00,121.411388,167.897822,train,209.700942,209.700942,235.389999
2025-07-09 21:00:00+00:00,2025-07-09 17:00:00-04:00,91.767991,147.386637,train,121.411388,121.411388,55.623671
2025-07-09 22:00:00+00:00,2025-07-09 18:00:00-04:00,57.833207,110.12009,train,91.767991,91.767991,43.833331
2025-07-09 23:00:00+00:00,2025-07-09 19:00:00-04:00,122.133902,101.730009,train,57.833207,57.833207,128.247429
2025-07-10 00:00:00+00:00,2025-07-09 20:00:00-04:00,69.657452,87.359927,train,122.133902,122.133902,184.631125
2025-07-10 01:00:00+00:00,2025-07-09 21:00:00-04:00,51.164931,67.674935,train,69.657452,69.657452,49.220601
2025-07-10 02:00:00+00:00,2025-07-09 22:00:00-04:00,46.850757,50.481449,train,51.164931,51.164931,64.967379
2025-07-10 03:00:00+00:00,2025-07-09 23:00:00-04:00,37.798591,41.013273,train,46.850757,46.850757,37.051783
2025-07-10 04:00:00+00:00,2025-07-10 00:00:00-04:00,33.78216,41.834725,train,37.798591,37.798591,38.306935
2025-07-10 05:00:00+00:00,2025-07-10 01:00:00-04:00,31.086202,35.819542,train,33.78216,33.78216,30.521373
2025-07-10 06:00:00+00:00,2025-07-10 02:00:00-04:00,27.547497,31.508861,train,31.086202,31.086202,29.130334
2025-07-10 07:00:00+00:00,2025-07-10 03:00:00-04:00,26.020658,28.803551,train,27.547497,27.547497,28.587478
2025-07-10 08:00:00+00:00,2025-07-10 04:00:00-04:00,26.944966,28.663645,train,26.020658,26.020658,28.125758
2025-07-10 09:00:00+00:00,2025-07-10 05:00:00-04:00,32.002974,34.015365,train,26.944966,26.944966,31.715639
2025-07-10 10:00:00+00:00,2025-07-10 06:00:00-04:00,35.731623,38.084366,train,32.002974,32.002974,37.30049
2025-07-10 11:00:00+00:00,2025-07-10 07:00:00-04:00,35.917595,38.157228,train,35.731623,35.731623,38.749038
2025-07-10 12:00:00+00:00,2025-07-10 08:00:00-04:00,39.007203,39.716487,train,35.917595,35.917595,38.949974
2025-07-10 13:00:00+00:00,2025-07-10 09:00:00-04:00,33.880765,42.921362,train,39.007203,39.007203,35.094405
2025-07-10 14:00:00+00:00,2025-07-10 10:00:00-04:00,50.701707,44.985358,train,33.880765,33.880765,42.564835
2025-07-10 15:00:00+00:00,2025-07-10 11:00:00-04:00,44.783011,54.905001,train,50.701707,50.701707,41.361863
2025-07-10 16:00:00+00:00,2025-07-10 12:00:00-04:00,80.864464,60.101146,train,44.783011,44.783011,57.008833
2025-07-10 17:00:00+00:00,2025-07-10 13:00:00-04:00,43.961823,69.445907,train,80.864464,80.864464,119.905692
2025-07-10 18:00:00+00:00,2025-07-10 14:00:00-04:00,45.174424,72.626245,train,43.961823,43.961823,167.986942
2025-07-10 19:00:00+00:00,2025-07-10 15:00:00-04:00,46.223972,80.035174,train,45.174424,45.174424,209.700942
2025-07-10 20:00:00+00:00,2025-07-10 16:00:00-04:00,48.308067,96.447244,train,46.223972,46.223972,121.411388
2025-07-10 21:00:00+00:00,2025-07-10 17:00:00-04:00,59.460221,103.165753,train,48.308067,48.308067,91.767991
2025-07-10 22:00:00+00:00,2025-07-10 18:00:00-04:00,62.49006,88.10005,train,59.460221,59.460221,57.833207
2025-07-10 23:00:00+00:00,2025-07-10 19:00:00-04:00,92.653019,89.885953,train,62.49006,62.49006,122.133902
2025-07-11 00:00:00+00:00,2025-07-10 20:00:00-04:00,63.255471,79.342526,train,92.653019,92.653019,69.657452
2025-07-11 01:00:00+00:00,2025-07-10 21:00:00-04:00,88.408827,65.772728,train,63.255471,63.255471,51.164931
2025-07-11 02:00:00+00:00,2025-07-10 22:00:00-04:00,81.801081,56.73563,train,88.408827,88.408827,46.850757
2025-07-11 03:00:00+00:00,2025-07-10 23:00:00-04:00,80.833311,48.001688,train,81.801081,81.801081,37.798591
2025-07-11 04:00:00+00:00,2025-07-11 00:00:00-04:00,41.147827,35.140604,train,80.833311,80.833311,33.78216
2025-07-11 05:00:00+00:00,2025-07-11 01:00:00-04:00,31.743213,28.304318,train,41.147827,41.147827,31.086202
2025-07-11 06:00:00+00:00,2025-07-11 02:00:00-04:00,26.794775,24.241993,train,31.743213,31.743213,27.547497
2025-07-11 07:00:00+00:00,2025-07-11 03:00:00-04:00,24.426161,23.307636,train,26.794775,26.794775,26.020658
2025-07-11 08:00:00+00:00,2025-07-11 04:00:00-04:00,25.837253,23.164159,train,24.426161,24.426161,26.944966
2025-07-11 09:00:00+00:00,2025-07-11 05:00:00-04:00,30.9148,26.165131,train,25.837253,25.837253,32.002974
2025-07-11 10:00:00+00:00,2025-07-11 06:00:00-04:00,29.963318,28.902195,train,30.9148,30.9148,35.731623
2025-07-11 11:00:00+00:00,2025-07-11 07:00:00-04:00,40.972502,30.632307,train,29.963318,29.963318,35.917595
2025-07-11 12:00:00+00:00,2025-07-11 08:00:00-04:00,35.444402,31.500639,train,40.972502,40.972502,39.007203
2025-07-11 13:00:00+00:00,2025-07-11 09:00:00-04:00,59.73396,37.617097,train,35.444402,35.444402,33.880765
2025-07-11 14:00:00+00:00,2025-07-11 10:00:00-04:00,43.110058,45.129394,train,59.73396,59.73396,50.701707
2025-07-11 15:00:00+00:00,2025-07-11 11:00:00-04:00,102.831338,57.258287,train,43.110058,43.110058,44.783011
2025-07-11 16:00:00+00:00,2025-07-11 12:00:00-04:00,44.433902,69.275783,train,102.831338,102.831338,80.864464
2025-07-11 17:00:00+00:00,2025-07-11 13:00:00-04:00,56.277229,75.666366,train,44.433902,44.433902,43.961823
2025-07-11 18:00:00+00:00,2025-07-11 14:00:00-04:00,50.427392,90.087969,train,56.277229,56.277229,45.174424
2025-07-11 19:00:00+00:00,2025-07-11 15:00:00-04:00,57.085215,114.590222,train,50.427392,50.427392,46.223972
2025-07-11 20:00:00+00:00,2025-07-11 16:00:00-04:00,55.57263,124.206376,train,57.085215,57.085215,48.308067
2025-07-11 21:00:00+00:00,2025-07-11 17:00:00-04:00,97.633456,135.111018,train,55.57263,55.57263,59.460221
2025-07-11 22:00:00+00:00,2025-07-11 18:00:00-04:00,96.06482,119.370339,train,97.633456,97.633456,62.49006
2025-07-11 23:00:00+00:00,2025-07-11 19:00:00-04:00,105.238735,108.721329,train,96.06482,96.06482,92.653019
2025-07-12 00:00:00+00:00,2025-07-11 20:00:00-04:00,57.279548,89.095728,train,105.238735,105.238735,63.255471
2025-07-12 01:00:00+00:00,2025-07-11 21:00:00-04:00,56.654305,61.737173,train,57.279548,57.279548,88.408827
2025-07-12 02:00:00+00:00,2025-07-11 22:00:00-04:00,42.658036,51.039698,train,56.654305,56.654305,81.801081
2025-07-12 03:00:00+00:00,2025-07-11 23:00:00-04:00,37.712778,42.320117,train,42.658036,42.658036,80.833311
2025-07-12 04:00:00+00:00,2025-07-12 00:00:00-04:00,44.215849,46.247192,train,37.712778,37.712778,41.147827
2025-07-12 05:00:00+00:00,2025-07-12 01:00:00-04:00,49.387281,39.361757,train,44.215849,44.215849,31.743213
2025-07-12 06:00:00+00:00,2025-07-12 02:00:00-04:00,32.363342,32.423507,train,49.387281,49.387281,26.794775
2025-07-12 07:00:00+00:00,2025-07-12 03:00:00-04:00,28.935741,30.99424,train,32.363342,32.363342,24.426161
2025-07-12 08:00:00+00:00,2025-07-12 04:00:00-04:00,25.523644,29.557058,train,28.935741,28.935741,25.837253
2025-07-12 09:00:00+00:00,2025-07-12 05:00:00-04:00,28.243157,30.088896,train,25.523644,25.523644,30.9148
2025-07-12 10:00:00+00:00,2025-07-12 06:00:00-04:00,30.160053,29.413185,train,28.243157,28.243157,29.963318
2025-07-12 11:00:00+00:00,2025-07-12 07:00:00-04:00,30.317857,27.27043,train,30.160053,30.160053,40.972502
2025-07-12 12:00:00+00:00,2025-07-12 08:00:00-04:00,32.732983,32.7752,train,30.317857,30.317857,35.444402
2025-07-12 13:00:00+00:00,2025-07-12 09:00:00-04:00,40.461669,39.982702,train,32.732983,32.732983,59.73396
2025-07-12 14:00:00+00:00,2025-07-12 10:00:00-04:00,40.810351,45.988332,train,40.461669,40.461669,43.110058
2025-07-12 15:00:00+00:00,2025-07-12 11:00:00-04:00,55.669969,57.751501,train,40.810351,40.810351,102.831338
2025-07-12 16:00:00+00:00,2025-07-12 12:00:00-04:00,53.739394,73.072803,train,55.669969,55.669969,44.433902
2025-07-12 17:00:00+00:00,2025-07-12 13:00:00-04:00,49.574108,79.070336,train,53.739394,53.739394,56.277229
2025-07-12 18:00:00+00:00,2025-07-12 14:00:00-04:00,68.890427,93.45133,train,49.574108,49.574108,50.427392
2025-07-12 19:00:00+00:00,2025-07-12 15:00:00-04:00,50.637695,105.321214,train,68.890427,68.890427,57.085215
2025-07-12 20:00:00+00:00,2025-07-12 16:00:00-04:00,58.045366,110.058991,train,50.637695,50.637695,55.57263
2025-07-12 21:00:00+00:00,2025-07-12 17:00:00-04:00,51.142028,111.528607,train,58.045366,58.045366,97.633456
2025-07-12 22:00:00+00:00,2025-07-12 18:00:00-04:00,53.019017,105.880314,train,51.142028,51.142028,96.06482
2025-07-12 23:00:00+00:00,2025-07-12 19:00:00-04:00,51.039308,105.244148,train,53.019017,53.019017,105.238735
2025-07-13 00:00:00+00:00,2025-07-12 20:00:00-04:00,54.156003,89.261417,train,51.039308,51.039308,57.279548
2025-07-13 01:00:00+00:00,2025-07-12 21:00:00-04:00,43.778319,68.647922,train,54.156003,54.156003,56.654305
2025-07-13 02:00:00+00:00,2025-07-12 22:00:00-04:00,41.690314,60.80937,train,43.778319,43.778319,42.658036
2025-07-13 03:00:00+00:00,2025-07-12 23:00:00-04:00,34.223367,49.87703,train,41.690314,41.690314,37.712778
2025-07-13 04:00:00+00:00,2025-07-13 00:00:00-04:00,33.469506,40.300563,train,34.223367,34.223367,44.215849
2025-07-13 05:00:00+00:00,2025-07-13 01:00:00-04:00,33.718389,33.145981,train,33.469506,33.469506,49.387281
2025-07-13 06:00:00+00:00,2025-07-13 02:00:00-04:00,30.482214,29.765249,train,33.718389,33.718389,32.363342
2025-07-13 07:00:00+00:00,2025-07-13 03:00:00-04:00,28.685049,27.427056,train,30.482214,30.482214,28.935741
2025-07-13 08:00:00+00:00,2025-07-13 04:00:00-04:00,25.27835,26.290832,train,28.685049,28.685049,25.523644
2025-07-13 09:00:00+00:00,2025-07-13 05:00:00-04:00,23.979151,26.964399,train,25.27835,25.27835,28.243157
2025-07-13 10:00:00+00:00,2025-07-13 06:00:00-04:00,24.039286,24.439331,train,23.979151,23.979151,30.160053
2025-07-13 11:00:00+00:00,2025-07-13 07:00:00-04:00,25.467528,23.364342,train,24.039286,24.039286,30.317857
2025-07-13 12:00:00+00:00,2025-07-13 08:00:00-04:00,28.441187,24.97053,train,25.467528,25.467528,32.732983
2025-07-13 13:00:00+00:00,2025-07-13 09:00:00-04:00,31.059652,30.860493,train,28.441187,28.441187,40.461669
2025-07-13 14:00:00+00:00,2025-07-13 10:00:00-04:00,48.478311,35.068901,train,31.059652,31.059652,40.810351
2025-07-13 15:00:00+00:00,2025-07-13 11:00:00-04:00,71.434563,40.762677,train,48.478311,48.478311,55.669969
2025-07-13 16:00:00+00:00,2025-07-13 12:00:00-04:00,56.358944,47.499845,train,71.434563,71.434563,53.739394
2025-07-13 17:00:00+00:00,2025-07-13 13:00:00-04:00,39.735186,52.877241,train,56.358944,56.358944,49.574108
2025-07-13 18:00:00+00:00,2025-07-13 14:00:00-04:00,43.09548,55.205402,train,39.735186,39.735186,68.890427
2025-07-13 19:00:00+00:00,2025-07-13 15:00:00-04:00,45.607926,58.025783,train,43.09548,43.09548,50.637695
2025-07-13 20:00:00+00:00,2025-07-13 16:00:00-04:00,78.532002,65.650182,train,45.607926,45.607926,58.045366
2025-07-13 21:00:00+00:00,2025-07-13 17:00:00-04:00,113.375662,71.530762,train,78.532002,78.532002,51.142028
2025-07-13 22:00:00+00:00,2025-07-13 18:00:00-04:00,60.648336,74.632487,train,113.375662,113.375662,53.019017
2025-07-13 23:00:00+00:00,2025-07-13 19:00:00-04:00,88.164395,79.665602,train,60.648336,60.648336,51.039308
2025-07-14 00:00:00+00:00,2025-07-13 20:00:00-04:00,83.617134,75.358461,train,88.164395,88.164395,54.156003
2025-07-14 01:00:00+00:00,2025-07-13 21:00:00-04:00,57.919802,56.682274,train,83.617134,83.617134,43.778319
2025-07-14 02:00:00+00:00,2025-07-13 22:00:00-04:00,49.523854,50.118692,train,57.919802,57.919802,41.690314
2025-07-14 03:00:00+00:00,2025-07-13 23:00:00-04:00,46.274241,40.06198,train,49.523854,49.523854,34.223367
2025-07-14 04:00:00+00:00,2025-07-14 00:00:00-04:00,39.201081,41.680433,train,46.274241,46.274241,33.469506
2025-07-14 05:00:00+00:00,2025-07-14 01:00:00-04:00,35.458221,34.634099,train,39.201081,39.201081,33.718389
2025-07-14 06:00:00+00:00,2025-07-14 02:00:00-04:00,26.995575,28.191805,train,35.458221,35.458221,30.482214
2025-07-14 07:00:00+00:00,2025-07-14 03:00:00-04:00,28.576783,27.351761,train,26.995575,26.995575,28.685049
2025-07-14 08:00:00+00:00,2025-07-14 04:00:00-04:00,29.439327,30.101604,train,28.576783,28.576783,25.27835
2025-07-14 09:00:00+00:00,2025-07-14 05:00:00-04:00,35.814649,35.159944,train,29.439327,29.439327,23.979151
2025-07-14 10:00:00+00:00,2025-07-14 06:00:00-04:00,48.021953,39.292007,train,35.814649,35.814649,24.039286
2025-07-14 11:00:00+00:00,2025-07-14 07:00:00-04:00,50.647226,42.176359,train,48.021953,48.021953,25.467528
2025-07-14 12:00:00+00:00,2025-07-14 08:00:00-04:00,44.618309,42.764823,train,50.647226,50.647226,28.441187
2025-07-14 13:00:00+00:00,2025-07-14 09:00:00-04:00,40.737929,49.319903,train,44.618309,44.618309,31.059652
2025-07-14 14:00:00+00:00,2025-07-14 10:00:00-04:00,36.462802,56.102964,train,40.737929,40.737929,48.478311
2025-07-14 15:00:00+00:00,2025-07-14 11:00:00-04:00,110.311843,65.207314,train,36.462802,36.462802,71.434563
2025-07-14 16:00:00+00:00,2025-07-14 12:00:00-04:00,94.681421,75.949902,train,110.311843,110.311843,56.358944
2025-07-14 17:00:00+00:00,2025-07-14 13:00:00-04:00,213.126188,78.533766,train,94.681421,94.681421,39.735186
2025-07-14 18:00:00+00:00,2025-07-14 14:00:00-04:00,218.081866,86.143263,train,213.126188,213.126188,43.09548
2025-07-14 19:00:00+00:00,2025-07-14 15:00:00-04:00,216.335401,100.85523,train,218.081866,218.081866,45.607926
2025-07-14 20:00:00+00:00,2025-07-14 16:00:00-04:00,214.100414,118.899142,train,216.335401,216.335401,78.532002
2025-07-14 21:00:00+00:00,2025-07-14 17:00:00-04:00,102.20966,127.010176,train,214.100414,214.100414,113.375662
2025-07-14 22:00:00+00:00,2025-07-14 18:00:00-04:00,63.79881,113.250875,train,102.20966,102.20966,60.648336
2025-07-14 23:00:00+00:00,2025-07-14 19:00:00-04:00,84.533428,106.502626,train,63.79881,63.79881,88.164395
2025-07-15 00:00:00+00:00,2025-07-14 20:00:00-04:00,136.878192,91.358326,train,84.533428,84.533428,83.617134
2025-07-15 01:00:00+00:00,2025-07-14 21:00:00-04:00,61.153057,70.798914,train,136.878192,136.878192,57.919802
2025-07-15 02:00:00+00:00,2025-07-14 22:00:00-04:00,50.801272,54.050412,train,61.153057,61.153057,49.523854
2025-07-15 03:00:00+00:00,2025-07-14 23:00:00-04:00,36.935649,45.106127,train,50.801272,50.801272,46.274241
2025-07-15 04:00:00+00:00,2025-07-15 00:00:00-04:00,32.602286,41.987814,train,36.935649,36.935649,39.201081
2025-07-15 05:00:00+00:00,2025-07-15 01:00:00-04:00,27.259923,33.027735,train,32.602286,32.602286,35.458221
2025-07-15 06:00:00+00:00,2025-07-15 02:00:00-04:00,24.458889,29.51336,train,27.259923,27.259923,26.995575
2025-07-15 07:00:00+00:00,2025-07-15 03:00:00-04:00,21.789,27.153674,train,24.458889,24.458889,28.576783
2025-07-15 08:00:00+00:00,2025-07-15 04:00:00-04:00,22.438216,26.40929,train,21.789,21.789,29.439327
2025-07-15 09:00:00+00:00,2025-07-15 05:00:00-04:00,27.500698,31.51661,train,22.438216,22.438216,35.814649
2025-07-15 10:00:00+00:00,2025-07-15 06:00:00-04:00,31.197065,39.421676,train,27.500698,27.500698,48.021953
2025-07-15 11:00:00+00:00,2025-07-15 07:00:00-04:00,30.763804,40.149659,train,31.197065,31.197065,50.647226
2025-07-15 12:00:00+00:00,2025-07-15 08:00:00-04:00,32.006753,40.700294,train,30.763804,30.763804,44.618309
2025-07-15 13:00:00+00:00,2025-07-15 09:00:00-04:00,35.043442,44.279078,train,32.006753,32.006753,40.737929
2025-07-15 14:00:00+00:00,2025-07-15 10:00:00-04:00,37.744024,50.997674,train,35.043442,35.043442,36.462802
2025-07-15 15:00:00+00:00,2025-07-15 11:00:00-04:00,37.519357,68.07591,train,37.744024,37.744024,110.311843
2025-07-15 16:00:00+00:00,2025-07-15 12:00:00-04:00,70.25839,74.539232,train,37.519357,37.519357,94.681421
2025-07-15 17:00:00+00:00,2025-07-15 13:00:00-04:00,66.372051,87.253266,train,70.25839,70.25839,213.126188
2025-07-15 18:00:00+00:00,2025-07-15 14:00:00-04:00,169.476509,98.9898,train,66.372051,66.372051,218.081866
2025-07-15 19:00:00+00:00,2025-07-15 15:00:00-04:00,180.525215,113.199979,train,169.476509,169.476509,216.335401
2025-07-15 20:00:00+00:00,2025-07-15 16:00:00-04:00,250.799731,124.999984,train,180.525215,180.525215,214.100414
2025-07-15 21:00:00+00:00,2025-07-15 17:00:00-04:00,568.881085,141.680636,train,250.799731,250.799731,102.20966
2025-07-15 22:00:00+00:00,2025-07-15 18:00:00-04:00,391.973438,129.778067,train,568.881085,568.881085,63.79881
2025-07-15 23:00:00+00:00,2025-07-15 19:00:00-04:00,238.79809,130.520667,train,391.973438,391.973438,84.533428
2025-07-16 00:00:00+00:00,2025-07-15 20:00:00-04:00,72.42583,100.075322,train,238.79809,238.79809,136.878192
2025-07-16 01:00:00+00:00,2025-07-15 21:00:00-04:00,72.744315,80.407682,train,72.42583,72.42583,61.153057
2025-07-16 02:00:00+00:00,2025-07-15 22:00:00-04:00,65.270877,66.590851,train,72.744315,72.744315,50.801272
2025-07-16 03:00:00+00:00,2025-07-15 23:00:00-04:00,61.803349,52.332678,train,65.270877,65.270877,36.935649
2025-07-16 04:00:00+00:00,2025-07-16 00:00:00-04:00,40.366821,52.324006,train,61.803349,61.803349,32.602286
2025-07-16 05:00:00+00:00,2025-07-16 01:00:00-04:00,35.070708,39.197025,train,40.366821,40.366821,27.259923
2025-07-16 06:00:00+00:00,2025-07-16 02:00:00-04:00,30.282881,33.303694,train,35.070708,35.070708,24.458889
2025-07-16 07:00:00+00:00,2025-07-16 03:00:00-04:00,27.435502,30.731782,train,30.282881,30.282881,21.789
2025-07-16 08:00:00+00:00,2025-07-16 04:00:00-04:00,29.13708,32.478841,train,27.435502,27.435502,22.438216
2025-07-16 09:00:00+00:00,2025-07-16 05:00:00-04:00,34.917395,36.412872,train,29.13708,29.13708,27.500698
2025-07-16 10:00:00+00:00,2025-07-16 06:00:00-04:00,40.313765,40.67278,train,34.917395,34.917395,31.197065
2025-07-16 11:00:00+00:00,2025-07-16 07:00:00-04:00,45.627092,43.362777,train,40.313765,40.313765,30.763804
2025-07-16 12:00:00+00:00,2025-07-16 08:00:00-04:00,42.192221,45.472468,train,45.627092,45.627092,32.006753
2025-07-16 13:00:00+00:00,2025-07-16 09:00:00-04:00,49.88771,54.412159,train,42.192221,42.192221,35.043442
2025-07-16 14:00:00+00:00,2025-07-16 10:00:00-04:00,41.510014,62.752743,train,49.88771,49.88771,37.744024
2025-07-16 15:00:00+00:00,2025-07-16 11:00:00-04:00,48.319488,88.232393,train,41.510014,41.510014,37.519357
2025-07-16 16:00:00+00:00,2025-07-16 12:00:00-04:00,68.033829,109.480251,train,48.319488,48.319488,70.25839
2025-07-16 17:00:00+00:00,2025-07-16 13:00:00-04:00,156.467218,124.744478,train,68.033829,68.033829,66.372051
2025-07-16 18:00:00+00:00,2025-07-16 14:00:00-04:00,197.215469,149.487218,train,156.467218,156.467218,169.476509
2025-07-16 19:00:00+00:00,2025-07-16 15:00:00-04:00,264.55692,158.233753,train,197.215469,197.215469,180.525215
2025-07-16 20:00:00+00:00,2025-07-16 16:00:00-04:00,254.182113,159.591141,train,264.55692,264.55692,250.799731
2025-07-16 21:00:00+00:00,2025-07-16 17:00:00-04:00,234.107397,159.759269,train,254.182113,254.182113,568.881085
2025-07-16 22:00:00+00:00,2025-07-16 18:00:00-04:00,175.052026,127.59234,train,234.107397,234.107397,391.973438
2025-07-16 23:00:00+00:00,2025-07-16 19:00:00-04:00,81.676396,122.269868,train,175.052026,175.052026,238.79809
2025-07-17 00:00:00+00:00,2025-07-16 20:00:00-04:00,67.647752,108.506027,train,81.676396,81.676396,72.42583
2025-07-17 01:00:00+00:00,2025-07-16 21:00:00-04:00,56.346037,84.945123,train,67.647752,67.647752,72.744315
2025-07-17 02:00:00+00:00,2025-07-16 22:00:00-04:00,43.235658,60.391437,train,56.346037,56.346037,65.270877
2025-07-17 03:00:00+00:00,2025-07-16 23:00:00-04:00,50.596785,49.865639,train,43.235658,43.235658,61.803349
2025-07-17 04:00:00+00:00,2025-07-17 00:00:00-04:00,38.544582,41.815766,train,50.596785,50.596785,40.366821
2025-07-17 05:00:00+00:00,2025-07-17 01:00:00-04:00,28.761553,34.635723,train,38.544582,38.544582,35.070708
2025-07-17 06:00:00+00:00,2025-07-17 02:00:00-04:00,27.614139,30.286114,train,28.761553,28.761553,30.282881
2025-07-17 07:00:00+00:00,2025-07-17 03:00:00-04:00,26.731023,29.793398,train,27.614139,27.614139,27.435502
2025-07-17 08:00:00+00:00,2025-07-17 04:00:00-04:00,26.871866,29.837674,train,26.731023,26.731023,29.13708
2025-07-17 09:00:00+00:00,2025-07-17 05:00:00-04:00,31.811384,32.511588,train,26.871866,26.871866,34.917395
2025-07-17 10:00:00+00:00,2025-07-17 06:00:00-04:00,39.944994,36.55432,train,31.811384,31.811384,40.313765
2025-07-17 11:00:00+00:00,2025-07-17 07:00:00-04:00,37.35517,39.777373,train,39.944994,39.944994,45.627092
2025-07-17 12:00:00+00:00,2025-07-17 08:00:00-04:00,31.983908,40.046172,train,37.35517,37.35517,42.192221
2025-07-17 13:00:00+00:00,2025-07-17 09:00:00-04:00,36.263796,50.299967,train,31.983908,31.983908,49.88771
2025-07-17 14:00:00+00:00,2025-07-17 10:00:00-04:00,36.778633,74.90569,train,36.263796,36.263796,41.510014
2025-07-17 15:00:00+00:00,2025-07-17 11:00:00-04:00,51.855515,134.388125,train,36.778633,36.778633,48.319488
2025-07-17 16:00:00+00:00,2025-07-17 12:00:00-04:00,181.868509,221.199799,train,51.855515,51.855515,68.033829
2025-07-17 17:00:00+00:00,2025-07-17 13:00:00-04:00,331.165019,375.8633,train,181.868509,181.868509,156.467218
2025-07-17 18:00:00+00:00,2025-07-17 14:00:00-04:00,322.169248,409.55619,train,331.165019,331.165019,197.215469
2025-07-17 19:00:00+00:00,2025-07-17 15:00:00-04:00,354.097253,500.000004,train,322.169248,322.169248,264.55692
2025-07-17 20:00:00+00:00,2025-07-17 16:00:00-04:00,362.399024,511.788496,train,354.097253,354.097253,254.182113
2025-07-17 21:00:00+00:00,2025-07-17 17:00:00-04:00,397.698071,466.000039,train,362.399024,362.399024,234.107397
2025-07-17 22:00:00+00:00,2025-07-17 18:00:00-04:00,401.970265,405.473436,train,397.698071,397.698071,175.052026
2025-07-17 23:00:00+00:00,2025-07-17 19:00:00-04:00,293.963314,315.782532,train,401.970265,401.970265,81.676396
2025-07-18 00:00:00+00:00,2025-07-17 20:00:00-04:00,227.275995,150.691986,train,293.963314,293.963314,67.647752
2025-07-18 01:00:00+00:00,2025-07-17 21:00:00-04:00,150.835576,97.595176,train,227.275995,227.275995,56.346037
2025-07-18 02:00:00+00:00,2025-07-17 22:00:00-04:00,86.928628,67.37791,train,150.835576,150.835576,43.235658
2025-07-18 03:00:00+00:00,2025-07-17 23:00:00-04:00,93.385721,46.09827,train,86.928628,86.928628,50.596785
2025-07-18 04:00:00+00:00,2025-07-18 00:00:00-04:00,38.642754,48.630127,train,93.385721,93.385721,38.544582
2025-07-18 05:00:00+00:00,2025-07-18 01:00:00-04:00,44.177992,40.315242,train,38.642754,38.642754,28.761553
2025-07-18 06:00:00+00:00,2025-07-18 02:00:00-04:00,35.905795,33.602272,train,44.177992,44.177992,27.614139
2025-07-18 07:00:00+00:00,2025-07-18 03:00:00-04:00,32.932967,31.597794,train,35.905795,35.905795,26.731023
2025-07-18 08:00:00+00:00,2025-07-18 04:00:00-04:00,36.522654,31.41114,train,32.932967,32.932967,26.871866
2025-07-18 09:00:00+00:00,2025-07-18 05:00:00-04:00,43.130476,35.273233,train,36.522654,36.522654,31.811384
2025-07-18 10:00:00+00:00,2025-07-18 06:00:00-04:00,56.655337,40.007072,train,43.130476,43.130476,39.944994
2025-07-18 11:00:00+00:00,2025-07-18 07:00:00-04:00,40.872754,38.359674,train,56.655337,56.655337,37.35517
2025-07-18 12:00:00+00:00,2025-07-18 08:00:00-04:00,44.264103,37.871979,train,40.872754,40.872754,31.983908
2025-07-18 13:00:00+00:00,2025-07-18 09:00:00-04:00,55.172404,46.236038,train,44.264103,44.264103,36.263796
2025-07-18 14:00:00+00:00,2025-07-18 10:00:00-04:00,38.250591,50.336146,train,55.172404,55.172404,36.778633
2025-07-18 15:00:00+00:00,2025-07-18 11:00:00-04:00,38.782819,62.240141,train,38.250591,38.250591,51.855515
2025-07-18 16:00:00+00:00,2025-07-18 12:00:00-04:00,49.321416,75.773719,train,38.782819,38.782819,181.868509
2025-07-18 17:00:00+00:00,2025-07-18 13:00:00-04:00,52.805878,85.235251,train,49.321416,49.321416,331.165019
2025-07-18 18:00:00+00:00,2025-07-18 14:00:00-04:00,87.525527,103.449892,train,52.805878,52.805878,322.169248
2025-07-18 19:00:00+00:00,2025-07-18 15:00:00-04:00,137.707018,106.496587,train,87.525527,87.525527,354.097253
2025-07-18 20:00:00+00:00,2025-07-18 16:00:00-04:00,111.119658,110.640198,train,137.707018,137.707018,362.399024
2025-07-18 21:00:00+00:00,2025-07-18 17:00:00-04:00,73.179331,106.09717,train,111.119658,111.119658,397.698071
2025-07-18 22:00:00+00:00,2025-07-18 18:00:00-04:00,105.689045,80.190366,train,73.179331,73.179331,401.970265
2025-07-18 23:00:00+00:00,2025-07-18 19:00:00-04:00,91.224413,80.533288,train,105.689045,105.689045,293.963314
2025-07-19 00:00:00+00:00,2025-07-18 20:00:00-04:00,86.828213,75.570408,train,91.224413,91.224413,227.275995
2025-07-19 01:00:00+00:00,2025-07-18 21:00:00-04:00,84.277904,64.431901,train,86.828213,86.828213,150.835576
2025-07-19 02:00:00+00:00,2025-07-18 22:00:00-04:00,79.99391,51.38465,train,84.277904,84.277904,86.928628
2025-07-19 03:00:00+00:00,2025-07-18 23:00:00-04:00,42.252417,42.053124,train,79.99391,79.99391,93.385721
2025-07-19 04:00:00+00:00,2025-07-19 00:00:00-04:00,40.304093,40.963776,train,42.252417,42.252417,38.642754
2025-07-19 05:00:00+00:00,2025-07-19 01:00:00-04:00,37.645394,37.259542,train,40.304093,40.304093,44.177992
2025-07-19 06:00:00+00:00,2025-07-19 02:00:00-04:00,28.677066,31.116363,train,37.645394,37.645394,35.905795
2025-07-19 07:00:00+00:00,2025-07-19 03:00:00-04:00,26.944522,28.499319,train,28.677066,28.677066,32.932967
2025-07-19 08:00:00+00:00,2025-07-19 04:00:00-04:00,24.440368,28.341095,train,26.944522,26.944522,36.522654
2025-07-19 09:00:00+00:00,2025-07-19 05:00:00-04:00,23.981448,29.919456,train,24.440368,24.440368,43.130476
2025-07-19 10:00:00+00:00,2025-07-19 06:00:00-04:00,24.562303,29.176504,train,23.981448,23.981448,56.655337
2025-07-19 11:00:00+00:00,2025-07-19 07:00:00-04:00,25.275084,28.335959,train,24.562303,24.562303,40.872754
2025-07-19 12:00:00+00:00,2025-07-19 08:00:00-04:00,30.60418,31.063288,train,25.275084,25.275084,44.264103
2025-07-19 13:00:00+00:00,2025-07-19 09:00:00-04:00,38.445497,36.382938,train,30.60418,30.60418,55.172404
2025-07-19 14:00:00+00:00,2025-07-19 10:00:00-04:00,38.072116,41.870248,train,38.445497,38.445497,38.250591
2025-07-19 15:00:00+00:00,2025-07-19 11:00:00-04:00,35.639161,52.427741,train,38.072116,38.072116,38.782819
2025-07-19 16:00:00+00:00,2025-07-19 12:00:00-04:00,101.222166,60.318715,train,35.639161,35.639161,49.321416
2025-07-19 17:00:00+00:00,2025-07-19 13:00:00-04:00,49.079314,67.934302,train,101.222166,101.222166,52.805878
2025-07-19 18:00:00+00:00,2025-07-19 14:00:00-04:00,90.808522,73.358575,train,49.079314,49.079314,87.525527
2025-07-19 19:00:00+00:00,2025-07-19 15:00:00-04:00,170.229054,80.71918,train,90.808522,90.808522,137.707018
2025-07-19 20:00:00+00:00,2025-07-19 16:00:00-04:00,93.844991,97.46719,train,170.229054,170.229054,111.119658
2025-07-19 21:00:00+00:00,2025-07-19 17:00:00-04:00,86.27953,104.494988,train,93.844991,93.844991,73.179331
2025-07-19 22:00:00+00:00,2025-07-19 18:00:00-04:00,63.009385,108.385518,train,86.27953,86.27953,105.689045
2025-07-19 23:00:00+00:00,2025-07-19 19:00:00-04:00,58.287079,101.412112,train,63.009385,63.009385,91.224413
2025-07-20 00:00:00+00:00,2025-07-19 20:00:00-04:00,59.990855,84.156315,train,58.287079,58.287079,86.828213
2025-07-20 01:00:00+00:00,2025-07-19 21:00:00-04:00,96.711673,68.367358,train,59.990855,59.990855,84.277904
2025-07-20 02:00:00+00:00,2025-07-19 22:00:00-04:00,39.978957,61.388309,train,96.711673,96.711673,79.99391
2025-07-20 03:00:00+00:00,2025-07-19 23:00:00-04:00,30.179509,48.09659,train,39.978957,39.978957,42.252417
2025-07-20 04:00:00+00:00,2025-07-20 00:00:00-04:00,31.85802,37.583897,train,30.179509,30.179509,40.304093
2025-07-20 05:00:00+00:00,2025-07-20 01:00:00-04:00,35.066052,33.07409,train,31.85802,31.85802,37.645394
2025-07-20 06:00:00+00:00,2025-07-20 02:00:00-04:00,27.904304,28.39126,train,35.066052,35.066052,28.677066
2025-07-20 07:00:00+00:00,2025-07-20 03:00:00-04:00,25.044881,26.342933,train,27.904304,27.904304,26.944522
2025-07-20 08:00:00+00:00,2025-07-20 04:00:00-04:00,21.73715,26.872817,train,25.044881,25.044881,24.440368
2025-07-20 09:00:00+00:00,2025-07-20 05:00:00-04:00,23.771288,27.039256,train,21.73715,21.73715,23.981448
2025-07-20 10:00:00+00:00,2025-07-20 06:00:00-04:00,22.918666,26.581048,train,23.771288,23.771288,24.562303
2025-07-20 11:00:00+00:00,2025-07-20 07:00:00-04:00,21.760353,24.957937,train,22.918666,22.918666,25.275084
2025-07-20 12:00:00+00:00,2025-07-20 08:00:00-04:00,27.351977,26.985043,train,21.760353,21.760353,30.60418
2025-07-20 13:00:00+00:00,2025-07-20 09:00:00-04:00,31.774482,33.540754,train,27.351977,27.351977,38.445497
2025-07-20 14:00:00+00:00,2025-07-20 10:00:00-04:00,29.557609,40.137227,train,31.774482,31.774482,38.072116
2025-07-20 15:00:00+00:00,2025-07-20 11:00:00-04:00,33.837971,54.958088,train,29.557609,29.557609,35.639161
2025-07-20 16:00:00+00:00,2025-07-20 12:00:00-04:00,41.394846,84.460391,train,33.837971,33.837971,101.222166
2025-07-20 17:00:00+00:00,2025-07-20 13:00:00-04:00,42.202437,104.339049,train,41.394846,41.394846,49.079314
2025-07-20 18:00:00+00:00,2025-07-20 14:00:00-04:00,44.973208,121.683018,train,42.202437,42.202437,90.808522
2025-07-20 19:00:00+00:00,2025-07-20 15:00:00-04:00,41.213654,162.532787,train,44.973208,44.973208,170.229054
2025-07-20 20:00:00+00:00,2025-07-20 16:00:00-04:00,192.870822,251.000236,train,41.213654,41.213654,93.844991
2025-07-20 21:00:00+00:00,2025-07-20 17:00:00-04:00,229.613534,268.631933,train,192.870822,192.870822,86.27953
2025-07-20 22:00:00+00:00,2025-07-20 18:00:00-04:00,352.183389,255.937135,train,229.613534,229.613534,63.009385
2025-07-20 23:00:00+00:00,2025-07-20 19:00:00-04:00,148.670454,220.000156,train,352.183389,352.183389,58.287079
2025-07-21 00:00:00+00:00,2025-07-20 20:00:00-04:00,61.840302,125.714928,train,148.670454,148.670454,59.990855
2025-07-21 01:00:00+00:00,2025-07-20 21:00:00-04:00,48.917447,78.139256,train,61.840302,61.840302,96.711673
2025-07-21 02:00:00+00:00,2025-07-20 22:00:00-04:00,41.699873,57.767465,train,48.917447,48.917447,39.978957
2025-07-21 03:00:00+00:00,2025-07-20 23:00:00-04:00,34.838421,43.967221,train,41.699873,41.699873,30.179509
2025-07-21 04:00:00+00:00,2025-07-21 00:00:00-04:00,34.282403,34.196905,train,34.838421,34.838421,31.85802
2025-07-21 05:00:00+00:00,2025-07-21 01:00:00-04:00,33.048399,31.378145,train,34.282403,34.282403,35.066052
2025-07-21 06:00:00+00:00,2025-07-21 02:00:00-04:00,27.365812,25.384409,train,33.048399,33.048399,27.904304
2025-07-21 07:00:00+00:00,2025-07-21 03:00:00-04:00,25.067229,24.920778,train,27.365812,27.365812,25.044881
2025-07-21 08:00:00+00:00,2025-07-21 04:00:00-04:00,26.288729,26.203526,train,25.067229,25.067229,21.73715
2025-07-21 09:00:00+00:00,2025-07-21 05:00:00-04:00,28.647617,29.998483,train,26.288729,26.288729,23.771288
2025-07-21 10:00:00+00:00,2025-07-21 06:00:00-04:00,30.509674,34.409221,train,28.647617,28.647617,22.918666
2025-07-21 11:00:00+00:00,2025-07-21 07:00:00-04:00,36.829644,34.155873,train,30.509674,30.509674,21.760353
2025-07-21 12:00:00+00:00,2025-07-21 08:00:00-04:00,35.039428,34.828037,train,36.829644,36.829644,27.351977
2025-07-21 13:00:00+00:00,2025-07-21 09:00:00-04:00,40.396213,38.211571,train,35.039428,35.039428,31.774482
2025-07-21 14:00:00+00:00,2025-07-21 10:00:00-04:00,33.264694,40.996036,train,40.396213,40.396213,29.557609
2025-07-21 15:00:00+00:00,2025-07-21 11:00:00-04:00,37.275018,51.776334,train,33.264694,33.264694,33.837971
2025-07-21 16:00:00+00:00,2025-07-21 12:00:00-04:00,41.604708,61.5447,train,37.275018,37.275018,41.394846
2025-07-21 17:00:00+00:00,2025-07-21 13:00:00-04:00,48.728693,67.841776,train,41.604708,41.604708,42.202437
2025-07-21 18:00:00+00:00,2025-07-21 14:00:00-04:00,52.442035,79.846954,train,48.728693,48.728693,44.973208
2025-07-21 19:00:00+00:00,2025-07-21 15:00:00-04:00,41.085832,84.851908,train,52.442035,52.442035,41.213654
2025-07-21 20:00:00+00:00,2025-07-21 16:00:00-04:00,65.958184,91.706601,train,41.085832,41.085832,192.870822
2025-07-21 21:00:00+00:00,2025-07-21 17:00:00-04:00,63.404273,96.048866,train,65.958184,65.958184,229.613534
2025-07-21 22:00:00+00:00,2025-07-21 18:00:00-04:00,72.176726,90.901047,train,63.404273,63.404273,352.183389
2025-07-21 23:00:00+00:00,2025-07-21 19:00:00-04:00,94.713842,87.879696,train,72.176726,72.176726,148.670454
2025-07-22 00:00:00+00:00,2025-07-21 20:00:00-04:00,56.449717,72.852055,train,94.713842,94.713842,61.840302
2025-07-22 01:00:00+00:00,2025-07-21 21:00:00-04:00,51.504583,57.606296,train,56.449717,56.449717,48.917447
2025-07-22 02:00:00+00:00,2025-07-21 22:00:00-04:00,36.947798,43.406629,train,51.504583,51.504583,41.699873
2025-07-22 03:00:00+00:00,2025-07-21 23:00:00-04:00,28.11169,33.197867,train,36.947798,36.947798,34.838421
2025-07-22 04:00:00+00:00,2025-07-22 00:00:00-04:00,25.779654,25.438245,train,28.11169,28.11169,34.282403
2025-07-22 05:00:00+00:00,2025-07-22 01:00:00-04:00,25.730495,24.485685,train,25.779654,25.779654,33.048399
2025-07-22 06:00:00+00:00,2025-07-22 02:00:00-04:00,22.780862,23.201748,train,25.730495,25.730495,27.365812
2025-07-22 07:00:00+00:00,2025-07-22 03:00:00-04:00,21.640347,22.269175,train,22.780862,22.780862,25.067229
2025-07-22 08:00:00+00:00,2025-07-22 04:00:00-04:00,22.082851,22.53424,train,21.640347,21.640347,26.288729
2025-07-22 09:00:00+00:00,2025-07-22 05:00:00-04:00,26.630728,24.219437,train,22.082851,22.082851,28.647617
2025-07-22 10:00:00+00:00,2025-07-22 06:00:00-04:00,25.173992,27.304699,train,26.630728,26.630728,30.509674
2025-07-22 11:00:00+00:00,2025-07-22 07:00:00-04:00,23.931283,26.77895,train,25.173992,25.173992,36.829644
2025-07-22 12:00:00+00:00,2025-07-22 08:00:00-04:00,22.025808,24.58473,train,23.931283,23.931283,35.039428
2025-07-22 13:00:00+00:00,2025-07-22 09:00:00-04:00,24.934293,24.949998,train,22.025808,22.025808,40.396213
2025-07-22 14:00:00+00:00,2025-07-22 10:00:00-04:00,30.353846,28.8558,train,24.934293,24.934293,33.264694
2025-07-22 15:00:00+00:00,2025-07-22 11:00:00-04:00,33.801491,34.677901,train,30.353846,30.353846,37.275018
2025-07-22 16:00:00+00:00,2025-07-22 12:00:00-04:00,32.785619,41.154851,train,33.801491,33.801491,41.604708
2025-07-22 17:00:00+00:00,2025-07-22 13:00:00-04:00,40.901895,47.368672,train,32.785619,32.785619,48.728693
2025-07-22 18:00:00+00:00,2025-07-22 14:00:00-04:00,52.902908,53.25866,train,40.901895,40.901895,52.442035
2025-07-22 19:00:00+00:00,2025-07-22 15:00:00-04:00,50.738629,56.105873,train,52.902908,52.902908,41.085832
2025-07-22 20:00:00+00:00,2025-07-22 16:00:00-04:00,52.34811,64.525414,train,50.738629,50.738629,65.958184
2025-07-22 21:00:00+00:00,2025-07-22 17:00:00-04:00,49.076361,71.250218,train,52.34811,52.34811,63.404273
2025-07-22 22:00:00+00:00,2025-07-22 18:00:00-04:00,57.472791,78.491125,train,49.076361,49.076361,72.176726
2025-07-22 23:00:00+00:00,2025-07-22 19:00:00-04:00,104.179611,87.518911,train,57.472791,57.472791,94.713842
2025-07-23 00:00:00+00:00,2025-07-22 20:00:00-04:00,56.681361,72.199016,train,104.179611,104.179611,56.449717
2025-07-23 01:00:00+00:00,2025-07-22 21:00:00-04:00,42.91222,49.987682,train,56.681361,56.681361,51.504583
2025-07-23 02:00:00+00:00,2025-07-22 22:00:00-04:00,47.92486,40.804897,train,42.91222,42.91222,36.947798
2025-07-23 03:00:00+00:00,2025-07-22 23:00:00-04:00,31.025536,34.663415,train,47.92486,47.92486,28.11169
2025-07-23 04:00:00+00:00,2025-07-23 00:00:00-04:00,27.3677,28.944104,train,31.025536,31.025536,25.779654
2025-07-23 05:00:00+00:00,2025-07-23 01:00:00-04:00,26.046086,25.691394,train,27.3677,27.3677,25.730495
2025-07-23 06:00:00+00:00,2025-07-23 02:00:00-04:00,23.667634,22.746987,train,26.046086,26.046086,22.780862
2025-07-23 07:00:00+00:00,2025-07-23 03:00:00-04:00,22.185309,21.353614,train,23.667634,23.667634,21.640347
2025-07-23 08:00:00+00:00,2025-07-23 04:00:00-04:00,21.850181,21.129335,train,22.185309,22.185309,22.082851
2025-07-23 09:00:00+00:00,2025-07-23 05:00:00-04:00,26.799899,22.676767,train,21.850181,21.850181,26.630728
2025-07-23 10:00:00+00:00,2025-07-23 06:00:00-04:00,27.833113,26.482263,train,26.799899,26.799899,25.173992
2025-07-23 11:00:00+00:00,2025-07-23 07:00:00-04:00,26.983784,27.211544,train,27.833113,27.833113,23.931283
2025-07-23 12:00:00+00:00,2025-07-23 08:00:00-04:00,27.032807,27.614168,train,26.983784,26.983784,22.025808
2025-07-23 13:00:00+00:00,2025-07-23 09:00:00-04:00,27.761608,29.231629,train,27.032807,27.032807,24.934293
2025-07-23 14:00:00+00:00,2025-07-23 10:00:00-04:00,15.038972,32.713419,train,27.761608,27.761608,30.353846
2025-07-23 15:00:00+00:00,2025-07-23 11:00:00-04:00,31.753644,38.52289,train,15.038972,15.038972,33.801491
2025-07-23 16:00:00+00:00,2025-07-23 12:00:00-04:00,34.346361,45.988248,train,31.753644,31.753644,32.785619
2025-07-23 17:00:00+00:00,2025-07-23 13:00:00-04:00,37.780716,53.226008,train,34.346361,34.346361,40.901895
2025-07-23 18:00:00+00:00,2025-07-23 14:00:00-04:00,35.804604,60.367557,train,37.780716,37.780716,52.902908
2025-07-23 19:00:00+00:00,2025-07-23 15:00:00-04:00,57.605028,72.067279,train,35.804604,35.804604,50.738629
2025-07-23 20:00:00+00:00,2025-07-23 16:00:00-04:00,49.246031,86.856157,train,57.605028,57.605028,52.34811
2025-07-23 21:00:00+00:00,2025-07-23 17:00:00-04:00,52.957667,103.919261,train,49.246031,49.246031,49.076361
2025-07-23 22:00:00+00:00,2025-07-23 18:00:00-04:00,61.861269,106.767506,train,52.957667,52.957667,57.472791
2025-07-23 23:00:00+00:00,2025-07-23 19:00:00-04:00,107.304856,102.519858,train,61.861269,61.861269,104.179611
2025-07-24 00:00:00+00:00,2025-07-23 20:00:00-04:00,55.36571,74.094437,train,107.304856,107.304856,56.681361
2025-07-24 01:00:00+00:00,2025-07-23 21:00:00-04:00,43.131055,53.755227,train,55.36571,55.36571,42.91222
2025-07-24 02:00:00+00:00,2025-07-23 22:00:00-04:00,38.588471,42.361414,train,43.131055,43.131055,47.92486
2025-07-24 03:00:00+00:00,2025-07-23 23:00:00-04:00,39.501646,38.903273,train,38.588471,38.588471,31.025536
2025-07-24 04:00:00+00:00,2025-07-24 00:00:00-04:00,29.660834,32.535088,train,39.501646,39.501646,27.3677
2025-07-24 05:00:00+00:00,2025-07-24 01:00:00-04:00,27.391365,28.380529,train,29.660834,29.660834,26.046086
2025-07-24 06:00:00+00:00,2025-07-24 02:00:00-04:00,25.923131,26.008605,train,27.391365,27.391365,23.667634
2025-07-24 07:00:00+00:00,2025-07-24 03:00:00-04:00,22.595507,24.459898,train,25.923131,25.923131,22.185309
2025-07-24 08:00:00+00:00,2025-07-24 04:00:00-04:00,22.55043,24.1425,train,22.595507,22.595507,21.850181
2025-07-24 09:00:00+00:00,2025-07-24 05:00:00-04:00,27.384242,25.721456,train,22.55043,22.55043,26.799899
2025-07-24 10:00:00+00:00,2025-07-24 06:00:00-04:00,31.207062,28.559761,train,27.384242,27.384242,27.833113
2025-07-24 11:00:00+00:00,2025-07-24 07:00:00-04:00,34.668914,30.24312,train,31.207062,31.207062,26.983784
2025-07-24 12:00:00+00:00,2025-07-24 08:00:00-04:00,34.932261,31.041506,train,34.668914,34.668914,27.032807
2025-07-24 13:00:00+00:00,2025-07-24 09:00:00-04:00,33.007582,34.162193,train,34.932261,34.932261,27.761608
2025-07-24 14:00:00+00:00,2025-07-24 10:00:00-04:00,30.781378,40.384504,train,33.007582,33.007582,15.038972
2025-07-24 15:00:00+00:00,2025-07-24 11:00:00-04:00,50.599572,46.789443,train,30.781378,30.781378,31.753644
2025-07-24 16:00:00+00:00,2025-07-24 12:00:00-04:00,98.830668,65.962143,train,50.599572,50.599572,34.346361
2025-07-24 17:00:00+00:00,2025-07-24 13:00:00-04:00,61.525576,84.300725,train,98.830668,98.830668,37.780716
2025-07-24 18:00:00+00:00,2025-07-24 14:00:00-04:00,59.579763,102.035941,train,61.525576,61.525576,35.804604
2025-07-24 19:00:00+00:00,2025-07-24 15:00:00-04:00,49.396604,114.161028,train,59.579763,59.579763,57.605028
2025-07-24 20:00:00+00:00,2025-07-24 16:00:00-04:00,43.508901,152.502454,train,49.396604,49.396604,49.246031
2025-07-24 21:00:00+00:00,2025-07-24 17:00:00-04:00,43.694779,181.428737,train,43.508901,43.508901,52.957667
2025-07-24 22:00:00+00:00,2025-07-24 18:00:00-04:00,69.934663,192.031789,train,43.694779,43.694779,61.861269
2025-07-24 23:00:00+00:00,2025-07-24 19:00:00-04:00,101.151211,207.747074,train,69.934663,69.934663,107.304856
2025-07-25 00:00:00+00:00,2025-07-24 20:00:00-04:00,83.304311,129.095871,train,101.151211,101.151211,55.36571
2025-07-25 01:00:00+00:00,2025-07-24 21:00:00-04:00,63.952381,78.007893,train,83.304311,83.304311,43.131055
2025-07-25 02:00:00+00:00,2025-07-24 22:00:00-04:00,68.866232,61.962315,train,63.952381,63.952381,38.588471
2025-07-25 03:00:00+00:00,2025-07-24 23:00:00-04:00,68.943703,50.561057,train,68.866232,68.866232,39.501646
2025-07-25 04:00:00+00:00,2025-07-25 00:00:00-04:00,39.353294,36.673909,train,68.943703,68.943703,29.660834
2025-07-25 05:00:00+00:00,2025-07-25 01:00:00-04:00,29.425645,33.707158,train,39.353294,39.353294,27.391365
2025-07-25 06:00:00+00:00,2025-07-25 02:00:00-04:00,27.759531,28.713379,train,29.425645,29.425645,25.923131
2025-07-25 07:00:00+00:00,2025-07-25 03:00:00-04:00,24.999935,27.858095,train,27.759531,27.759531,22.595507
2025-07-25 08:00:00+00:00,2025-07-25 04:00:00-04:00,26.198237,27.594597,train,24.999935,24.999935,22.55043
2025-07-25 09:00:00+00:00,2025-07-25 05:00:00-04:00,30.697393,29.450382,train,26.198237,26.198237,27.384242
2025-07-25 10:00:00+00:00,2025-07-25 06:00:00-04:00,34.696943,34.828184,train,30.697393,30.697393,31.207062
2025-07-25 11:00:00+00:00,2025-07-25 07:00:00-04:00,34.66102,34.743671,train,34.696943,34.696943,34.668914
2025-07-25 12:00:00+00:00,2025-07-25 08:00:00-04:00,37.153773,35.345451,train,34.66102,34.66102,34.932261
2025-07-25 13:00:00+00:00,2025-07-25 09:00:00-04:00,60.187286,45.120691,train,37.153773,37.153773,33.007582
2025-07-25 14:00:00+00:00,2025-07-25 10:00:00-04:00,33.787191,54.23746,train,60.187286,60.187286,30.781378
2025-07-25 15:00:00+00:00,2025-07-25 11:00:00-04:00,81.031274,89.800055,train,33.787191,33.787191,50.599572
2025-07-25 16:00:00+00:00,2025-07-25 12:00:00-04:00,135.218288,147.042327,train,81.031274,81.031274,98.830668
2025-07-25 17:00:00+00:00,2025-07-25 13:00:00-04:00,239.100198,209.999834,train,135.218288,135.218288,61.525576
2025-07-25 18:00:00+00:00,2025-07-25 14:00:00-04:00,266.085984,273.709257,train,239.100198,239.100198,59.579763
2025-07-25 19:00:00+00:00,2025-07-25 15:00:00-04:00,158.163274,373.243418,train,266.085984,266.085984,49.396604
2025-07-25 20:00:00+00:00,2025-07-25 16:00:00-04:00,140.639931,413.00001,train,158.163274,158.163274,43.508901
2025-07-25 21:00:00+00:00,2025-07-25 17:00:00-04:00,109.433894,440.000029,train,140.639931,140.639931,43.694779
2025-07-25 22:00:00+00:00,2025-07-25 18:00:00-04:00,54.49502,390.020149,train,109.433894,109.433894,69.934663
2025-07-25 23:00:00+00:00,2025-07-25 19:00:00-04:00,54.43455,364.669843,train,54.49502,54.49502,101.151211
2025-07-26 00:00:00+00:00,2025-07-25 20:00:00-04:00,48.516313,195.39006,train,54.43455,54.43455,83.304311
2025-07-26 01:00:00+00:00,2025-07-25 21:00:00-04:00,44.635511,117.85124,train,48.516313,48.516313,63.952381
2025-07-26 02:00:00+00:00,2025-07-25 22:00:00-04:00,39.500782,91.940117,train,44.635511,44.635511,68.866232
2025-07-26 03:00:00+00:00,2025-07-25 23:00:00-04:00,32.767648,50.665281,train,39.500782,39.500782,68.943703
2025-07-26 04:00:00+00:00,2025-07-26 00:00:00-04:00,39.589555,40.020101,train,32.767648,32.767648,39.353294
2025-07-26 05:00:00+00:00,2025-07-26 01:00:00-04:00,31.998012,36.541213,train,39.589555,39.589555,29.425645
2025-07-26 06:00:00+00:00,2025-07-26 02:00:00-04:00,30.121211,31.19271,train,31.998012,31.998012,27.759531
2025-07-26 07:00:00+00:00,2025-07-26 03:00:00-04:00,26.505883,26.582621,train,30.121211,30.121211,24.999935
2025-07-26 08:00:00+00:00,2025-07-26 04:00:00-04:00,25.520625,25.971207,train,26.505883,26.505883,26.198237
2025-07-26 09:00:00+00:00,2025-07-26 05:00:00-04:00,25.450017,26.343919,train,25.520625,25.520625,30.697393
2025-07-26 10:00:00+00:00,2025-07-26 06:00:00-04:00,24.909708,26.488223,train,25.450017,25.450017,34.696943
2025-07-26 11:00:00+00:00,2025-07-26 07:00:00-04:00,24.361958,26.473161,train,24.909708,24.909708,34.66102
2025-07-26 12:00:00+00:00,2025-07-26 08:00:00-04:00,26.9394,30.372321,train,24.361958,24.361958,37.153773
2025-07-26 13:00:00+00:00,2025-07-26 09:00:00-04:00,34.075031,37.711367,train,26.9394,26.9394,60.187286
2025-07-26 14:00:00+00:00,2025-07-26 10:00:00-04:00,35.579294,44.770096,train,34.075031,34.075031,33.787191
2025-07-26 15:00:00+00:00,2025-07-26 11:00:00-04:00,81.482288,59.109921,train,35.579294,35.579294,81.031274
2025-07-26 16:00:00+00:00,2025-07-26 12:00:00-04:00,45.724019,81.930139,train,81.482288,81.482288,135.218288
2025-07-26 17:00:00+00:00,2025-07-26 13:00:00-04:00,114.780039,108.000433,train,45.724019,45.724019,239.100198
2025-07-26 18:00:00+00:00,2025-07-26 14:00:00-04:00,44.88024,134.120235,train,114.780039,114.780039,266.085984
2025-07-26 19:00:00+00:00,2025-07-26 15:00:00-04:00,49.018331,150.799951,train,44.88024,44.88024,158.163274
2025-07-26 20:00:00+00:00,2025-07-26 16:00:00-04:00,54.224934,149.18989,train,49.018331,49.018331,140.639931
2025-07-26 21:00:00+00:00,2025-07-26 17:00:00-04:00,52.48458,149.94995,train,54.224934,54.224934,109.433894
2025-07-26 22:00:00+00:00,2025-07-26 18:00:00-04:00,67.516366,123.999935,train,52.48458,52.48458,54.49502
2025-07-26 23:00:00+00:00,2025-07-26 19:00:00-04:00,86.519808,120.36512,train,67.516366,67.516366,54.43455
2025-07-27 00:00:00+00:00,2025-07-26 20:00:00-04:00,54.346442,85.476442,train,86.519808,86.519808,48.516313
2025-07-27 01:00:00+00:00,2025-07-26 21:00:00-04:00,54.791172,64.120211,train,54.346442,54.346442,44.635511
2025-07-27 02:00:00+00:00,2025-07-26 22:00:00-04:00,74.962667,45.582453,train,54.791172,54.791172,39.500782
2025-07-27 03:00:00+00:00,2025-07-26 23:00:00-04:00,41.627127,38.018745,train,74.962667,74.962667,32.767648
2025-07-27 04:00:00+00:00,2025-07-27 00:00:00-04:00,36.759069,33.382884,train,41.627127,41.627127,39.589555
2025-07-27 05:00:00+00:00,2025-07-27 01:00:00-04:00,33.699582,32.360041,train,36.759069,36.759069,31.998012
2025-07-27 06:00:00+00:00,2025-07-27 02:00:00-04:00,28.770677,27.31685,train,33.699582,33.699582,30.121211
2025-07-27 07:00:00+00:00,2025-07-27 03:00:00-04:00,24.00204,25.010411,train,28.770677,28.770677,26.505883
2025-07-27 08:00:00+00:00,2025-07-27 04:00:00-04:00,23.848033,24.026062,train,24.00204,24.00204,25.520625
2025-07-27 09:00:00+00:00,2025-07-27 05:00:00-04:00,24.821614,25.173274,train,23.848033,23.848033,25.450017
2025-07-27 10:00:00+00:00,2025-07-27 06:00:00-04:00,22.535062,24.537961,train,24.821614,24.821614,24.909708
2025-07-27 11:00:00+00:00,2025-07-27 07:00:00-04:00,26.633056,26.18348,train,22.535062,22.535062,24.361958
2025-07-27 12:00:00+00:00,2025-07-27 08:00:00-04:00,27.182925,27.547845,train,26.633056,26.633056,26.9394
2025-07-27 13:00:00+00:00,2025-07-27 09:00:00-04:00,131.79896,33.585457,train,27.182925,27.182925,34.075031
2025-07-27 14:00:00+00:00,2025-07-27 10:00:00-04:00,83.254904,41.972154,train,131.79896,131.79896,35.579294
2025-07-27 15:00:00+00:00,2025-07-27 11:00:00-04:00,108.702087,59.370029,train,83.254904,83.254904,81.482288
2025-07-27 16:00:00+00:00,2025-07-27 12:00:00-04:00,53.826578,87.840243,train,108.702087,108.702087,45.724019
2025-07-27 17:00:00+00:00,2025-07-27 13:00:00-04:00,59.170774,115.000122,train,53.826578,53.826578,114.780039
2025-07-27 18:00:00+00:00,2025-07-27 14:00:00-04:00,51.28566,124.590046,train,59.170774,59.170774,44.88024
2025-07-27 19:00:00+00:00,2025-07-27 15:00:00-04:00,63.659517,138.000117,train,51.28566,51.28566,49.018331
2025-07-27 20:00:00+00:00,2025-07-27 16:00:00-04:00,109.516229,148.55816,train,63.659517,63.659517,54.224934
2025-07-27 21:00:00+00:00,2025-07-27 17:00:00-04:00,60.12365,146.579434,train,109.516229,109.516229,52.48458
2025-07-27 22:00:00+00:00,2025-07-27 18:00:00-04:00,55.974244,141.982571,train,60.12365,60.12365,67.516366
2025-07-27 23:00:00+00:00,2025-07-27 19:00:00-04:00,63.146977,135.339974,train,55.974244,55.974244,86.519808
2025-07-28 00:00:00+00:00,2025-07-27 20:00:00-04:00,66.721475,98.610098,train,63.146977,63.146977,54.346442
2025-07-28 01:00:00+00:00,2025-07-27 21:00:00-04:00,49.145331,73.79,train,66.721475,66.721475,54.791172
2025-07-28 02:00:00+00:00,2025-07-27 22:00:00-04:00,53.348812,62.397412,train,49.145331,49.145331,74.962667
2025-07-28 03:00:00+00:00,2025-07-27 23:00:00-04:00,34.449305,46.964931,train,53.348812,53.348812,41.627127
2025-07-28 04:00:00+00:00,2025-07-28 00:00:00-04:00,30.19218,41.569853,train,34.449305,34.449305,36.759069
2025-07-28 05:00:00+00:00,2025-07-28 01:00:00-04:00,29.562242,34.086424,train,30.19218,30.19218,33.699582
2025-07-28 06:00:00+00:00,2025-07-28 02:00:00-04:00,26.101525,30.065445,train,29.562242,29.562242,28.770677
2025-07-28 07:00:00+00:00,2025-07-28 03:00:00-04:00,23.109113,27.482044,train,26.101525,26.101525,24.00204
2025-07-28 08:00:00+00:00,2025-07-28 04:00:00-04:00,26.235791,29.098345,train,23.109113,23.109113,23.848033
2025-07-28 09:00:00+00:00,2025-07-28 05:00:00-04:00,31.318562,32.072869,train,26.235791,26.235791,24.821614
2025-07-28 10:00:00+00:00,2025-07-28 06:00:00-04:00,35.676,37.508517,train,31.318562,31.318562,22.535062
2025-07-28 11:00:00+00:00,2025-07-28 07:00:00-04:00,39.62093,40.13724,train,35.676,35.676,26.633056
2025-07-28 12:00:00+00:00,2025-07-28 08:00:00-04:00,44.995108,43.882516,train,39.62093,39.62093,27.182925
2025-07-28 13:00:00+00:00,2025-07-28 09:00:00-04:00,35.522572,60.624776,train,44.995108,44.995108,131.79896
2025-07-28 14:00:00+00:00,2025-07-28 10:00:00-04:00,41.091979,68.106666,train,35.522572,35.522572,83.254904
2025-07-28 15:00:00+00:00,2025-07-28 11:00:00-04:00,135.300398,108.716141,train,41.091979,41.091979,108.702087
2025-07-28 16:00:00+00:00,2025-07-28 12:00:00-04:00,209.251836,130.98452,train,135.300398,135.300398,53.826578
2025-07-28 17:00:00+00:00,2025-07-28 13:00:00-04:00,65.708804,179.352867,train,209.251836,209.251836,59.170774
2025-07-28 18:00:00+00:00,2025-07-28 14:00:00-04:00,159.741943,227.019837,train,65.708804,65.708804,51.28566
2025-07-28 19:00:00+00:00,2025-07-28 15:00:00-04:00,309.863749,325.000191,train,159.741943,159.741943,63.659517
2025-07-28 20:00:00+00:00,2025-07-28 16:00:00-04:00,206.840932,375.558756,train,309.863749,309.863749,109.516229
2025-07-28 21:00:00+00:00,2025-07-28 17:00:00-04:00,166.563171,415.002106,train,206.840932,206.840932,60.12365
2025-07-28 22:00:00+00:00,2025-07-28 18:00:00-04:00,290.941614,387.724285,train,166.563171,166.563171,55.974244
2025-07-28 23:00:00+00:00,2025-07-28 19:00:00-04:00,556.535091,407.936863,train,290.941614,290.941614,63.146977
2025-07-29 00:00:00+00:00,2025-07-28 20:00:00-04:00,104.550273,242.537182,train,556.535091,556.535091,66.721475
2025-07-29 01:00:00+00:00,2025-07-28 21:00:00-04:00,72.714722,119.998872,train,104.550273,104.550273,49.145331
2025-07-29 02:00:00+00:00,2025-07-28 22:00:00-04:00,56.58282,81.752487,train,72.714722,72.714722,53.348812
2025-07-29 03:00:00+00:00,2025-07-28 23:00:00-04:00,52.653482,69.175906,train,56.58282,56.58282,34.449305
2025-07-29 04:00:00+00:00,2025-07-29 00:00:00-04:00,46.001764,49.931035,train,52.653482,52.653482,30.19218
2025-07-29 05:00:00+00:00,2025-07-29 01:00:00-04:00,38.762339,36.282895,train,46.001764,46.001764,29.562242
2025-07-29 06:00:00+00:00,2025-07-29 02:00:00-04:00,30.131793,31.384945,train,38.762339,38.762339,26.101525
2025-07-29 07:00:00+00:00,2025-07-29 03:00:00-04:00,26.396395,28.857624,train,30.131793,30.131793,23.109113
2025-07-29 08:00:00+00:00,2025-07-29 04:00:00-04:00,27.017142,28.726488,train,26.396395,26.396395,26.235791
2025-07-29 09:00:00+00:00,2025-07-29 05:00:00-04:00,30.069861,31.611697,train,27.017142,27.017142,31.318562
2025-07-29 10:00:00+00:00,2025-07-29 06:00:00-04:00,33.363885,36.601949,train,30.069861,30.069861,35.676
2025-07-29 11:00:00+00:00,2025-07-29 07:00:00-04:00,40.049284,38.728135,train,33.363885,33.363885,39.62093
2025-07-29 12:00:00+00:00,2025-07-29 08:00:00-04:00,49.999367,44.691018,train,40.049284,40.049284,44.995108
2025-07-29 13:00:00+00:00,2025-07-29 09:00:00-04:00,49.015664,58.534923,train,49.999367,49.999367,35.522572
2025-07-29 14:00:00+00:00,2025-07-29 10:00:00-04:00,58.445823,73.843447,train,49.015664,49.015664,41.091979
2025-07-29 15:00:00+00:00,2025-07-29 11:00:00-04:00,101.61025,125.229935,train,58.445823,58.445823,135.300398
2025-07-29 16:00:00+00:00,2025-07-29 12:00:00-04:00,89.245583,181.272438,train,101.61025,101.61025,209.251836
2025-07-29 17:00:00+00:00,2025-07-29 13:00:00-04:00,214.227555,276.712582,train,89.245583,89.245583,65.708804
2025-07-29 18:00:00+00:00,2025-07-29 14:00:00-04:00,271.073394,356.444679,train,214.227555,214.227555,159.741943
2025-07-29 19:00:00+00:00,2025-07-29 15:00:00-04:00,270.487178,449.999953,train,271.073394,271.073394,309.863749
2025-07-29 20:00:00+00:00,2025-07-29 16:00:00-04:00,227.517161,565.91854,train,270.487178,270.487178,206.840932
2025-07-29 21:00:00+00:00,2025-07-29 17:00:00-04:00,252.989273,664.904059,train,227.517161,227.517161,166.563171
2025-07-29 22:00:00+00:00,2025-07-29 18:00:00-04:00,316.247018,678.089345,train,252.989273,252.989273,290.941614
2025-07-29 23:00:00+00:00,2025-07-29 19:00:00-04:00,249.523085,568.959284,train,316.247018,316.247018,556.535091
2025-07-30 00:00:00+00:00,2025-07-29 20:00:00-04:00,71.471144,319.32428,train,249.523085,249.523085,104.550273
2025-07-30 01:00:00+00:00,2025-07-29 21:00:00-04:00,65.60495,162.438882,train,71.471144,71.471144,72.714722
2025-07-30 02:00:00+00:00,2025-07-29 22:00:00-04:00,60.093545,85.263383,train,65.60495,65.60495,56.58282
2025-07-30 03:00:00+00:00,2025-07-29 23:00:00-04:00,60.924954,67.03391,train,60.093545,60.093545,52.653482
2025-07-30 04:00:00+00:00,2025-07-30 00:00:00-04:00,58.505645,52.880507,train,60.924954,60.924954,46.001764
2025-07-30 05:00:00+00:00,2025-07-30 01:00:00-04:00,44.638943,37.147074,train,58.505645,58.505645,38.762339
2025-07-30 06:00:00+00:00,2025-07-30 02:00:00-04:00,36.075232,31.011782,train,44.638943,44.638943,30.131793
2025-07-30 07:00:00+00:00,2025-07-30 03:00:00-04:00,28.185276,28.106072,train,36.075232,36.075232,26.396395
2025-07-30 08:00:00+00:00,2025-07-30 04:00:00-04:00,29.112988,28.096567,train,28.185276,28.185276,27.017142
2025-07-30 09:00:00+00:00,2025-07-30 05:00:00-04:00,31.396614,30.439269,train,29.112988,29.112988,30.069861
2025-07-30 10:00:00+00:00,2025-07-30 06:00:00-04:00,37.908838,34.010914,train,31.396614,31.396614,33.363885
2025-07-30 11:00:00+00:00,2025-07-30 07:00:00-04:00,39.231031,35.302202,train,37.908838,37.908838,40.049284
2025-07-30 12:00:00+00:00,2025-07-30 08:00:00-04:00,45.163325,39.27997,train,39.231031,39.231031,49.999367
2025-07-30 13:00:00+00:00,2025-07-30 09:00:00-04:00,76.343124,58.408734,train,45.163325,45.163325,49.015664
2025-07-30 14:00:00+00:00,2025-07-30 10:00:00-04:00,82.107436,73.468166,train,76.343124,76.343124,58.445823
2025-07-30 15:00:00+00:00,2025-07-30 11:00:00-04:00,154.887212,137.408874,train,82.107436,82.107436,101.61025
2025-07-30 16:00:00+00:00,2025-07-30 12:00:00-04:00,192.765536,215.501188,train,154.887212,154.887212,89.245583
2025-07-30 17:00:00+00:00,2025-07-30 13:00:00-04:00,215.278926,278.663998,train,192.765536,192.765536,214.227555
2025-07-30 18:00:00+00:00,2025-07-30 14:00:00-04:00,301.544927,310.913153,train,215.278926,215.278926,271.073394
2025-07-30 19:00:00+00:00,2025-07-30 15:00:00-04:00,261.263392,356.139269,train,301.544927,301.544927,270.487178
2025-07-30 20:00:00+00:00,2025-07-30 16:00:00-04:00,256.803337,395.912736,train,261.263392,261.263392,227.517161
2025-07-30 21:00:00+00:00,2025-07-30 17:00:00-04:00,426.199322,420.558958,train,256.803337,256.803337,252.989273
2025-07-30 22:00:00+00:00,2025-07-30 18:00:00-04:00,295.49423,357.048276,train,426.199322,426.199322,316.247018
2025-07-30 23:00:00+00:00,2025-07-30 19:00:00-04:00,206.985715,333.339684,train,295.49423,295.49423,249.523085
2025-07-31 00:00:00+00:00,2025-07-30 20:00:00-04:00,123.032582,153.545302,train,206.985715,206.985715,71.471144
2025-07-31 01:00:00+00:00,2025-07-30 21:00:00-04:00,65.130084,95.524563,train,123.032582,123.032582,65.60495
2025-07-31 02:00:00+00:00,2025-07-30 22:00:00-04:00,48.538123,67.789955,train,65.130084,65.130084,60.093545
2025-07-31 03:00:00+00:00,2025-07-30 23:00:00-04:00,39.67023,43.071252,train,48.538123,48.538123,60.924954
2025-07-31 04:00:00+00:00,2025-07-31 00:00:00-04:00,63.170621,39.850981,train,39.67023,39.67023,58.505645
2025-07-31 05:00:00+00:00,2025-07-31 01:00:00-04:00,59.730654,38.036679,train,63.170621,63.170621,44.638943
2025-07-31 06:00:00+00:00,2025-07-31 02:00:00-04:00,42.447673,31.000237,train,59.730654,59.730654,36.075232
2025-07-31 07:00:00+00:00,2025-07-31 03:00:00-04:00,34.118033,28.043146,train,42.447673,42.447673,28.185276
2025-07-31 08:00:00+00:00,2025-07-31 04:00:00-04:00,31.999323,27.746581,train,34.118033,34.118033,29.112988
2025-07-31 09:00:00+00:00,2025-07-31 05:00:00-04:00,36.181458,32.860229,train,31.999323,31.999323,31.396614
2025-07-31 10:00:00+00:00,2025-07-31 06:00:00-04:00,42.17069,36.23166,train,36.181458,36.181458,37.908838
2025-07-31 11:00:00+00:00,2025-07-31 07:00:00-04:00,58.07236,37.143646,train,42.17069,42.17069,39.231031
2025-07-31 12:00:00+00:00,2025-07-31 08:00:00-04:00,73.29845,41.361461,train,58.07236,58.07236,45.163325
2025-07-31 13:00:00+00:00,2025-07-31 09:00:00-04:00,57.491063,46.177623,train,73.29845,73.29845,76.343124
2025-07-31 14:00:00+00:00,2025-07-31 10:00:00-04:00,108.005911,64.807947,train,57.491063,57.491063,82.107436
2025-07-31 15:00:00+00:00,2025-07-31 11:00:00-04:00,190.932053,94.600906,train,108.005911,108.005911,154.887212
2025-07-31 16:00:00+00:00,2025-07-31 12:00:00-04:00,191.437637,144.177805,train,190.932053,190.932053,192.765536
2025-07-31 17:00:00+00:00,2025-07-31 13:00:00-04:00,191.008921,153.783174,train,191.437637,191.437637,215.278926
2025-07-31 18:00:00+00:00,2025-07-31 14:00:00-04:00,138.190985,162.681769,train,191.008921,191.008921,301.544927
2025-07-31 19:00:00+00:00,2025-07-31 15:00:00-04:00,110.47138,155.418045,train,138.190985,138.190985,261.263392
2025-07-31 20:00:00+00:00,2025-07-31 16:00:00-04:00,53.614723,111.39703,train,110.47138,110.47138,256.803337
2025-07-31 21:00:00+00:00,2025-07-31 17:00:00-04:00,56.156079,100.612602,train,53.614723,53.614723,426.199322
2025-07-31 22:00:00+00:00,2025-07-31 18:00:00-04:00,50.728056,83.958377,train,56.156079,56.156079,295.49423
2025-07-31 23:00:00+00:00,2025-07-31 19:00:00-04:00,62.375611,70.370128,train,50.728056,50.728056,206.985715
2025-08-01 00:00:00+00:00,2025-07-31 20:00:00-04:00,60.119226,60.140927,train,62.375611,62.375611,123.032582
2025-08-01 01:00:00+00:00,2025-07-31 21:00:00-04:00,48.899029,45.72992,train,60.119226,60.119226,65.130084
2025-08-01 02:00:00+00:00,2025-07-31 22:00:00-04:00,37.630348,37.73139,train,48.899029,48.899029,48.538123
2025-08-01 03:00:00+00:00,2025-07-31 23:00:00-04:00,29.89798,32.11072,train,37.630348,37.630348,39.67023
2025-08-01 04:00:00+00:00,2025-08-01 00:00:00-04:00,30.461867,34.283829,train,29.89798,29.89798,63.170621
2025-08-01 05:00:00+00:00,2025-08-01 01:00:00-04:00,30.380267,31.068311,train,30.461867,30.461867,59.730654
2025-08-01 06:00:00+00:00,2025-08-01 02:00:00-04:00,24.37911,26.806529,train,30.380267,30.380267,42.447673
2025-08-01 07:00:00+00:00,2025-08-01 03:00:00-04:00,24.173403,25.442962,train,24.37911,24.37911,34.118033
2025-08-01 08:00:00+00:00,2025-08-01 04:00:00-04:00,23.143285,25.339689,train,24.173403,24.173403,31.999323
2025-08-01 09:00:00+00:00,2025-08-01 05:00:00-04:00,30.578489,31.08682,train,23.143285,23.143285,36.181458
2025-08-01 10:00:00+00:00,2025-08-01 06:00:00-04:00,28.175631,35.147334,train,30.578489,30.578489,42.17069
2025-08-01 11:00:00+00:00,2025-08-01 07:00:00-04:00,30.482256,34.588906,train,28.175631,28.175631,58.07236
2025-08-01 12:00:00+00:00,2025-08-01 08:00:00-04:00,29.404411,34.729911,train,30.482256,30.482256,73.29845
2025-08-01 13:00:00+00:00,2025-08-01 09:00:00-04:00,28.167844,36.480272,train,29.404411,29.404411,57.491063
2025-08-01 14:00:00+00:00,2025-08-01 10:00:00-04:00,30.728631,35.46822,train,28.167844,28.167844,108.005911
2025-08-01 15:00:00+00:00,2025-08-01 11:00:00-04:00,32.516715,36.581912,train,30.728631,30.728631,190.932053
2025-08-01 16:00:00+00:00,2025-08-01 12:00:00-04:00,27.883893,39.113442,train,32.516715,32.516715,191.437637
2025-08-01 17:00:00+00:00,2025-08-01 13:00:00-04:00,27.903558,42.126649,train,27.883893,27.883893,191.008921
2025-08-01 18:00:00+00:00,2025-08-01 14:00:00-04:00,29.883788,47.524254,train,27.903558,27.903558,138.190985
2025-08-01 19:00:00+00:00,2025-08-01 15:00:00-04:00,26.622026,49.395773,train,29.883788,29.883788,110.47138
2025-08-01 20:00:00+00:00,2025-08-01 16:00:00-04:00,26.616475,52.072571,train,26.622026,26.622026,53.614723
2025-08-01 21:00:00+00:00,2025-08-01 17:00:00-04:00,29.622587,56.70003,train,26.616475,26.616475,56.156079
2025-08-01 22:00:00+00:00,2025-08-01 18:00:00-04:00,31.858805,49.073648,train,29.622587,29.622587,50.728056
2025-08-01 23:00:00+00:00,2025-08-01 19:00:00-04:00,32.310931,50.403428,train,31.858805,31.858805,62.375611
2025-08-02 00:00:00+00:00,2025-08-01 20:00:00-04:00,35.723045,49.844673,train,32.310931,32.310931,60.119226
2025-08-02 01:00:00+00:00,2025-08-01 21:00:00-04:00,33.167581,40.067265,train,35.723045,35.723045,48.899029
2025-08-02 02:00:00+00:00,2025-08-01 22:00:00-04:00,24.787664,33.751119,train,33.167581,33.167581,37.630348
2025-08-02 03:00:00+00:00,2025-08-01 23:00:00-04:00,21.053112,26.08023,train,24.787664,24.787664,29.89798
2025-08-02 04:00:00+00:00,2025-08-02 00:00:00-04:00,21.059267,24.543953,train,21.053112,21.053112,30.461867
2025-08-02 05:00:00+00:00,2025-08-02 01:00:00-04:00,18.757962,22.97381,train,21.059267,21.059267,30.380267
2025-08-02 06:00:00+00:00,2025-08-02 02:00:00-04:00,20.253162,20.445391,train,18.757962,18.757962,24.37911
2025-08-02 07:00:00+00:00,2025-08-02 03:00:00-04:00,19.44304,19.28282,train,20.253162,20.253162,24.173403
2025-08-02 08:00:00+00:00,2025-08-02 04:00:00-04:00,17.887022,18.921723,train,19.44304,19.44304,23.143285
2025-08-02 09:00:00+00:00,2025-08-02 05:00:00-04:00,19.491106,20.296757,train,17.887022,17.887022,30.578489
2025-08-02 10:00:00+00:00,2025-08-02 06:00:00-04:00,20.785365,20.486463,train,19.491106,19.491106,28.175631
2025-08-02 11:00:00+00:00,2025-08-02 07:00:00-04:00,19.490229,18.660358,train,20.785365,20.785365,30.482256
2025-08-02 12:00:00+00:00,2025-08-02 08:00:00-04:00,18.357167,18.439436,train,19.490229,19.490229,29.404411
2025-08-02 13:00:00+00:00,2025-08-02 09:00:00-04:00,17.836313,20.059814,train,18.357167,18.357167,28.167844
2025-08-02 14:00:00+00:00,2025-08-02 10:00:00-04:00,17.528359,19.990068,train,17.836313,17.836313,30.728631
2025-08-02 15:00:00+00:00,2025-08-02 11:00:00-04:00,19.269259,21.961216,train,17.528359,17.528359,32.516715
2025-08-02 16:00:00+00:00,2025-08-02 12:00:00-04:00,19.759917,24.036505,train,19.269259,19.269259,27.883893
2025-08-02 17:00:00+00:00,2025-08-02 13:00:00-04:00,22.875099,25.958948,train,19.759917,19.759917,27.903558
2025-08-02 18:00:00+00:00,2025-08-02 14:00:00-04:00,22.640058,27.769835,train,22.875099,22.875099,29.883788
2025-08-02 19:00:00+00:00,2025-08-02 15:00:00-04:00,22.970945,31.244572,train,22.640058,22.640058,26.622026
2025-08-02 20:00:00+00:00,2025-08-02 16:00:00-04:00,25.298124,34.525518,train,22.970945,22.970945,26.616475
2025-08-02 21:00:00+00:00,2025-08-02 17:00:00-04:00,31.581302,38.913228,train,25.298124,25.298124,29.622587
2025-08-02 22:00:00+00:00,2025-08-02 18:00:00-04:00,32.756716,40.90183,train,31.581302,31.581302,31.858805
2025-08-02 23:00:00+00:00,2025-08-02 19:00:00-04:00,45.683308,41.951283,train,32.756716,32.756716,32.310931
2025-08-03 00:00:00+00:00,2025-08-02 20:00:00-04:00,36.318798,36.994025,train,45.683308,45.683308,35.723045
2025-08-03 01:00:00+00:00,2025-08-02 21:00:00-04:00,29.682494,32.621802,train,36.318798,36.318798,33.167581
2025-08-03 02:00:00+00:00,2025-08-02 22:00:00-04:00,25.488711,29.421732,train,29.682494,29.682494,24.787664
2025-08-03 03:00:00+00:00,2025-08-02 23:00:00-04:00,21.371325,24.004367,train,25.488711,25.488711,21.053112
2025-08-03 04:00:00+00:00,2025-08-03 00:00:00-04:00,16.817145,20.273947,train,21.371325,21.371325,21.059267
2025-08-03 05:00:00+00:00,2025-08-03 01:00:00-04:00,17.39113,18.385567,train,16.817145,16.817145,18.757962
2025-08-03 06:00:00+00:00,2025-08-03 02:00:00-04:00,16.520015,18.12005,train,17.39113,17.39113,20.253162
2025-08-03 07:00:00+00:00,2025-08-03 03:00:00-04:00,16.826106,17.266104,train,16.520015,16.520015,19.44304
2025-08-03 08:00:00+00:00,2025-08-03 04:00:00-04:00,16.314099,17.01186,train,16.826106,16.826106,17.887022
2025-08-03 09:00:00+00:00,2025-08-03 05:00:00-04:00,15.796958,17.055245,train,16.314099,16.314099,19.491106
2025-08-03 10:00:00+00:00,2025-08-03 06:00:00-04:00,16.443622,16.542603,train,15.796958,15.796958,20.785365
2025-08-03 11:00:00+00:00,2025-08-03 07:00:00-04:00,15.75449,15.639343,train,16.443622,16.443622,19.490229
2025-08-03 12:00:00+00:00,2025-08-03 08:00:00-04:00,14.348042,15.893471,train,15.75449,15.75449,18.357167
2025-08-03 13:00:00+00:00,2025-08-03 09:00:00-04:00,15.125906,16.985568,train,14.348042,14.348042,17.836313
2025-08-03 14:00:00+00:00,2025-08-03 10:00:00-04:00,16.335312,17.83975,train,15.125906,15.125906,17.528359
2025-08-03 15:00:00+00:00,2025-08-03 11:00:00-04:00,16.901064,18.773798,train,16.335312,16.335312,19.269259
2025-08-03 16:00:00+00:00,2025-08-03 12:00:00-04:00,19.495463,21.124728,train,16.901064,16.901064,19.759917
2025-08-03 17:00:00+00:00,2025-08-03 13:00:00-04:00,24.919562,24.498389,train,19.495463,19.495463,22.875099
2025-08-03 18:00:00+00:00,2025-08-03 14:00:00-04:00,27.446074,27.722758,train,24.919562,24.919562,22.640058
2025-08-03 19:00:00+00:00,2025-08-03 15:00:00-04:00,35.095051,30.399831,train,27.446074,27.446074,22.970945
2025-08-03 20:00:00+00:00,2025-08-03 16:00:00-04:00,59.240349,36.441482,train,35.095051,35.095051,25.298124
2025-08-03 21:00:00+00:00,2025-08-03 17:00:00-04:00,45.219207,40.7162,train,59.240349,59.240349,31.581302
2025-08-03 22:00:00+00:00,2025-08-03 18:00:00-04:00,48.896791,44.063015,train,45.219207,45.219207,32.756716
2025-08-03 23:00:00+00:00,2025-08-03 19:00:00-04:00,61.614709,46.314835,train,48.896791,48.896791,45.683308
2025-08-04 00:00:00+00:00,2025-08-03 20:00:00-04:00,47.723507,40.050844,train,61.614709,61.614709,36.318798
2025-08-04 01:00:00+00:00,2025-08-03 21:00:00-04:00,34.290166,35.486613,train,47.723507,47.723507,29.682494
2025-08-04 02:00:00+00:00,2025-08-03 22:00:00-04:00,32.699072,31.66405,train,34.290166,34.290166,25.488711
2025-08-04 03:00:00+00:00,2025-08-03 23:00:00-04:00,24.445858,25.70265,train,32.699072,32.699072,21.371325
2025-08-04 04:00:00+00:00,2025-08-04 00:00:00-04:00,22.486412,22.781818,train,24.445858,24.445858,16.817145
2025-08-04 05:00:00+00:00,2025-08-04 01:00:00-04:00,22.619219,21.880424,train,22.486412,22.486412,17.39113
2025-08-04 06:00:00+00:00,2025-08-04 02:00:00-04:00,18.692115,18.756435,train,22.619219,22.619219,16.520015
2025-08-04 07:00:00+00:00,2025-08-04 03:00:00-04:00,18.994993,18.413899,train,18.692115,18.692115,16.826106
2025-08-04 08:00:00+00:00,2025-08-04 04:00:00-04:00,20.984102,18.709837,train,18.994993,18.994993,16.314099
2025-08-04 09:00:00+00:00,2025-08-04 05:00:00-04:00,22.591455,22.223579,train,20.984102,20.984102,15.796958
2025-08-04 10:00:00+00:00,2025-08-04 06:00:00-04:00,25.557462,26.306213,train,22.591455,22.591455,16.443622
2025-08-04 11:00:00+00:00,2025-08-04 07:00:00-04:00,24.609957,23.609194,train,25.557462,25.557462,15.75449
2025-08-04 12:00:00+00:00,2025-08-04 08:00:00-04:00,25.433181,22.722806,train,24.609957,24.609957,14.348042
2025-08-04 13:00:00+00:00,2025-08-04 09:00:00-04:00,23.283305,23.322944,train,25.433181,25.433181,15.125906
2025-08-04 14:00:00+00:00,2025-08-04 10:00:00-04:00,29.098922,27.351529,train,23.283305,23.283305,16.335312
2025-08-04 15:00:00+00:00,2025-08-04 11:00:00-04:00,29.594082,30.294479,train,29.098922,29.098922,16.901064
2025-08-04 16:00:00+00:00,2025-08-04 12:00:00-04:00,64.409889,35.14187,train,29.594082,29.594082,19.495463
2025-08-04 17:00:00+00:00,2025-08-04 13:00:00-04:00,68.370712,39.952208,train,64.409889,64.409889,24.919562
2025-08-04 18:00:00+00:00,2025-08-04 14:00:00-04:00,34.554129,44.513233,train,68.370712,68.370712,27.446074
2025-08-04 19:00:00+00:00,2025-08-04 15:00:00-04:00,38.349043,47.073611,train,34.554129,34.554129,35.095051
2025-08-04 20:00:00+00:00,2025-08-04 16:00:00-04:00,39.02564,53.493716,train,38.349043,38.349043,59.240349
2025-08-04 21:00:00+00:00,2025-08-04 17:00:00-04:00,42.828209,69.890917,train,39.02564,39.02564,45.219207
2025-08-04 22:00:00+00:00,2025-08-04 18:00:00-04:00,65.055105,68.154657,train,42.828209,42.828209,48.896791
2025-08-04 23:00:00+00:00,2025-08-04 19:00:00-04:00,75.739034,74.536985,train,65.055105,65.055105,61.614709
2025-08-05 00:00:00+00:00,2025-08-04 20:00:00-04:00,47.996185,55.451639,train,75.739034,75.739034,47.723507
2025-08-05 01:00:00+00:00,2025-08-04 21:00:00-04:00,46.13893,42.304716,train,47.996185,47.996185,34.290166
2025-08-05 02:00:00+00:00,2025-08-04 22:00:00-04:00,34.185352,37.366482,train,46.13893,46.13893,32.699072
2025-08-05 03:00:00+00:00,2025-08-04 23:00:00-04:00,26.913637,30.080519,train,34.185352,34.185352,24.445858
2025-08-05 04:00:00+00:00,2025-08-05 00:00:00-04:00,25.390775,29.432717,train,26.913637,26.913637,22.486412
2025-08-05 05:00:00+00:00,2025-08-05 01:00:00-04:00,23.369269,25.168986,train,25.390775,25.390775,22.619219
2025-08-05 06:00:00+00:00,2025-08-05 02:00:00-04:00,19.538748,21.680547,train,23.369269,23.369269,18.692115
2025-08-05 07:00:00+00:00,2025-08-05 03:00:00-04:00,19.143898,19.826743,train,19.538748,19.538748,18.994993
2025-08-05 08:00:00+00:00,2025-08-05 04:00:00-04:00,21.276249,20.396859,train,19.143898,19.143898,20.984102
2025-08-05 09:00:00+00:00,2025-08-05 05:00:00-04:00,23.614423,24.812949,train,21.276249,21.276249,22.591455
2025-08-05 10:00:00+00:00,2025-08-05 06:00:00-04:00,33.876014,30.132713,train,23.614423,23.614423,25.557462
2025-08-05 11:00:00+00:00,2025-08-05 07:00:00-04:00,34.358649,29.771468,train,33.876014,33.876014,24.609957
2025-08-05 12:00:00+00:00,2025-08-05 08:00:00-04:00,31.457937,29.904401,train,34.358649,34.358649,25.433181
2025-08-05 13:00:00+00:00,2025-08-05 09:00:00-04:00,29.170464,30.430892,train,31.457937,31.457937,23.283305
2025-08-05 14:00:00+00:00,2025-08-05 10:00:00-04:00,28.330818,33.147664,train,29.170464,29.170464,29.098922
2025-08-05 15:00:00+00:00,2025-08-05 11:00:00-04:00,35.992333,36.227854,train,28.330818,28.330818,29.594082
2025-08-05 16:00:00+00:00,2025-08-05 12:00:00-04:00,73.777748,40.192201,train,35.992333,35.992333,64.409889
2025-08-05 17:00:00+00:00,2025-08-05 13:00:00-04:00,124.407393,45.87711,train,73.777748,73.777748,68.370712
2025-08-05 18:00:00+00:00,2025-08-05 14:00:00-04:00,256.542484,51.899448,train,124.407393,124.407393,34.554129
2025-08-05 19:00:00+00:00,2025-08-05 15:00:00-04:00,42.697482,49.74124,train,256.542484,256.542484,38.349043
2025-08-05 20:00:00+00:00,2025-08-05 16:00:00-04:00,49.442098,57.805081,train,42.697482,42.697482,39.02564
2025-08-05 21:00:00+00:00,2025-08-05 17:00:00-04:00,42.76851,68.223793,train,49.442098,49.442098,42.828209
2025-08-05 22:00:00+00:00,2025-08-05 18:00:00-04:00,58.108104,59.910891,train,42.76851,42.76851,65.055105
2025-08-05 23:00:00+00:00,2025-08-05 19:00:00-04:00,79.768194,64.825719,train,58.108104,58.108104,75.739034
2025-08-06 00:00:00+00:00,2025-08-05 20:00:00-04:00,52.030871,52.824817,train,79.768194,79.768194,47.996185
2025-08-06 01:00:00+00:00,2025-08-05 21:00:00-04:00,46.562773,45.895773,train,52.030871,52.030871,46.13893
2025-08-06 02:00:00+00:00,2025-08-05 22:00:00-04:00,39.766891,38.543422,train,46.562773,46.562773,34.185352
2025-08-06 03:00:00+00:00,2025-08-05 23:00:00-04:00,31.975661,33.681829,train,39.766891,39.766891,26.913637
2025-08-06 04:00:00+00:00,2025-08-06 00:00:00-04:00,29.778916,28.786128,train,31.975661,31.975661,25.390775
2025-08-06 05:00:00+00:00,2025-08-06 01:00:00-04:00,25.72742,25.113212,train,29.778916,29.778916,23.369269
2025-08-06 06:00:00+00:00,2025-08-06 02:00:00-04:00,22.732222,21.70677,train,25.72742,25.72742,19.538748
2025-08-06 07:00:00+00:00,2025-08-06 03:00:00-04:00,22.648827,20.95483,train,22.732222,22.732222,19.143898
2025-08-06 08:00:00+00:00,2025-08-06 04:00:00-04:00,22.608512,21.612222,train,22.648827,22.648827,21.276249
2025-08-06 09:00:00+00:00,2025-08-06 05:00:00-04:00,25.671727,24.434711,train,22.608512,22.608512,23.614423
2025-08-06 10:00:00+00:00,2025-08-06 06:00:00-04:00,35.311049,31.497287,train,25.671727,25.671727,33.876014
2025-08-06 11:00:00+00:00,2025-08-06 07:00:00-04:00,38.244523,30.842579,train,35.311049,35.311049,34.358649
2025-08-06 12:00:00+00:00,2025-08-06 08:00:00-04:00,51.432183,31.504717,train,38.244523,38.244523,31.457937
2025-08-06 13:00:00+00:00,2025-08-06 09:00:00-04:00,34.366784,31.96698,train,51.432183,51.432183,29.170464
2025-08-06 14:00:00+00:00,2025-08-06 10:00:00-04:00,36.036272,34.262626,train,34.366784,34.366784,28.330818
2025-08-06 15:00:00+00:00,2025-08-06 11:00:00-04:00,74.98433,36.621239,train,36.036272,36.036272,35.992333
2025-08-06 16:00:00+00:00,2025-08-06 12:00:00-04:00,45.100518,40.4061,train,74.98433,74.98433,73.777748
2025-08-06 17:00:00+00:00,2025-08-06 13:00:00-04:00,44.091145,44.62596,train,45.100518,45.100518,124.407393
2025-08-06 18:00:00+00:00,2025-08-06 14:00:00-04:00,44.746847,45.97528,train,44.091145,44.091145,256.542484
2025-08-06 19:00:00+00:00,2025-08-06 15:00:00-04:00,47.94626,46.497076,train,44.746847,44.746847,42.697482
2025-08-06 20:00:00+00:00,2025-08-06 16:00:00-04:00,51.942581,51.129887,train,47.94626,47.94626,49.442098
2025-08-06 21:00:00+00:00,2025-08-06 17:00:00-04:00,48.238181,59.100057,train,51.942581,51.942581,42.76851
2025-08-06 22:00:00+00:00,2025-08-06 18:00:00-04:00,66.977269,55.039591,train,48.238181,48.238181,58.108104
2025-08-06 23:00:00+00:00,2025-08-06 19:00:00-04:00,49.080366,65.596622,train,66.977269,66.977269,79.768194
2025-08-07 00:00:00+00:00,2025-08-06 20:00:00-04:00,52.341402,57.101306,train,49.080366,49.080366,52.030871
2025-08-07 01:00:00+00:00,2025-08-06 21:00:00-04:00,43.685231,44.408474,train,52.341402,52.341402,46.562773
2025-08-07 02:00:00+00:00,2025-08-06 22:00:00-04:00,44.073724,40.541837,train,43.685231,43.685231,39.766891
2025-08-07 03:00:00+00:00,2025-08-06 23:00:00-04:00,43.395236,32.861204,train,44.073724,44.073724,31.975661
2025-08-07 04:00:00+00:00,2025-08-07 00:00:00-04:00,26.595467,29.797751,train,43.395236,43.395236,29.778916
2025-08-07 05:00:00+00:00,2025-08-07 01:00:00-04:00,27.233967,27.103911,train,26.595467,26.595467,25.72742
2025-08-07 06:00:00+00:00,2025-08-07 02:00:00-04:00,22.669561,23.562597,train,27.233967,27.233967,22.732222
2025-08-07 07:00:00+00:00,2025-08-07 03:00:00-04:00,22.369002,22.150855,train,22.669561,22.669561,22.648827
2025-08-07 08:00:00+00:00,2025-08-07 04:00:00-04:00,21.981875,22.542921,train,22.369002,22.369002,22.608512
2025-08-07 09:00:00+00:00,2025-08-07 05:00:00-04:00,27.939946,26.162188,train,21.981875,21.981875,25.671727
2025-08-07 10:00:00+00:00,2025-08-07 06:00:00-04:00,34.959341,33.284618,train,27.939946,27.939946,35.311049
2025-08-07 11:00:00+00:00,2025-08-07 07:00:00-04:00,34.352883,32.587815,train,34.959341,34.959341,38.244523
2025-08-07 12:00:00+00:00,2025-08-07 08:00:00-04:00,32.165579,31.393366,train,34.352883,34.352883,51.432183
2025-08-07 13:00:00+00:00,2025-08-07 09:00:00-04:00,32.06661,33.548693,train,32.165579,32.165579,34.366784
2025-08-07 14:00:00+00:00,2025-08-07 10:00:00-04:00,35.19815,37.3069,train,32.06661,32.06661,36.036272
2025-08-07 15:00:00+00:00,2025-08-07 11:00:00-04:00,44.540239,44.616406,train,35.19815,35.19815,74.98433
2025-08-07 16:00:00+00:00,2025-08-07 12:00:00-04:00,63.268351,52.160653,train,44.540239,44.540239,45.100518
2025-08-07 17:00:00+00:00,2025-08-07 13:00:00-04:00,53.890813,53.484512,train,63.268351,63.268351,44.091145
2025-08-07 18:00:00+00:00,2025-08-07 14:00:00-04:00,47.837217,57.324443,train,53.890813,53.890813,44.746847
2025-08-07 19:00:00+00:00,2025-08-07 15:00:00-04:00,59.523543,58.36977,train,47.837217,47.837217,47.94626
2025-08-07 20:00:00+00:00,2025-08-07 16:00:00-04:00,61.194184,65.740882,train,59.523543,59.523543,51.942581
2025-08-07 21:00:00+00:00,2025-08-07 17:00:00-04:00,65.511652,70.444626,train,61.194184,61.194184,48.238181
2025-08-07 22:00:00+00:00,2025-08-07 18:00:00-04:00,73.876259,69.291196,train,65.511652,65.511652,66.977269
2025-08-07 23:00:00+00:00,2025-08-07 19:00:00-04:00,70.058686,73.566594,train,73.876259,73.876259,49.080366
2025-08-08 00:00:00+00:00,2025-08-07 20:00:00-04:00,95.630166,58.102735,train,70.058686,70.058686,52.341402
2025-08-08 01:00:00+00:00,2025-08-07 21:00:00-04:00,68.245466,48.199345,train,95.630166,95.630166,43.685231
2025-08-08 02:00:00+00:00,2025-08-07 22:00:00-04:00,70.615776,41.192061,train,68.245466,68.245466,44.073724
2025-08-08 03:00:00+00:00,2025-08-07 23:00:00-04:00,40.4291,35.380837,train,70.615776,70.615776,43.395236
2025-08-08 04:00:00+00:00,2025-08-08 00:00:00-04:00,32.037567,31.472837,train,40.4291,40.4291,26.595467
2025-08-08 05:00:00+00:00,2025-08-08 01:00:00-04:00,26.737306,28.086172,train,32.037567,32.037567,27.233967
2025-08-08 06:00:00+00:00,2025-08-08 02:00:00-04:00,23.637666,24.382134,train,26.737306,26.737306,22.669561
2025-08-08 07:00:00+00:00,2025-08-08 03:00:00-04:00,20.173104,22.176411,train,23.637666,23.637666,22.369002
2025-08-08 08:00:00+00:00,2025-08-08 04:00:00-04:00,20.240669,22.862612,train,20.173104,20.173104,21.981875
2025-08-08 09:00:00+00:00,2025-08-08 05:00:00-04:00,23.892936,24.489362,train,20.240669,20.240669,27.939946
2025-08-08 10:00:00+00:00,2025-08-08 06:00:00-04:00,29.820496,30.525072,train,23.892936,23.892936,34.959341
2025-08-08 11:00:00+00:00,2025-08-08 07:00:00-04:00,29.906066,31.983863,train,29.820496,29.820496,34.352883
2025-08-08 12:00:00+00:00,2025-08-08 08:00:00-04:00,28.838825,32.155174,train,29.906066,29.906066,32.165579
2025-08-08 13:00:00+00:00,2025-08-08 09:00:00-04:00,33.08259,34.362701,train,28.838825,28.838825,32.06661
2025-08-08 14:00:00+00:00,2025-08-08 10:00:00-04:00,34.721983,37.147192,train,33.08259,33.08259,35.19815
2025-08-08 15:00:00+00:00,2025-08-08 11:00:00-04:00,34.213694,43.476025,train,34.721983,34.721983,44.540239
2025-08-08 16:00:00+00:00,2025-08-08 12:00:00-04:00,50.495551,49.577016,train,34.213694,34.213694,63.268351
2025-08-08 17:00:00+00:00,2025-08-08 13:00:00-04:00,64.014121,51.665782,train,50.495551,50.495551,53.890813
2025-08-08 18:00:00+00:00,2025-08-08 14:00:00-04:00,43.574019,53.635425,train,64.014121,64.014121,47.837217
2025-08-08 19:00:00+00:00,2025-08-08 15:00:00-04:00,45.57906,56.383996,train,43.574019,43.574019,59.523543
2025-08-08 20:00:00+00:00,2025-08-08 16:00:00-04:00,46.907435,65.231851,train,45.57906,45.57906,61.194184
2025-08-08 21:00:00+00:00,2025-08-08 17:00:00-04:00,50.575694,67.990484,train,46.907435,46.907435,65.511652
2025-08-08 22:00:00+00:00,2025-08-08 18:00:00-04:00,53.614908,69.627988,train,50.575694,50.575694,73.876259
2025-08-08 23:00:00+00:00,2025-08-08 19:00:00-04:00,64.462868,73.022427,train,53.614908,53.614908,70.058686
2025-08-09 00:00:00+00:00,2025-08-08 20:00:00-04:00,63.331473,58.29639,train,64.462868,64.462868,95.630166
2025-08-09 01:00:00+00:00,2025-08-08 21:00:00-04:00,45.148061,43.665573,train,63.331473,63.331473,68.245466
2025-08-09 02:00:00+00:00,2025-08-08 22:00:00-04:00,37.269604,39.420511,train,45.148061,45.148061,70.615776
2025-08-09 03:00:00+00:00,2025-08-08 23:00:00-04:00,31.796414,31.950889,train,37.269604,37.269604,40.4291
2025-08-09 04:00:00+00:00,2025-08-09 00:00:00-04:00,26.391891,28.536373,train,31.796414,31.796414,32.037567
2025-08-09 05:00:00+00:00,2025-08-09 01:00:00-04:00,25.60024,25.292578,train,26.391891,26.391891,26.737306
2025-08-09 06:00:00+00:00,2025-08-09 02:00:00-04:00,21.472125,22.72352,train,25.60024,25.60024,23.637666
2025-08-09 07:00:00+00:00,2025-08-09 03:00:00-04:00,18.877369,21.074884,train,21.472125,21.472125,20.173104
2025-08-09 08:00:00+00:00,2025-08-09 04:00:00-04:00,19.427745,21.045477,train,18.877369,18.877369,20.240669
2025-08-09 09:00:00+00:00,2025-08-09 05:00:00-04:00,19.914819,21.63607,train,19.427745,19.427745,23.892936
2025-08-09 10:00:00+00:00,2025-08-09 06:00:00-04:00,19.561852,21.547015,train,19.914819,19.914819,29.820496
2025-08-09 11:00:00+00:00,2025-08-09 07:00:00-04:00,18.87312,20.284951,train,19.561852,19.561852,29.906066
2025-08-09 12:00:00+00:00,2025-08-09 08:00:00-04:00,18.099884,20.558269,train,18.87312,18.87312,28.838825
2025-08-09 13:00:00+00:00,2025-08-09 09:00:00-04:00,19.760444,23.71807,train,18.099884,18.099884,33.08259
2025-08-09 14:00:00+00:00,2025-08-09 10:00:00-04:00,25.736081,29.263668,train,19.760444,19.760444,34.721983
2025-08-09 15:00:00+00:00,2025-08-09 11:00:00-04:00,28.405796,35.370443,train,25.736081,25.736081,34.213694
2025-08-09 16:00:00+00:00,2025-08-09 12:00:00-04:00,29.37474,39.889594,train,28.405796,28.405796,50.495551
2025-08-09 17:00:00+00:00,2025-08-09 13:00:00-04:00,41.980649,44.875677,train,29.37474,29.37474,64.014121
2025-08-09 18:00:00+00:00,2025-08-09 14:00:00-04:00,39.642766,44.273059,train,41.980649,41.980649,43.574019
2025-08-09 19:00:00+00:00,2025-08-09 15:00:00-04:00,45.109662,49.961772,train,39.642766,39.642766,45.57906
2025-08-09 20:00:00+00:00,2025-08-09 16:00:00-04:00,39.491513,53.953693,train,45.109662,45.109662,46.907435
2025-08-09 21:00:00+00:00,2025-08-09 17:00:00-04:00,44.720575,63.286924,train,39.491513,39.491513,50.575694
2025-08-09 22:00:00+00:00,2025-08-09 18:00:00-04:00,69.52986,74.431268,train,44.720575,44.720575,53.614908
2025-08-09 23:00:00+00:00,2025-08-09 19:00:00-04:00,52.414052,84.670727,train,69.52986,69.52986,64.462868
2025-08-10 00:00:00+00:00,2025-08-09 20:00:00-04:00,56.014491,70.265212,train,52.414052,52.414052,63.331473
2025-08-10 01:00:00+00:00,2025-08-09 21:00:00-04:00,38.41217,45.769617,train,56.014491,56.014491,45.148061
2025-08-10 02:00:00+00:00,2025-08-09 22:00:00-04:00,33.978295,41.163633,train,38.41217,38.41217,37.269604
2025-08-10 03:00:00+00:00,2025-08-09 23:00:00-04:00,25.941787,33.316287,train,33.978295,33.978295,31.796414
2025-08-10 04:00:00+00:00,2025-08-10 00:00:00-04:00,21.328871,25.644562,train,25.941787,25.941787,26.391891
2025-08-10 05:00:00+00:00,2025-08-10 01:00:00-04:00,26.155866,23.127738,train,21.328871,21.328871,25.60024
2025-08-10 06:00:00+00:00,2025-08-10 02:00:00-04:00,24.58362,22.305623,train,26.155866,26.155866,21.472125
2025-08-10 07:00:00+00:00,2025-08-10 03:00:00-04:00,20.339112,20.931617,train,24.58362,24.58362,18.877369
2025-08-10 08:00:00+00:00,2025-08-10 04:00:00-04:00,19.887978,19.358917,train,20.339112,20.339112,19.427745
2025-08-10 09:00:00+00:00,2025-08-10 05:00:00-04:00,18.939557,18.815249,train,19.887978,19.887978,19.914819
2025-08-10 10:00:00+00:00,2025-08-10 06:00:00-04:00,19.345134,19.059072,train,18.939557,18.939557,19.561852
2025-08-10 11:00:00+00:00,2025-08-10 07:00:00-04:00,18.555729,18.807524,train,19.345134,19.345134,18.87312
2025-08-10 12:00:00+00:00,2025-08-10 08:00:00-04:00,18.403261,18.867217,train,18.555729,18.555729,18.099884
2025-08-10 13:00:00+00:00,2025-08-10 09:00:00-04:00,21.700179,20.886776,train,18.403261,18.403261,19.760444
2025-08-10 14:00:00+00:00,2025-08-10 10:00:00-04:00,29.448048,24.04068,train,21.700179,21.700179,25.736081
2025-08-10 15:00:00+00:00,2025-08-10 11:00:00-04:00,28.804775,32.639448,train,29.448048,29.448048,28.405796
2025-08-10 16:00:00+00:00,2025-08-10 12:00:00-04:00,36.974421,38.242554,train,28.804775,28.804775,29.37474
2025-08-10 17:00:00+00:00,2025-08-10 13:00:00-04:00,43.473983,42.723641,train,36.974421,36.974421,41.980649
2025-08-10 18:00:00+00:00,2025-08-10 14:00:00-04:00,49.301247,44.000131,train,43.473983,43.473983,39.642766
2025-08-10 19:00:00+00:00,2025-08-10 15:00:00-04:00,65.451473,48.171463,train,49.301247,49.301247,45.109662
2025-08-10 20:00:00+00:00,2025-08-10 16:00:00-04:00,45.962979,50.845066,train,65.451473,65.451473,39.491513
2025-08-10 21:00:00+00:00,2025-08-10 17:00:00-04:00,51.257518,62.407855,train,45.962979,45.962979,44.720575
2025-08-10 22:00:00+00:00,2025-08-10 18:00:00-04:00,67.164453,73.84922,train,51.257518,51.257518,69.52986
2025-08-10 23:00:00+00:00,2025-08-10 19:00:00-04:00,85.091803,87.487181,train,67.164453,67.164453,52.414052
2025-08-11 00:00:00+00:00,2025-08-10 20:00:00-04:00,55.109113,68.868675,train,85.091803,85.091803,56.014491
2025-08-11 01:00:00+00:00,2025-08-10 21:00:00-04:00,48.199599,45.577087,train,55.109113,55.109113,38.41217
2025-08-11 02:00:00+00:00,2025-08-10 22:00:00-04:00,38.102367,38.113135,train,48.199599,48.199599,33.978295
2025-08-11 03:00:00+00:00,2025-08-10 23:00:00-04:00,31.905136,32.821135,train,38.102367,38.102367,25.941787
2025-08-11 04:00:00+00:00,2025-08-11 00:00:00-04:00,25.12143,29.464727,train,31.905136,31.905136,21.328871
2025-08-11 05:00:00+00:00,2025-08-11 01:00:00-04:00,27.250992,27.353527,train,25.12143,25.12143,26.155866
2025-08-11 06:00:00+00:00,2025-08-11 02:00:00-04:00,23.832654,24.034927,train,27.250992,27.250992,24.58362
2025-08-11 07:00:00+00:00,2025-08-11 03:00:00-04:00,22.401346,23.166446,train,23.832654,23.832654,20.339112
2025-08-11 08:00:00+00:00,2025-08-11 04:00:00-04:00,23.56596,23.132414,train,22.401346,22.401346,19.887978
2025-08-11 09:00:00+00:00,2025-08-11 05:00:00-04:00,29.412326,26.040747,train,23.56596,23.56596,18.939557
2025-08-11 10:00:00+00:00,2025-08-11 06:00:00-04:00,36.475976,31.294485,train,29.412326,29.412326,19.345134
2025-08-11 11:00:00+00:00,2025-08-11 07:00:00-04:00,38.797511,32.814742,train,36.475976,36.475976,18.555729
2025-08-11 12:00:00+00:00,2025-08-11 08:00:00-04:00,37.233655,32.729911,train,38.797511,38.797511,18.403261
2025-08-11 13:00:00+00:00,2025-08-11 09:00:00-04:00,39.505688,35.853926,train,37.233655,37.233655,21.700179
2025-08-11 14:00:00+00:00,2025-08-11 10:00:00-04:00,36.230429,38.877448,train,39.505688,39.505688,29.448048
2025-08-11 15:00:00+00:00,2025-08-11 11:00:00-04:00,38.990985,51.707533,train,36.230429,36.230429,28.804775
2025-08-11 16:00:00+00:00,2025-08-11 12:00:00-04:00,56.932672,63.983457,train,38.990985,38.990985,36.974421
2025-08-11 17:00:00+00:00,2025-08-11 13:00:00-04:00,43.79255,68.845469,train,56.932672,56.932672,43.473983
2025-08-11 18:00:00+00:00,2025-08-11 14:00:00-04:00,58.447915,71.963618,train,43.79255,43.79255,49.301247
2025-08-11 19:00:00+00:00,2025-08-11 15:00:00-04:00,47.938849,74.683495,train,58.447915,58.447915,65.451473
2025-08-11 20:00:00+00:00,2025-08-11 16:00:00-04:00,60.036232,86.6475,train,47.938849,47.938849,45.962979
2025-08-11 21:00:00+00:00,2025-08-11 17:00:00-04:00,92.942568,92.25313,train,60.036232,60.036232,51.257518
2025-08-11 22:00:00+00:00,2025-08-11 18:00:00-04:00,82.064268,103.915547,train,92.942568,92.942568,67.164453
2025-08-11 23:00:00+00:00,2025-08-11 19:00:00-04:00,97.516246,109.288149,train,82.064268,82.064268,85.091803
2025-08-12 00:00:00+00:00,2025-08-11 20:00:00-04:00,61.422958,74.207894,train,97.516246,97.516246,55.109113
2025-08-12 01:00:00+00:00,2025-08-11 21:00:00-04:00,62.958738,55.289105,train,61.422958,61.422958,48.199599
2025-08-12 02:00:00+00:00,2025-08-11 22:00:00-04:00,60.227167,46.242703,train,62.958738,62.958738,38.102367
2025-08-12 03:00:00+00:00,2025-08-11 23:00:00-04:00,41.845258,37.075072,train,60.227167,60.227167,31.905136
2025-08-12 04:00:00+00:00,2025-08-12 00:00:00-04:00,35.705135,33.19723,train,41.845258,41.845258,25.12143
2025-08-12 05:00:00+00:00,2025-08-12 01:00:00-04:00,31.151106,28.777505,train,35.705135,35.705135,27.250992
2025-08-12 06:00:00+00:00,2025-08-12 02:00:00-04:00,26.116613,25.629387,train,31.151106,31.151106,23.832654
2025-08-12 07:00:00+00:00,2025-08-12 03:00:00-04:00,25.45194,24.199016,train,26.116613,26.116613,22.401346
2025-08-12 08:00:00+00:00,2025-08-12 04:00:00-04:00,25.373599,24.416376,train,25.45194,25.45194,23.56596
2025-08-12 09:00:00+00:00,2025-08-12 05:00:00-04:00,30.987116,27.059536,train,25.373599,25.373599,29.412326
2025-08-12 10:00:00+00:00,2025-08-12 06:00:00-04:00,43.023519,33.045298,train,30.987116,30.987116,36.475976
2025-08-12 11:00:00+00:00,2025-08-12 07:00:00-04:00,43.613283,39.224501,train,43.023519,43.023519,38.797511
2025-08-12 12:00:00+00:00,2025-08-12 08:00:00-04:00,36.158767,36.916702,train,43.613283,43.613283,37.233655
2025-08-12 13:00:00+00:00,2025-08-12 09:00:00-04:00,41.171807,43.00926,train,36.158767,36.158767,39.505688
2025-08-12 14:00:00+00:00,2025-08-12 10:00:00-04:00,39.899615,46.35646,train,41.171807,41.171807,36.230429
2025-08-12 15:00:00+00:00,2025-08-12 11:00:00-04:00,66.158946,64.380009,train,39.899615,39.899615,38.990985
2025-08-12 16:00:00+00:00,2025-08-12 12:00:00-04:00,50.813969,86.639104,train,66.158946,66.158946,56.932672
2025-08-12 17:00:00+00:00,2025-08-12 13:00:00-04:00,77.252815,108.542688,train,50.813969,50.813969,43.79255
2025-08-12 18:00:00+00:00,2025-08-12 14:00:00-04:00,119.181742,111.224848,train,77.252815,77.252815,58.447915
2025-08-12 19:00:00+00:00,2025-08-12 15:00:00-04:00,82.82863,134.311171,train,119.181742,119.181742,47.938849
2025-08-12 20:00:00+00:00,2025-08-12 16:00:00-04:00,63.035065,149.40023,train,82.82863,82.82863,60.036232
2025-08-12 21:00:00+00:00,2025-08-12 17:00:00-04:00,156.151178,171.953654,train,63.035065,63.035065,92.942568
2025-08-12 22:00:00+00:00,2025-08-12 18:00:00-04:00,154.891411,161.060193,train,156.151178,156.151178,82.064268
2025-08-12 23:00:00+00:00,2025-08-12 19:00:00-04:00,169.541927,129.71884,train,154.891411,154.891411,97.516246
2025-08-13 00:00:00+00:00,2025-08-12 20:00:00-04:00,67.438131,83.58943,train,169.541927,169.541927,61.422958
2025-08-13 01:00:00+00:00,2025-08-12 21:00:00-04:00,65.651605,58.555625,train,67.438131,67.438131,62.958738
2025-08-13 02:00:00+00:00,2025-08-12 22:00:00-04:00,77.634734,49.543469,train,65.651605,65.651605,60.227167
2025-08-13 03:00:00+00:00,2025-08-12 23:00:00-04:00,61.969104,41.43994,train,77.634734,77.634734,41.845258
2025-08-13 04:00:00+00:00,2025-08-13 00:00:00-04:00,35.706858,37.133828,train,61.969104,61.969104,35.705135
2025-08-13 05:00:00+00:00,2025-08-13 01:00:00-04:00,30.685619,32.076747,train,35.706858,35.706858,31.151106
2025-08-13 06:00:00+00:00,2025-08-13 02:00:00-04:00,27.566592,28.423674,train,30.685619,30.685619,26.116613
2025-08-13 07:00:00+00:00,2025-08-13 03:00:00-04:00,28.108224,26.890836,train,27.566592,27.566592,25.45194
2025-08-13 08:00:00+00:00,2025-08-13 04:00:00-04:00,29.370705,26.761517,train,28.108224,28.108224,25.373599
2025-08-13 09:00:00+00:00,2025-08-13 05:00:00-04:00,33.955089,32.080748,train,29.370705,29.370705,30.987116
2025-08-13 10:00:00+00:00,2025-08-13 06:00:00-04:00,44.606643,38.940948,train,33.955089,33.955089,43.023519
2025-08-13 11:00:00+00:00,2025-08-13 07:00:00-04:00,45.193022,40.617676,train,44.606643,44.606643,43.613283
2025-08-13 12:00:00+00:00,2025-08-13 08:00:00-04:00,55.075245,40.812029,train,45.193022,45.193022,36.158767
2025-08-13 13:00:00+00:00,2025-08-13 09:00:00-04:00,97.112827,48.708448,train,55.075245,55.075245,41.171807
2025-08-13 14:00:00+00:00,2025-08-13 10:00:00-04:00,50.470236,55.259457,train,97.112827,97.112827,39.899615
2025-08-13 15:00:00+00:00,2025-08-13 11:00:00-04:00,28.003654,73.158982,train,50.470236,50.470236,66.158946
2025-08-13 16:00:00+00:00,2025-08-13 12:00:00-04:00,37.255398,92.157863,train,28.003654,28.003654,50.813969
2025-08-13 17:00:00+00:00,2025-08-13 13:00:00-04:00,84.536835,120.380394,train,37.255398,37.255398,77.252815
2025-08-13 18:00:00+00:00,2025-08-13 14:00:00-04:00,57.72281,122.95833,train,84.536835,84.536835,119.181742
2025-08-13 19:00:00+00:00,2025-08-13 15:00:00-04:00,54.882954,129.580636,train,57.72281,57.72281,82.82863
2025-08-13 20:00:00+00:00,2025-08-13 16:00:00-04:00,38.400113,116.289743,train,54.882954,54.882954,63.035065
2025-08-13 21:00:00+00:00,2025-08-13 17:00:00-04:00,38.015829,108.945743,train,38.400113,38.400113,156.151178
2025-08-13 22:00:00+00:00,2025-08-13 18:00:00-04:00,68.461897,105.329872,train,38.015829,38.015829,154.891411
2025-08-13 23:00:00+00:00,2025-08-13 19:00:00-04:00,85.194404,79.780101,train,68.461897,68.461897,169.541927
2025-08-14 00:00:00+00:00,2025-08-13 20:00:00-04:00,68.865359,64.340034,train,85.194404,85.194404,67.438131
2025-08-14 01:00:00+00:00,2025-08-13 21:00:00-04:00,47.377246,50.94093,train,68.865359,68.865359,65.651605
2025-08-14 02:00:00+00:00,2025-08-13 22:00:00-04:00,44.339325,40.810069,train,47.377246,47.377246,77.634734
2025-08-14 03:00:00+00:00,2025-08-13 23:00:00-04:00,41.532471,36.271893,train,44.339325,44.339325,61.969104
2025-08-14 04:00:00+00:00,2025-08-14 00:00:00-04:00,29.083801,32.346218,train,41.532471,41.532471,35.706858
2025-08-14 05:00:00+00:00,2025-08-14 01:00:00-04:00,26.237176,28.47659,train,29.083801,29.083801,30.685619
2025-08-14 06:00:00+00:00,2025-08-14 02:00:00-04:00,24.265313,25.486502,train,26.237176,26.237176,27.566592
2025-08-14 07:00:00+00:00,2025-08-14 03:00:00-04:00,24.478507,23.596474,train,24.265313,24.265313,28.108224
2025-08-14 08:00:00+00:00,2025-08-14 04:00:00-04:00,24.240605,24.187472,train,24.478507,24.478507,29.370705
2025-08-14 09:00:00+00:00,2025-08-14 05:00:00-04:00,28.779384,27.475686,train,24.240605,24.240605,33.955089
2025-08-14 10:00:00+00:00,2025-08-14 06:00:00-04:00,34.819732,35.854901,train,28.779384,28.779384,44.606643
2025-08-14 11:00:00+00:00,2025-08-14 07:00:00-04:00,34.318248,39.108312,train,34.819732,34.819732,45.193022
2025-08-14 12:00:00+00:00,2025-08-14 08:00:00-04:00,33.024118,38.127206,train,34.318248,34.318248,55.075245
2025-08-14 13:00:00+00:00,2025-08-14 09:00:00-04:00,68.082358,44.798297,train,33.024118,33.024118,97.112827
2025-08-14 14:00:00+00:00,2025-08-14 10:00:00-04:00,36.925783,52.665578,train,68.082358,68.082358,50.470236
2025-08-14 15:00:00+00:00,2025-08-14 11:00:00-04:00,118.498117,64.488769,train,36.925783,36.925783,28.003654
2025-08-14 16:00:00+00:00,2025-08-14 12:00:00-04:00,59.054423,92.73668,train,118.498117,118.498117,37.255398
2025-08-14 17:00:00+00:00,2025-08-14 13:00:00-04:00,74.912528,100.894983,train,59.054423,59.054423,84.536835
2025-08-14 18:00:00+00:00,2025-08-14 14:00:00-04:00,48.862839,112.240285,train,74.912528,74.912528,57.72281
2025-08-14 19:00:00+00:00,2025-08-14 15:00:00-04:00,52.800031,122.932904,train,48.862839,48.862839,54.882954
2025-08-14 20:00:00+00:00,2025-08-14 16:00:00-04:00,55.120723,124.548714,train,52.800031,52.800031,38.400113
2025-08-14 21:00:00+00:00,2025-08-14 17:00:00-04:00,312.73113,140.010347,train,55.120723,55.120723,38.015829
2025-08-14 22:00:00+00:00,2025-08-14 18:00:00-04:00,55.347407,121.920141,train,312.73113,312.73113,68.461897
2025-08-14 23:00:00+00:00,2025-08-14 19:00:00-04:00,58.822719,110.118086,train,55.347407,55.347407,85.194404
2025-08-15 00:00:00+00:00,2025-08-14 20:00:00-04:00,63.172794,75.102489,train,58.822719,58.822719,68.865359
2025-08-15 01:00:00+00:00,2025-08-14 21:00:00-04:00,50.986403,57.689178,train,63.172794,63.172794,47.377246
2025-08-15 02:00:00+00:00,2025-08-14 22:00:00-04:00,40.634034,42.100185,train,50.986403,50.986403,44.339325
2025-08-15 03:00:00+00:00,2025-08-14 23:00:00-04:00,40.184976,35.041467,train,40.634034,40.634034,41.532471
2025-08-15 04:00:00+00:00,2025-08-15 00:00:00-04:00,28.575321,32.131754,train,40.184976,40.184976,29.083801
2025-08-15 05:00:00+00:00,2025-08-15 01:00:00-04:00,26.756915,28.840718,train,28.575321,28.575321,26.237176
2025-08-15 06:00:00+00:00,2025-08-15 02:00:00-04:00,23.771203,25.25104,train,26.756915,26.756915,24.265313
2025-08-15 07:00:00+00:00,2025-08-15 03:00:00-04:00,20.348163,23.786835,train,23.771203,23.771203,24.478507
2025-08-15 08:00:00+00:00,2025-08-15 04:00:00-04:00,23.127128,24.206207,train,20.348163,20.348163,24.240605
2025-08-15 09:00:00+00:00,2025-08-15 05:00:00-04:00,25.611667,25.954013,train,23.127128,23.127128,28.779384
2025-08-15 10:00:00+00:00,2025-08-15 06:00:00-04:00,29.300158,35.600258,train,25.611667,25.611667,34.819732
2025-08-15 11:00:00+00:00,2025-08-15 07:00:00-04:00,31.332168,36.26938,train,29.300158,29.300158,34.318248
2025-08-15 12:00:00+00:00,2025-08-15 08:00:00-04:00,31.557523,36.459622,train,31.332168,31.332168,33.024118
2025-08-15 13:00:00+00:00,2025-08-15 09:00:00-04:00,71.094685,46.292803,train,31.557523,31.557523,68.082358
2025-08-15 14:00:00+00:00,2025-08-15 10:00:00-04:00,43.459467,54.901618,train,71.094685,71.094685,36.925783
2025-08-15 15:00:00+00:00,2025-08-15 11:00:00-04:00,50.619766,67.841759,train,43.459467,43.459467,118.498117
2025-08-15 16:00:00+00:00,2025-08-15 12:00:00-04:00,59.786118,78.69505,train,50.619766,50.619766,59.054423
2025-08-15 17:00:00+00:00,2025-08-15 13:00:00-04:00,63.515849,90.144576,train,59.786118,59.786118,74.912528
2025-08-15 18:00:00+00:00,2025-08-15 14:00:00-04:00,70.508602,104.170187,train,63.515849,63.515849,48.862839
2025-08-15 19:00:00+00:00,2025-08-15 15:00:00-04:00,74.54623,116.010209,train,70.508602,70.508602,52.800031
2025-08-15 20:00:00+00:00,2025-08-15 16:00:00-04:00,69.851285,137.409674,train,74.54623,74.54623,55.120723
2025-08-15 21:00:00+00:00,2025-08-15 17:00:00-04:00,157.356028,135.186244,train,69.851285,69.851285,312.73113
2025-08-15 22:00:00+00:00,2025-08-15 18:00:00-04:00,354.504574,131.074915,train,157.356028,157.356028,55.347407
2025-08-15 23:00:00+00:00,2025-08-15 19:00:00-04:00,185.224767,112.664544,train,354.504574,354.504574,58.822719
2025-08-16 00:00:00+00:00,2025-08-15 20:00:00-04:00,99.667755,85.269911,train,185.224767,185.224767,63.172794
2025-08-16 01:00:00+00:00,2025-08-15 21:00:00-04:00,68.442799,69.819689,train,99.667755,99.667755,50.986403
2025-08-16 02:00:00+00:00,2025-08-15 22:00:00-04:00,55.130914,58.447248,train,68.442799,68.442799,40.634034
2025-08-16 03:00:00+00:00,2025-08-15 23:00:00-04:00,51.985361,45.421398,train,55.130914,55.130914,40.184976
2025-08-16 04:00:00+00:00,2025-08-16 00:00:00-04:00,43.853653,35.316465,train,51.985361,51.985361,28.575321
2025-08-16 05:00:00+00:00,2025-08-16 01:00:00-04:00,36.744811,32.091241,train,43.853653,43.853653,26.756915
2025-08-16 06:00:00+00:00,2025-08-16 02:00:00-04:00,26.267738,25.381637,train,36.744811,36.744811,23.771203
2025-08-16 07:00:00+00:00,2025-08-16 03:00:00-04:00,25.872647,23.364919,train,26.267738,26.267738,20.348163
2025-08-16 08:00:00+00:00,2025-08-16 04:00:00-04:00,22.945553,22.073965,train,25.872647,25.872647,23.127128
2025-08-16 09:00:00+00:00,2025-08-16 05:00:00-04:00,24.108359,23.531902,train,22.945553,22.945553,25.611667
2025-08-16 10:00:00+00:00,2025-08-16 06:00:00-04:00,25.421533,24.328279,train,24.108359,24.108359,29.300158
2025-08-16 11:00:00+00:00,2025-08-16 07:00:00-04:00,23.728211,24.478827,train,25.421533,25.421533,31.332168
2025-08-16 12:00:00+00:00,2025-08-16 08:00:00-04:00,25.566891,27.480442,train,23.728211,23.728211,31.557523
2025-08-16 13:00:00+00:00,2025-08-16 09:00:00-04:00,44.756635,39.95376,train,25.566891,25.566891,71.094685
2025-08-16 14:00:00+00:00,2025-08-16 10:00:00-04:00,35.572502,45.800097,train,44.756635,44.756635,43.459467
2025-08-16 15:00:00+00:00,2025-08-16 11:00:00-04:00,53.573167,53.424033,train,35.572502,35.572502,50.619766
2025-08-16 16:00:00+00:00,2025-08-16 12:00:00-04:00,55.708895,62.414832,train,53.573167,53.573167,59.786118
2025-08-16 17:00:00+00:00,2025-08-16 13:00:00-04:00,68.60925,63.050006,train,55.708895,55.708895,63.515849
2025-08-16 18:00:00+00:00,2025-08-16 14:00:00-04:00,56.451489,75.39284,train,68.60925,68.60925,70.508602
2025-08-16 19:00:00+00:00,2025-08-16 15:00:00-04:00,54.04766,78.276366,train,56.451489,56.451489,74.54623
2025-08-16 20:00:00+00:00,2025-08-16 16:00:00-04:00,55.417894,85.391268,train,54.04766,54.04766,69.851285
2025-08-16 21:00:00+00:00,2025-08-16 17:00:00-04:00,50.726707,89.904016,train,55.417894,55.417894,157.356028
2025-08-16 22:00:00+00:00,2025-08-16 18:00:00-04:00,52.403855,104.963422,train,50.726707,50.726707,354.504574
2025-08-16 23:00:00+00:00,2025-08-16 19:00:00-04:00,56.526415,86.900364,train,52.403855,52.403855,185.224767
2025-08-17 00:00:00+00:00,2025-08-16 20:00:00-04:00,50.353392,66.312424,train,56.526415,56.526415,99.667755
2025-08-17 01:00:00+00:00,2025-08-16 21:00:00-04:00,58.867938,54.853072,train,50.353392,50.353392,68.442799
2025-08-17 02:00:00+00:00,2025-08-16 22:00:00-04:00,49.568398,44.412154,train,58.867938,58.867938,55.130914
2025-08-17 03:00:00+00:00,2025-08-16 23:00:00-04:00,46.892141,40.129479,train,49.568398,49.568398,51.985361
2025-08-17 04:00:00+00:00,2025-08-17 00:00:00-04:00,29.91188,34.057259,train,46.892141,46.892141,43.853653
2025-08-17 05:00:00+00:00,2025-08-17 01:00:00-04:00,27.225536,31.053497,train,29.91188,29.91188,36.744811
2025-08-17 06:00:00+00:00,2025-08-17 02:00:00-04:00,24.818695,26.742219,train,27.225536,27.225536,26.267738
2025-08-17 07:00:00+00:00,2025-08-17 03:00:00-04:00,22.327315,23.892149,train,24.818695,24.818695,25.872647
2025-08-17 08:00:00+00:00,2025-08-17 04:00:00-04:00,19.598199,22.841974,train,22.327315,22.327315,22.945553
2025-08-17 09:00:00+00:00,2025-08-17 05:00:00-04:00,20.512728,23.261784,train,19.598199,19.598199,24.108359
2025-08-17 10:00:00+00:00,2025-08-17 06:00:00-04:00,21.296121,24.410318,train,20.512728,20.512728,25.421533
2025-08-17 11:00:00+00:00,2025-08-17 07:00:00-04:00,21.909717,24.411893,train,21.296121,21.296121,23.728211
2025-08-17 12:00:00+00:00,2025-08-17 08:00:00-04:00,18.911788,27.297186,train,21.909717,21.909717,25.566891
2025-08-17 13:00:00+00:00,2025-08-17 09:00:00-04:00,25.294701,38.140201,train,18.911788,18.911788,44.756635
2025-08-17 14:00:00+00:00,2025-08-17 10:00:00-04:00,29.684847,40.538778,train,25.294701,25.294701,35.572502
2025-08-17 15:00:00+00:00,2025-08-17 11:00:00-04:00,33.995146,50.521953,train,29.684847,29.684847,53.573167
2025-08-17 16:00:00+00:00,2025-08-17 12:00:00-04:00,50.787691,54.86666,train,33.995146,33.995146,55.708895
2025-08-17 17:00:00+00:00,2025-08-17 13:00:00-04:00,50.252209,67.855207,train,50.787691,50.787691,68.60925
2025-08-17 18:00:00+00:00,2025-08-17 14:00:00-04:00,45.33683,81.544647,train,50.252209,50.252209,56.451489
2025-08-17 19:00:00+00:00,2025-08-17 15:00:00-04:00,49.32469,88.501382,train,45.33683,45.33683,54.04766
2025-08-17 20:00:00+00:00,2025-08-17 16:00:00-04:00,46.427546,110.99996,train,49.32469,49.32469,55.417894
2025-08-17 21:00:00+00:00,2025-08-17 17:00:00-04:00,125.797668,134.073735,train,46.427546,46.427546,50.726707
2025-08-17 22:00:00+00:00,2025-08-17 18:00:00-04:00,64.229159,134.002594,train,125.797668,125.797668,52.403855
2025-08-17 23:00:00+00:00,2025-08-17 19:00:00-04:00,61.758398,120.268892,train,64.229159,64.229159,56.526415
2025-08-18 00:00:00+00:00,2025-08-17 20:00:00-04:00,57.633266,70.718214,train,61.758398,61.758398,50.353392
2025-08-18 01:00:00+00:00,2025-08-17 21:00:00-04:00,62.373009,54.593428,train,57.633266,57.633266,58.867938
2025-08-18 02:00:00+00:00,2025-08-17 22:00:00-04:00,55.354469,46.560678,train,62.373009,62.373009,49.568398
2025-08-18 03:00:00+00:00,2025-08-17 23:00:00-04:00,31.981448,40.442467,train,55.354469,55.354469,46.892141
2025-08-18 04:00:00+00:00,2025-08-18 00:00:00-04:00,26.656769,34.669168,train,31.981448,31.981448,29.91188
2025-08-18 05:00:00+00:00,2025-08-18 01:00:00-04:00,25.783241,29.386989,train,26.656769,26.656769,27.225536
2025-08-18 06:00:00+00:00,2025-08-18 02:00:00-04:00,24.281453,25.288572,train,25.783241,25.783241,24.818695
2025-08-18 07:00:00+00:00,2025-08-18 03:00:00-04:00,22.015968,24.382621,train,24.281453,24.281453,22.327315
2025-08-18 08:00:00+00:00,2025-08-18 04:00:00-04:00,22.472401,24.854527,train,22.015968,22.015968,19.598199
2025-08-18 09:00:00+00:00,2025-08-18 05:00:00-04:00,29.575586,30.496953,train,22.472401,22.472401,20.512728
2025-08-18 10:00:00+00:00,2025-08-18 06:00:00-04:00,35.836107,35.963343,train,29.575586,29.575586,21.296121
2025-08-18 11:00:00+00:00,2025-08-18 07:00:00-04:00,31.930463,37.036354,train,35.836107,35.836107,21.909717
2025-08-18 12:00:00+00:00,2025-08-18 08:00:00-04:00,27.596103,36.359101,train,31.930463,31.930463,18.911788
2025-08-18 13:00:00+00:00,2025-08-18 09:00:00-04:00,53.822057,39.767932,train,27.596103,27.596103,25.294701
2025-08-18 14:00:00+00:00,2025-08-18 10:00:00-04:00,34.202473,41.604944,train,53.822057,53.822057,29.684847
2025-08-18 15:00:00+00:00,2025-08-18 11:00:00-04:00,31.650156,48.302088,train,34.202473,34.202473,33.995146
2025-08-18 16:00:00+00:00,2025-08-18 12:00:00-04:00,51.23726,55.826641,train,31.650156,31.650156,50.787691
2025-08-18 17:00:00+00:00,2025-08-18 13:00:00-04:00,79.546138,63.429913,train,51.23726,51.23726,50.252209
2025-08-18 18:00:00+00:00,2025-08-18 14:00:00-04:00,39.901684,70.5677,train,79.546138,79.546138,45.33683
2025-08-18 19:00:00+00:00,2025-08-18 15:00:00-04:00,44.930577,75.427522,train,39.901684,39.901684,49.32469
2025-08-18 20:00:00+00:00,2025-08-18 16:00:00-04:00,47.27107,79.057502,train,44.930577,44.930577,46.427546
2025-08-18 21:00:00+00:00,2025-08-18 17:00:00-04:00,37.433094,68.832336,train,47.27107,47.27107,125.797668
2025-08-18 22:00:00+00:00,2025-08-18 18:00:00-04:00,54.476847,66.82909,train,37.433094,37.433094,64.229159
2025-08-18 23:00:00+00:00,2025-08-18 19:00:00-04:00,45.170888,73.105167,train,54.476847,54.476847,61.758398
2025-08-19 00:00:00+00:00,2025-08-18 20:00:00-04:00,81.384617,69.074016,train,45.170888,45.170888,57.633266
2025-08-19 01:00:00+00:00,2025-08-18 21:00:00-04:00,47.230311,54.973475,train,81.384617,81.384617,62.373009
2025-08-19 02:00:00+00:00,2025-08-18 22:00:00-04:00,38.037145,42.16337,train,47.230311,47.230311,55.354469
2025-08-19 03:00:00+00:00,2025-08-18 23:00:00-04:00,32.670988,35.274981,train,38.037145,38.037145,31.981448
2025-08-19 04:00:00+00:00,2025-08-19 00:00:00-04:00,23.947657,29.932991,train,32.670988,32.670988,26.656769
2025-08-19 05:00:00+00:00,2025-08-19 01:00:00-04:00,27.381798,26.683139,train,23.947657,23.947657,25.783241
2025-08-19 06:00:00+00:00,2025-08-19 02:00:00-04:00,22.861828,24.134932,train,27.381798,27.381798,24.281453
2025-08-19 07:00:00+00:00,2025-08-19 03:00:00-04:00,19.928223,22.832889,train,22.861828,22.861828,22.015968
2025-08-19 08:00:00+00:00,2025-08-19 04:00:00-04:00,22.054957,23.515697,train,19.928223,19.928223,22.472401
2025-08-19 09:00:00+00:00,2025-08-19 05:00:00-04:00,26.27484,26.66941,train,22.054957,22.054957,29.575586
2025-08-19 10:00:00+00:00,2025-08-19 06:00:00-04:00,32.225071,35.755643,train,26.27484,26.27484,35.836107
2025-08-19 11:00:00+00:00,2025-08-19 07:00:00-04:00,39.825947,37.195146,train,32.225071,32.225071,31.930463
2025-08-19 12:00:00+00:00,2025-08-19 08:00:00-04:00,32.989501,36.139475,train,39.825947,39.825947,27.596103
2025-08-19 13:00:00+00:00,2025-08-19 09:00:00-04:00,32.745222,37.437681,train,32.989501,32.989501,53.822057
2025-08-19 14:00:00+00:00,2025-08-19 10:00:00-04:00,53.996235,38.782297,train,32.745222,32.745222,34.202473
2025-08-19 15:00:00+00:00,2025-08-19 11:00:00-04:00,31.191602,44.246915,train,53.996235,53.996235,31.650156
2025-08-19 16:00:00+00:00,2025-08-19 12:00:00-04:00,42.192736,47.011548,train,31.191602,31.191602,51.23726
2025-08-19 17:00:00+00:00,2025-08-19 13:00:00-04:00,86.210526,53.288903,train,42.192736,42.192736,79.546138
2025-08-19 18:00:00+00:00,2025-08-19 14:00:00-04:00,56.29986,56.767477,train,86.210526,86.210526,39.901684
2025-08-19 19:00:00+00:00,2025-08-19 15:00:00-04:00,41.723871,60.814204,train,56.29986,56.29986,44.930577
2025-08-19 20:00:00+00:00,2025-08-19 16:00:00-04:00,37.57388,62.570618,train,41.723871,41.723871,47.27107
2025-08-19 21:00:00+00:00,2025-08-19 17:00:00-04:00,38.8376,63.2634,train,37.57388,37.57388,37.433094
2025-08-19 22:00:00+00:00,2025-08-19 18:00:00-04:00,41.891948,62.238755,train,38.8376,38.8376,54.476847
2025-08-19 23:00:00+00:00,2025-08-19 19:00:00-04:00,42.555051,69.200442,train,41.891948,41.891948,45.170888
2025-08-20 00:00:00+00:00,2025-08-19 20:00:00-04:00,43.206276,60.856424,train,42.555051,42.555051,81.384617
2025-08-20 01:00:00+00:00,2025-08-19 21:00:00-04:00,40.704395,52.924845,train,43.206276,43.206276,47.230311
2025-08-20 02:00:00+00:00,2025-08-19 22:00:00-04:00,38.719594,42.390873,train,40.704395,40.704395,38.037145
2025-08-20 03:00:00+00:00,2025-08-19 23:00:00-04:00,40.646024,32.967888,train,38.719594,38.719594,32.670988
2025-08-20 04:00:00+00:00,2025-08-20 00:00:00-04:00,26.250197,30.956537,train,40.646024,40.646024,23.947657
2025-08-20 05:00:00+00:00,2025-08-20 01:00:00-04:00,26.315529,29.677497,train,26.250197,26.250197,27.381798
2025-08-20 06:00:00+00:00,2025-08-20 02:00:00-04:00,23.231619,24.599696,train,26.315529,26.315529,22.861828
2025-08-20 07:00:00+00:00,2025-08-20 03:00:00-04:00,22.905742,23.69201,train,23.231619,23.231619,19.928223
2025-08-20 08:00:00+00:00,2025-08-20 04:00:00-04:00,23.418848,23.835818,train,22.905742,22.905742,22.054957
2025-08-20 09:00:00+00:00,2025-08-20 05:00:00-04:00,28.252854,29.139598,train,23.418848,23.418848,26.27484
2025-08-20 10:00:00+00:00,2025-08-20 06:00:00-04:00,34.587469,39.225585,train,28.252854,28.252854,32.225071
2025-08-20 11:00:00+00:00,2025-08-20 07:00:00-04:00,36.052075,37.701501,train,34.587469,34.587469,39.825947
2025-08-20 12:00:00+00:00,2025-08-20 08:00:00-04:00,33.219736,37.595616,train,36.052075,36.052075,32.989501
2025-08-20 13:00:00+00:00,2025-08-20 09:00:00-04:00,35.579743,40.47509,train,33.219736,33.219736,32.745222
2025-08-20 14:00:00+00:00,2025-08-20 10:00:00-04:00,33.913201,36.93407,train,35.579743,35.579743,53.996235
2025-08-20 15:00:00+00:00,2025-08-20 11:00:00-04:00,31.955632,39.4852,train,33.913201,33.913201,31.191602
2025-08-20 16:00:00+00:00,2025-08-20 12:00:00-04:00,33.587845,44.57159,train,31.955632,31.955632,42.192736
2025-08-20 17:00:00+00:00,2025-08-20 13:00:00-04:00,35.444078,51.25779,train,33.587845,33.587845,86.210526
2025-08-20 18:00:00+00:00,2025-08-20 14:00:00-04:00,33.032189,57.134998,train,35.444078,35.444078,56.29986
2025-08-20 19:00:00+00:00,2025-08-20 15:00:00-04:00,34.123452,63.664033,train,33.032189,33.032189,41.723871
2025-08-20 20:00:00+00:00,2025-08-20 16:00:00-04:00,32.193437,68.830695,train,34.123452,34.123452,37.57388
2025-08-20 21:00:00+00:00,2025-08-20 17:00:00-04:00,38.278628,72.15467,train,32.193437,32.193437,38.8376
2025-08-20 22:00:00+00:00,2025-08-20 18:00:00-04:00,33.434566,61.998257,train,38.278628,38.278628,41.891948
2025-08-20 23:00:00+00:00,2025-08-20 19:00:00-04:00,33.672479,65.969034,train,33.434566,33.434566,42.555051
2025-08-21 00:00:00+00:00,2025-08-20 20:00:00-04:00,35.291894,60.147823,train,33.672479,33.672479,43.206276
2025-08-21 01:00:00+00:00,2025-08-20 21:00:00-04:00,35.755087,51.354265,train,35.291894,35.291894,40.704395
2025-08-21 02:00:00+00:00,2025-08-20 22:00:00-04:00,29.342913,40.155359,train,35.755087,35.755087,38.719594
2025-08-21 03:00:00+00:00,2025-08-20 23:00:00-04:00,27.786333,32.317301,train,29.342913,29.342913,40.646024
2025-08-21 04:00:00+00:00,2025-08-21 00:00:00-04:00,24.189641,27.379381,train,27.786333,27.786333,26.250197
2025-08-21 05:00:00+00:00,2025-08-21 01:00:00-04:00,19.214727,24.948644,train,24.189641,24.189641,26.315529
2025-08-21 06:00:00+00:00,2025-08-21 02:00:00-04:00,19.421714,22.482016,train,19.214727,19.214727,23.231619
2025-08-21 07:00:00+00:00,2025-08-21 03:00:00-04:00,17.858691,21.913275,train,19.421714,19.421714,22.905742
2025-08-21 08:00:00+00:00,2025-08-21 04:00:00-04:00,19.973385,21.918449,train,17.858691,17.858691,23.418848
2025-08-21 09:00:00+00:00,2025-08-21 05:00:00-04:00,22.414074,25.133884,train,19.973385,19.973385,28.252854
2025-08-21 10:00:00+00:00,2025-08-21 06:00:00-04:00,26.849861,30.969551,train,22.414074,22.414074,34.587469
2025-08-21 11:00:00+00:00,2025-08-21 07:00:00-04:00,26.766514,33.588511,train,26.849861,26.849861,36.052075
2025-08-21 12:00:00+00:00,2025-08-21 08:00:00-04:00,24.666256,31.374467,train,26.766514,26.766514,33.219736
2025-08-21 13:00:00+00:00,2025-08-21 09:00:00-04:00,29.938462,32.794861,train,24.666256,24.666256,35.579743
2025-08-21 14:00:00+00:00,2025-08-21 10:00:00-04:00,26.145646,32.064025,train,29.938462,29.938462,33.913201
2025-08-21 15:00:00+00:00,2025-08-21 11:00:00-04:00,24.736031,34.82264,train,26.145646,26.145646,31.955632
2025-08-21 16:00:00+00:00,2025-08-21 12:00:00-04:00,22.505211,35.766094,train,24.736031,24.736031,33.587845
2025-08-21 17:00:00+00:00,2025-08-21 13:00:00-04:00,33.767476,39.46154,train,22.505211,22.505211,35.444078
2025-08-21 18:00:00+00:00,2025-08-21 14:00:00-04:00,29.620739,40.951962,train,33.767476,33.767476,33.032189
2025-08-21 19:00:00+00:00,2025-08-21 15:00:00-04:00,28.998424,43.387346,train,29.620739,29.620739,34.123452
2025-08-21 20:00:00+00:00,2025-08-21 16:00:00-04:00,31.423188,43.322287,train,28.998424,28.998424,32.193437
2025-08-21 21:00:00+00:00,2025-08-21 17:00:00-04:00,33.057092,44.543713,train,31.423188,31.423188,38.278628
2025-08-21 22:00:00+00:00,2025-08-21 18:00:00-04:00,32.992663,44.560922,train,33.057092,33.057092,33.434566
2025-08-21 23:00:00+00:00,2025-08-21 19:00:00-04:00,31.160046,46.942809,train,32.992663,32.992663,33.672479
2025-08-22 00:00:00+00:00,2025-08-21 20:00:00-04:00,31.552775,42.709608,train,31.160046,31.160046,35.291894
2025-08-22 01:00:00+00:00,2025-08-21 21:00:00-04:00,34.591214,37.133539,train,31.552775,31.552775,35.755087
2025-08-22 02:00:00+00:00,2025-08-21 22:00:00-04:00,27.092972,31.031153,train,34.591214,34.591214,29.342913
2025-08-22 03:00:00+00:00,2025-08-21 23:00:00-04:00,21.429937,25.719069,train,27.092972,27.092972,27.786333
2025-08-22 04:00:00+00:00,2025-08-22 00:00:00-04:00,19.70217,21.311098,train,21.429937,21.429937,24.189641
2025-08-22 05:00:00+00:00,2025-08-22 01:00:00-04:00,20.34913,20.545005,train,19.70217,19.70217,19.214727
2025-08-22 06:00:00+00:00,2025-08-22 02:00:00-04:00,16.68659,18.508186,train,20.34913,20.34913,19.421714
2025-08-22 07:00:00+00:00,2025-08-22 03:00:00-04:00,16.286122,16.281094,train,16.68659,16.68659,17.858691
2025-08-22 08:00:00+00:00,2025-08-22 04:00:00-04:00,16.726308,16.666777,train,16.286122,16.286122,19.973385
2025-08-22 09:00:00+00:00,2025-08-22 05:00:00-04:00,20.31342,20.443336,train,16.726308,16.726308,22.414074
2025-08-22 10:00:00+00:00,2025-08-22 06:00:00-04:00,24.506318,25.57464,train,20.31342,20.31342,26.849861
2025-08-22 11:00:00+00:00,2025-08-22 07:00:00-04:00,25.206787,24.319054,train,24.506318,24.506318,26.766514
2025-08-22 12:00:00+00:00,2025-08-22 08:00:00-04:00,21.903939,21.806223,train,25.206787,25.206787,24.666256
2025-08-22 13:00:00+00:00,2025-08-22 09:00:00-04:00,21.02915,23.822562,train,21.903939,21.903939,29.938462
2025-08-22 14:00:00+00:00,2025-08-22 10:00:00-04:00,23.619594,25.048778,train,21.02915,21.02915,26.145646
2025-08-22 15:00:00+00:00,2025-08-22 11:00:00-04:00,27.914531,28.689806,train,23.619594,23.619594,24.736031
2025-08-22 16:00:00+00:00,2025-08-22 12:00:00-04:00,33.564882,31.486524,train,27.914531,27.914531,22.505211
2025-08-22 17:00:00+00:00,2025-08-22 13:00:00-04:00,45.496129,34.846918,train,33.564882,33.564882,33.767476
2025-08-22 18:00:00+00:00,2025-08-22 14:00:00-04:00,28.938863,36.801798,train,45.496129,45.496129,29.620739
2025-08-22 19:00:00+00:00,2025-08-22 15:00:00-04:00,42.278586,36.710717,train,28.938863,28.938863,28.998424
2025-08-22 20:00:00+00:00,2025-08-22 16:00:00-04:00,34.912749,38.400057,train,42.278586,42.278586,31.423188
2025-08-22 21:00:00+00:00,2025-08-22 17:00:00-04:00,49.640168,45.000068,train,34.912749,34.912749,33.057092
2025-08-22 22:00:00+00:00,2025-08-22 18:00:00-04:00,62.347317,48.461792,train,49.640168,49.640168,32.992663
2025-08-22 23:00:00+00:00,2025-08-22 19:00:00-04:00,45.556528,50.051322,train,62.347317,62.347317,31.160046
2025-08-23 00:00:00+00:00,2025-08-22 20:00:00-04:00,36.995692,41.708828,train,45.556528,45.556528,31.552775
2025-08-23 01:00:00+00:00,2025-08-22 21:00:00-04:00,37.46943,36.346139,train,36.995692,36.995692,34.591214
2025-08-23 02:00:00+00:00,2025-08-22 22:00:00-04:00,30.030789,33.818224,train,37.46943,37.46943,27.092972
2025-08-23 03:00:00+00:00,2025-08-22 23:00:00-04:00,24.826493,25.211311,train,30.030789,30.030789,21.429937
2025-08-23 04:00:00+00:00,2025-08-23 00:00:00-04:00,21.915628,23.623872,train,24.826493,24.826493,19.70217
2025-08-23 05:00:00+00:00,2025-08-23 01:00:00-04:00,20.593757,19.816915,train,21.915628,21.915628,20.34913
2025-08-23 06:00:00+00:00,2025-08-23 02:00:00-04:00,21.748519,18.416822,train,20.593757,20.593757,16.68659
2025-08-23 07:00:00+00:00,2025-08-23 03:00:00-04:00,19.130619,17.358602,train,21.748519,21.748519,16.286122
2025-08-23 08:00:00+00:00,2025-08-23 04:00:00-04:00,16.922921,16.53105,train,19.130619,19.130619,16.726308
2025-08-23 09:00:00+00:00,2025-08-23 05:00:00-04:00,18.67881,16.359369,train,16.922921,16.922921,20.31342
2025-08-23 10:00:00+00:00,2025-08-23 06:00:00-04:00,17.927418,17.73078,train,18.67881,18.67881,24.506318
2025-08-23 11:00:00+00:00,2025-08-23 07:00:00-04:00,17.298124,16.401222,train,17.927418,17.927418,25.206787
2025-08-23 12:00:00+00:00,2025-08-23 08:00:00-04:00,17.293052,16.162655,train,17.298124,17.298124,21.903939
2025-08-23 13:00:00+00:00,2025-08-23 09:00:00-04:00,22.648709,17.509872,train,17.293052,17.293052,21.02915
2025-08-23 14:00:00+00:00,2025-08-23 10:00:00-04:00,21.2361,21.124417,train,22.648709,22.648709,23.619594
2025-08-23 15:00:00+00:00,2025-08-23 11:00:00-04:00,22.075721,23.093171,train,21.2361,21.2361,27.914531
2025-08-23 16:00:00+00:00,2025-08-23 12:00:00-04:00,26.786772,25.864382,train,22.075721,22.075721,33.564882
2025-08-23 17:00:00+00:00,2025-08-23 13:00:00-04:00,24.621136,29.650824,train,26.786772,26.786772,45.496129
2025-08-23 18:00:00+00:00,2025-08-23 14:00:00-04:00,25.617045,30.973559,train,24.621136,24.621136,28.938863
2025-08-23 19:00:00+00:00,2025-08-23 15:00:00-04:00,35.174207,34.91307,train,25.617045,25.617045,42.278586
2025-08-23 20:00:00+00:00,2025-08-23 16:00:00-04:00,31.814388,35.978683,train,35.174207,35.174207,34.912749
2025-08-23 21:00:00+00:00,2025-08-23 17:00:00-04:00,33.496975,40.919798,train,31.814388,31.814388,49.640168
2025-08-23 22:00:00+00:00,2025-08-23 18:00:00-04:00,35.649543,45.970768,train,33.496975,33.496975,62.347317
2025-08-23 23:00:00+00:00,2025-08-23 19:00:00-04:00,53.00536,40.489284,train,35.649543,35.649543,45.556528
2025-08-24 00:00:00+00:00,2025-08-23 20:00:00-04:00,29.425852,34.811344,train,53.00536,53.00536,36.995692
2025-08-24 01:00:00+00:00,2025-08-23 21:00:00-04:00,29.977724,32.318973,train,29.425852,29.425852,37.46943
2025-08-24 02:00:00+00:00,2025-08-23 22:00:00-04:00,27.614655,27.261539,train,29.977724,29.977724,30.030789
2025-08-24 03:00:00+00:00,2025-08-23 23:00:00-04:00,20.987844,22.965464,train,27.614655,27.614655,24.826493
2025-08-24 04:00:00+00:00,2025-08-24 00:00:00-04:00,20.608296,21.900659,train,20.987844,20.987844,21.915628
2025-08-24 05:00:00+00:00,2025-08-24 01:00:00-04:00,23.054727,21.022992,train,20.608296,20.608296,20.593757
2025-08-24 06:00:00+00:00,2025-08-24 02:00:00-04:00,23.043286,19.295209,train,23.054727,23.054727,21.748519
2025-08-24 07:00:00+00:00,2025-08-24 03:00:00-04:00,19.286213,17.62491,train,23.043286,23.043286,19.130619
2025-08-24 08:00:00+00:00,2025-08-24 04:00:00-04:00,16.7257,16.292014,train,19.286213,19.286213,16.922921
2025-08-24 09:00:00+00:00,2025-08-24 05:00:00-04:00,16.475473,15.701787,train,16.7257,16.7257,18.67881
2025-08-24 10:00:00+00:00,2025-08-24 06:00:00-04:00,17.982849,15.799991,train,16.475473,16.475473,17.927418
2025-08-24 11:00:00+00:00,2025-08-24 07:00:00-04:00,19.190763,15.75115,train,17.982849,17.982849,17.298124
2025-08-24 12:00:00+00:00,2025-08-24 08:00:00-04:00,16.710064,15.695704,train,19.190763,19.190763,17.293052
2025-08-24 13:00:00+00:00,2025-08-24 09:00:00-04:00,21.5824,18.786875,train,16.710064,16.710064,22.648709
2025-08-24 14:00:00+00:00,2025-08-24 10:00:00-04:00,24.816844,21.899255,train,21.5824,21.5824,21.2361
2025-08-24 15:00:00+00:00,2025-08-24 11:00:00-04:00,22.366691,23.242218,train,24.816844,24.816844,22.075721
2025-08-24 16:00:00+00:00,2025-08-24 12:00:00-04:00,26.920209,24.414074,train,22.366691,22.366691,26.786772
2025-08-24 17:00:00+00:00,2025-08-24 13:00:00-04:00,42.027073,28.4744,train,26.920209,26.920209,24.621136
2025-08-24 18:00:00+00:00,2025-08-24 14:00:00-04:00,28.300607,30.208434,train,42.027073,42.027073,25.617045
2025-08-24 19:00:00+00:00,2025-08-24 15:00:00-04:00,28.619512,33.278022,train,28.300607,28.300607,35.174207
2025-08-24 20:00:00+00:00,2025-08-24 16:00:00-04:00,33.873651,36.117939,train,28.619512,28.619512,31.814388
2025-08-24 21:00:00+00:00,2025-08-24 17:00:00-04:00,28.99905,36.161757,train,33.873651,33.873651,33.496975
2025-08-24 22:00:00+00:00,2025-08-24 18:00:00-04:00,44.997658,40.724311,train,28.99905,28.99905,35.649543
2025-08-24 23:00:00+00:00,2025-08-24 19:00:00-04:00,113.191745,45.938842,train,44.997658,44.997658,53.00536
2025-08-25 00:00:00+00:00,2025-08-24 20:00:00-04:00,37.668351,42.067972,train,113.191745,113.191745,29.425852
2025-08-25 01:00:00+00:00,2025-08-24 21:00:00-04:00,33.725956,31.898563,train,37.668351,37.668351,29.977724
2025-08-25 02:00:00+00:00,2025-08-24 22:00:00-04:00,25.406513,29.045988,train,33.725956,33.725956,27.614655
2025-08-25 03:00:00+00:00,2025-08-24 23:00:00-04:00,19.808056,25.058562,train,25.406513,25.406513,20.987844
2025-08-25 04:00:00+00:00,2025-08-25 00:00:00-04:00,17.467415,21.614387,train,19.808056,19.808056,20.608296
2025-08-25 05:00:00+00:00,2025-08-25 01:00:00-04:00,19.608609,21.02307,train,17.467415,17.467415,23.054727
2025-08-25 06:00:00+00:00,2025-08-25 02:00:00-04:00,17.47502,19.263256,train,19.608609,19.608609,23.043286
2025-08-25 07:00:00+00:00,2025-08-25 03:00:00-04:00,15.89895,17.053747,train,17.47502,17.47502,19.286213
2025-08-25 08:00:00+00:00,2025-08-25 04:00:00-04:00,16.620728,18.297474,train,15.89895,15.89895,16.7257
2025-08-25 09:00:00+00:00,2025-08-25 05:00:00-04:00,20.477081,21.489285,train,16.620728,16.620728,16.475473
2025-08-25 10:00:00+00:00,2025-08-25 06:00:00-04:00,25.74455,29.701296,train,20.477081,20.477081,17.982849
2025-08-25 11:00:00+00:00,2025-08-25 07:00:00-04:00,25.074061,26.660746,train,25.74455,25.74455,19.190763
2025-08-25 12:00:00+00:00,2025-08-25 08:00:00-04:00,20.630992,22.916927,train,25.074061,25.074061,16.710064
2025-08-25 13:00:00+00:00,2025-08-25 09:00:00-04:00,17.656936,23.783162,train,20.630992,20.630992,21.5824
2025-08-25 14:00:00+00:00,2025-08-25 10:00:00-04:00,20.59744,24.204855,train,17.656936,17.656936,24.816844
2025-08-25 15:00:00+00:00,2025-08-25 11:00:00-04:00,23.779907,25.639604,train,20.59744,20.59744,22.366691
2025-08-25 16:00:00+00:00,2025-08-25 12:00:00-04:00,26.264172,27.251379,train,23.779907,23.779907,26.920209
2025-08-25 17:00:00+00:00,2025-08-25 13:00:00-04:00,26.112218,32.126381,train,26.264172,26.264172,42.027073
2025-08-25 18:00:00+00:00,2025-08-25 14:00:00-04:00,33.61027,34.437912,train,26.112218,26.112218,28.300607
2025-08-25 19:00:00+00:00,2025-08-25 15:00:00-04:00,24.662597,36.741295,train,33.61027,33.61027,28.619512
2025-08-25 20:00:00+00:00,2025-08-25 16:00:00-04:00,26.993661,38.502743,train,24.662597,24.662597,33.873651
2025-08-25 21:00:00+00:00,2025-08-25 17:00:00-04:00,31.967857,40.377401,train,26.993661,26.993661,28.99905
2025-08-25 22:00:00+00:00,2025-08-25 18:00:00-04:00,35.089407,42.318529,train,31.967857,31.967857,44.997658
2025-08-25 23:00:00+00:00,2025-08-25 19:00:00-04:00,39.31713,42.594002,train,35.089407,35.089407,113.191745
2025-08-26 00:00:00+00:00,2025-08-25 20:00:00-04:00,40.568024,37.709591,train,39.31713,39.31713,37.668351
2025-08-26 01:00:00+00:00,2025-08-25 21:00:00-04:00,34.283269,34.655273,train,40.568024,40.568024,33.725956
2025-08-26 02:00:00+00:00,2025-08-25 22:00:00-04:00,24.694802,27.06005,train,34.283269,34.283269,25.406513
2025-08-26 03:00:00+00:00,2025-08-25 23:00:00-04:00,21.510592,22.569269,train,24.694802,24.694802,19.808056
2025-08-26 04:00:00+00:00,2025-08-26 00:00:00-04:00,18.953959,21.340674,train,21.510592,21.510592,17.467415
2025-08-26 05:00:00+00:00,2025-08-26 01:00:00-04:00,19.579529,21.353366,train,18.953959,18.953959,19.608609
2025-08-26 06:00:00+00:00,2025-08-26 02:00:00-04:00,17.740835,19.24057,train,19.579529,19.579529,17.47502
2025-08-26 07:00:00+00:00,2025-08-26 03:00:00-04:00,16.549908,18.089161,train,17.740835,17.740835,15.89895
2025-08-26 08:00:00+00:00,2025-08-26 04:00:00-04:00,18.207588,18.446891,train,16.549908,16.549908,16.620728
2025-08-26 09:00:00+00:00,2025-08-26 05:00:00-04:00,22.762361,22.020433,train,18.207588,18.207588,20.477081
2025-08-26 10:00:00+00:00,2025-08-26 06:00:00-04:00,24.973498,28.205492,train,22.762361,22.762361,25.74455
2025-08-26 11:00:00+00:00,2025-08-26 07:00:00-04:00,29.148268,27.643546,train,24.973498,24.973498,25.074061
2025-08-26 12:00:00+00:00,2025-08-26 08:00:00-04:00,18.942341,23.652905,train,29.148268,29.148268,20.630992
2025-08-26 13:00:00+00:00,2025-08-26 09:00:00-04:00,17.456858,21.196401,train,18.942341,18.942341,17.656936
2025-08-26 14:00:00+00:00,2025-08-26 10:00:00-04:00,17.359259,22.582659,train,17.456858,17.456858,20.59744
2025-08-26 15:00:00+00:00,2025-08-26 11:00:00-04:00,19.675689,23.519716,train,17.359259,17.359259,23.779907
2025-08-26 16:00:00+00:00,2025-08-26 12:00:00-04:00,22.095752,25.68946,train,19.675689,19.675689,26.264172
2025-08-26 17:00:00+00:00,2025-08-26 13:00:00-04:00,23.020804,27.922768,train,22.095752,22.095752,26.112218
2025-08-26 18:00:00+00:00,2025-08-26 14:00:00-04:00,22.813841,28.985523,train,23.020804,23.020804,33.61027
2025-08-26 19:00:00+00:00,2025-08-26 15:00:00-04:00,21.075616,31.311994,train,22.813841,22.813841,24.662597
2025-08-26 20:00:00+00:00,2025-08-26 16:00:00-04:00,31.506513,34.03013,train,21.075616,21.075616,26.993661
2025-08-26 21:00:00+00:00,2025-08-26 17:00:00-04:00,27.452742,39.789284,train,31.506513,31.506513,31.967857
2025-08-26 22:00:00+00:00,2025-08-26 18:00:00-04:00,27.067586,44.859865,train,27.452742,27.452742,35.089407
2025-08-26 23:00:00+00:00,2025-08-26 19:00:00-04:00,102.899623,46.708855,train,27.067586,27.067586,39.31713
2025-08-27 00:00:00+00:00,2025-08-26 20:00:00-04:00,39.679085,42.798551,train,102.899623,102.899623,40.568024
2025-08-27 01:00:00+00:00,2025-08-26 21:00:00-04:00,36.452068,35.777666,train,39.679085,39.679085,34.283269
2025-08-27 02:00:00+00:00,2025-08-26 22:00:00-04:00,26.73768,28.325417,train,36.452068,36.452068,24.694802
2025-08-27 03:00:00+00:00,2025-08-26 23:00:00-04:00,20.285341,22.800168,train,26.73768,26.73768,21.510592
2025-08-27 04:00:00+00:00,2025-08-27 00:00:00-04:00,16.92294,17.76009,train,20.285341,20.285341,18.953959
2025-08-27 05:00:00+00:00,2025-08-27 01:00:00-04:00,18.449095,18.033111,train,16.92294,16.92294,19.579529
2025-08-27 06:00:00+00:00,2025-08-27 02:00:00-04:00,17.117241,16.699637,train,18.449095,18.449095,17.740835
2025-08-27 07:00:00+00:00,2025-08-27 03:00:00-04:00,15.813788,16.149642,train,17.117241,17.117241,16.549908
2025-08-27 08:00:00+00:00,2025-08-27 04:00:00-04:00,15.536576,15.844841,train,15.813788,15.813788,18.207588
2025-08-27 09:00:00+00:00,2025-08-27 05:00:00-04:00,20.784367,17.071433,train,15.536576,15.536576,22.762361
2025-08-27 10:00:00+00:00,2025-08-27 06:00:00-04:00,21.12469,22.168461,train,20.784367,20.784367,24.973498
2025-08-27 11:00:00+00:00,2025-08-27 07:00:00-04:00,20.076528,21.494481,train,21.12469,21.12469,29.148268
2025-08-27 12:00:00+00:00,2025-08-27 08:00:00-04:00,16.294622,17.449193,train,20.076528,20.076528,18.942341
2025-08-27 13:00:00+00:00,2025-08-27 09:00:00-04:00,15.190986,16.041893,train,16.294622,16.294622,17.456858
2025-08-27 14:00:00+00:00,2025-08-27 10:00:00-04:00,14.593435,16.225886,train,15.190986,15.190986,17.359259
2025-08-27 15:00:00+00:00,2025-08-27 11:00:00-04:00,16.042707,17.02388,train,14.593435,14.593435,19.675689
2025-08-27 16:00:00+00:00,2025-08-27 12:00:00-04:00,16.822563,18.495215,train,16.042707,16.042707,22.095752
2025-08-27 17:00:00+00:00,2025-08-27 13:00:00-04:00,17.022609,19.916244,train,16.822563,16.822563,23.020804
2025-08-27 18:00:00+00:00,2025-08-27 14:00:00-04:00,22.109243,21.660215,train,17.022609,17.022609,22.813841
2025-08-27 19:00:00+00:00,2025-08-27 15:00:00-04:00,20.570564,24.531459,train,22.109243,22.109243,21.075616
2025-08-27 20:00:00+00:00,2025-08-27 16:00:00-04:00,20.547803,26.20516,train,20.570564,20.570564,31.506513
2025-08-27 21:00:00+00:00,2025-08-27 17:00:00-04:00,24.902126,29.443714,train,20.547803,20.547803,27.452742
2025-08-27 22:00:00+00:00,2025-08-27 18:00:00-04:00,44.918032,38.270088,train,24.902126,24.902126,27.067586
2025-08-27 23:00:00+00:00,2025-08-27 19:00:00-04:00,66.845699,44.991629,train,44.918032,44.918032,102.899623
2025-08-28 00:00:00+00:00,2025-08-27 20:00:00-04:00,68.527114,37.174009,train,66.845699,66.845699,39.679085
2025-08-28 01:00:00+00:00,2025-08-27 21:00:00-04:00,26.267913,29.077485,train,68.527114,68.527114,36.452068
2025-08-28 02:00:00+00:00,2025-08-27 22:00:00-04:00,31.001605,27.508035,train,26.267913,26.267913,26.73768
2025-08-28 03:00:00+00:00,2025-08-27 23:00:00-04:00,19.198589,20.785335,train,31.001605,31.001605,20.285341
2025-08-28 04:00:00+00:00,2025-08-28 00:00:00-04:00,32.935287,17.941487,train,19.198589,19.198589,16.92294
2025-08-28 05:00:00+00:00,2025-08-28 01:00:00-04:00,17.220555,17.599022,train,32.935287,32.935287,18.449095
2025-08-28 06:00:00+00:00,2025-08-28 02:00:00-04:00,16.041237,15.892382,train,17.220555,17.220555,17.117241
2025-08-28 07:00:00+00:00,2025-08-28 03:00:00-04:00,15.548484,14.714648,train,16.041237,16.041237,15.813788
2025-08-28 08:00:00+00:00,2025-08-28 04:00:00-04:00,17.079137,15.463854,train,15.548484,15.548484,15.536576
2025-08-28 09:00:00+00:00,2025-08-28 05:00:00-04:00,23.386747,18.095423,train,17.079137,17.079137,20.784367
2025-08-28 10:00:00+00:00,2025-08-28 06:00:00-04:00,52.748933,22.278306,train,23.386747,23.386747,21.12469
2025-08-28 11:00:00+00:00,2025-08-28 07:00:00-04:00,32.554409,22.737605,train,52.748933,52.748933,20.076528
2025-08-28 12:00:00+00:00,2025-08-28 08:00:00-04:00,21.320295,20.639965,train,32.554409,32.554409,16.294622
2025-08-28 13:00:00+00:00,2025-08-28 09:00:00-04:00,21.636723,19.503,train,21.320295,21.320295,15.190986
2025-08-28 14:00:00+00:00,2025-08-28 10:00:00-04:00,27.07145,20.018919,train,21.636723,21.636723,14.593435
2025-08-28 15:00:00+00:00,2025-08-28 11:00:00-04:00,22.54733,21.048185,train,27.07145,27.07145,16.042707
2025-08-28 16:00:00+00:00,2025-08-28 12:00:00-04:00,22.33559,23.576356,train,22.54733,22.54733,16.822563
2025-08-28 17:00:00+00:00,2025-08-28 13:00:00-04:00,36.287147,28.786541,train,22.33559,22.33559,17.022609
2025-08-28 18:00:00+00:00,2025-08-28 14:00:00-04:00,29.307084,30.908916,train,36.287147,36.287147,22.109243
2025-08-28 19:00:00+00:00,2025-08-28 15:00:00-04:00,26.287953,31.870402,train,29.307084,29.307084,20.570564
2025-08-28 20:00:00+00:00,2025-08-28 16:00:00-04:00,30.864947,35.313739,train,26.287953,26.287953,20.547803
2025-08-28 21:00:00+00:00,2025-08-28 17:00:00-04:00,31.700292,35.387932,train,30.864947,30.864947,24.902126
2025-08-28 22:00:00+00:00,2025-08-28 18:00:00-04:00,40.566119,42.999521,train,31.700292,31.700292,44.918032
2025-08-28 23:00:00+00:00,2025-08-28 19:00:00-04:00,73.875818,49.005782,train,40.566119,40.566119,66.845699
2025-08-29 00:00:00+00:00,2025-08-28 20:00:00-04:00,46.934631,41.14667,train,73.875818,73.875818,68.527114
2025-08-29 01:00:00+00:00,2025-08-28 21:00:00-04:00,31.445632,33.661435,train,46.934631,46.934631,26.267913
2025-08-29 02:00:00+00:00,2025-08-28 22:00:00-04:00,38.31452,27.5678,train,31.445632,31.445632,31.001605
2025-08-29 03:00:00+00:00,2025-08-28 23:00:00-04:00,35.050391,20.534982,train,38.31452,38.31452,19.198589
2025-08-29 04:00:00+00:00,2025-08-29 00:00:00-04:00,21.157678,19.532472,train,35.050391,35.050391,32.935287
2025-08-29 05:00:00+00:00,2025-08-29 01:00:00-04:00,19.140068,19.396992,train,21.157678,21.157678,17.220555
2025-08-29 06:00:00+00:00,2025-08-29 02:00:00-04:00,17.241187,16.710587,train,19.140068,19.140068,16.041237
2025-08-29 07:00:00+00:00,2025-08-29 03:00:00-04:00,17.584508,15.780893,train,17.241187,17.241187,15.548484
2025-08-29 08:00:00+00:00,2025-08-29 04:00:00-04:00,18.929514,16.918352,train,17.584508,17.584508,17.079137
2025-08-29 09:00:00+00:00,2025-08-29 05:00:00-04:00,19.807655,19.718229,train,18.929514,18.929514,23.386747
2025-08-29 10:00:00+00:00,2025-08-29 06:00:00-04:00,32.428697,28.941486,train,19.807655,19.807655,52.748933
2025-08-29 11:00:00+00:00,2025-08-29 07:00:00-04:00,25.889766,26.64854,train,32.428697,32.428697,32.554409
2025-08-29 12:00:00+00:00,2025-08-29 08:00:00-04:00,23.802729,19.074579,train,25.889766,25.889766,21.320295
2025-08-29 13:00:00+00:00,2025-08-29 09:00:00-04:00,18.255237,19.191474,train,23.802729,23.802729,21.636723
2025-08-29 14:00:00+00:00,2025-08-29 10:00:00-04:00,18.577135,19.979483,train,18.255237,18.255237,27.07145
2025-08-29 15:00:00+00:00,2025-08-29 11:00:00-04:00,19.628676,20.846841,train,18.577135,18.577135,22.54733
2025-08-29 16:00:00+00:00,2025-08-29 12:00:00-04:00,24.177841,21.924463,train,19.628676,19.628676,22.33559
2025-08-29 17:00:00+00:00,2025-08-29 13:00:00-04:00,21.1449,25.720841,train,24.177841,24.177841,36.287147
2025-08-29 18:00:00+00:00,2025-08-29 14:00:00-04:00,28.126497,28.568835,train,21.1449,21.1449,29.307084
2025-08-29 19:00:00+00:00,2025-08-29 15:00:00-04:00,24.834847,29.338693,train,28.126497,28.126497,26.287953
2025-08-29 20:00:00+00:00,2025-08-29 16:00:00-04:00,27.970612,30.409616,train,24.834847,24.834847,30.864947
2025-08-29 21:00:00+00:00,2025-08-29 17:00:00-04:00,31.623304,31.912955,train,27.970612,27.970612,31.700292
2025-08-29 22:00:00+00:00,2025-08-29 18:00:00-04:00,37.768808,43.284419,train,31.623304,31.623304,40.566119
2025-08-29 23:00:00+00:00,2025-08-29 19:00:00-04:00,75.419827,48.819022,train,37.768808,37.768808,73.875818
2025-08-30 00:00:00+00:00,2025-08-29 20:00:00-04:00,41.373914,37.722696,train,75.419827,75.419827,46.934631
2025-08-30 01:00:00+00:00,2025-08-29 21:00:00-04:00,29.470298,28.345957,train,41.373914,41.373914,31.445632
2025-08-30 02:00:00+00:00,2025-08-29 22:00:00-04:00,28.493556,25.018091,train,29.470298,29.470298,38.31452
2025-08-30 03:00:00+00:00,2025-08-29 23:00:00-04:00,23.442377,18.243703,train,28.493556,28.493556,35.050391
2025-08-30 04:00:00+00:00,2025-08-30 00:00:00-04:00,16.038592,18.519336,train,23.442377,23.442377,21.157678
2025-08-30 05:00:00+00:00,2025-08-30 01:00:00-04:00,19.580741,19.298978,train,16.038592,16.038592,19.140068
2025-08-30 06:00:00+00:00,2025-08-30 02:00:00-04:00,19.52864,16.965745,train,19.580741,19.580741,17.241187
2025-08-30 07:00:00+00:00,2025-08-30 03:00:00-04:00,15.607683,15.961705,train,19.52864,19.52864,17.584508
2025-08-30 08:00:00+00:00,2025-08-30 04:00:00-04:00,15.218268,15.603951,train,15.607683,15.607683,18.929514
2025-08-30 09:00:00+00:00,2025-08-30 05:00:00-04:00,16.502924,16.454801,train,15.218268,15.218268,19.807655
2025-08-30 10:00:00+00:00,2025-08-30 06:00:00-04:00,17.462839,17.342924,train,16.502924,16.502924,32.428697
2025-08-30 11:00:00+00:00,2025-08-30 07:00:00-04:00,15.509832,16.944866,train,17.462839,17.462839,25.889766
2025-08-30 12:00:00+00:00,2025-08-30 08:00:00-04:00,11.786443,14.970778,train,15.509832,15.509832,23.802729
2025-08-30 13:00:00+00:00,2025-08-30 09:00:00-04:00,11.156313,14.349706,train,11.786443,11.786443,18.255237
2025-08-30 14:00:00+00:00,2025-08-30 10:00:00-04:00,13.167272,15.308523,train,11.156313,11.156313,18.577135
2025-08-30 15:00:00+00:00,2025-08-30 11:00:00-04:00,14.612313,16.334048,train,13.167272,13.167272,19.628676
2025-08-30 16:00:00+00:00,2025-08-30 12:00:00-04:00,15.754517,17.01329,train,14.612313,14.612313,24.177841
2025-08-30 17:00:00+00:00,2025-08-30 13:00:00-04:00,16.038004,17.914141,train,15.754517,15.754517,21.1449
2025-08-30 18:00:00+00:00,2025-08-30 14:00:00-04:00,15.815188,18.327457,train,16.038004,16.038004,28.126497
2025-08-30 19:00:00+00:00,2025-08-30 15:00:00-04:00,17.984811,22.26582,train,15.815188,15.815188,24.834847
2025-08-30 20:00:00+00:00,2025-08-30 16:00:00-04:00,20.055108,26.563058,train,17.984811,17.984811,27.970612
2025-08-30 21:00:00+00:00,2025-08-30 17:00:00-04:00,21.128145,28.623476,train,20.055108,20.055108,31.623304
2025-08-30 22:00:00+00:00,2025-08-30 18:00:00-04:00,27.434829,37.106183,train,21.128145,21.128145,37.768808
2025-08-30 23:00:00+00:00,2025-08-30 19:00:00-04:00,36.387798,46.129719,train,27.434829,27.434829,75.419827
2025-08-31 00:00:00+00:00,2025-08-30 20:00:00-04:00,25.927184,32.245905,train,36.387798,36.387798,41.373914
2025-08-31 01:00:00+00:00,2025-08-30 21:00:00-04:00,22.970225,25.814869,train,25.927184,25.927184,29.470298
2025-08-31 02:00:00+00:00,2025-08-30 22:00:00-04:00,20.955375,23.207307,train,22.970225,22.970225,28.493556
2025-08-31 03:00:00+00:00,2025-08-30 23:00:00-04:00,17.346918,17.912281,train,20.955375,20.955375,23.442377
2025-08-31 04:00:00+00:00,2025-08-31 00:00:00-04:00,16.642475,15.048036,train,17.346918,17.346918,16.038592
2025-08-31 05:00:00+00:00,2025-08-31 01:00:00-04:00,16.650166,14.460087,train,16.642475,16.642475,19.580741
2025-08-31 06:00:00+00:00,2025-08-31 02:00:00-04:00,16.41228,14.166882,train,16.650166,16.650166,19.52864
2025-08-31 07:00:00+00:00,2025-08-31 03:00:00-04:00,12.826487,13.381426,train,16.41228,16.41228,15.607683
2025-08-31 08:00:00+00:00,2025-08-31 04:00:00-04:00,13.491997,13.811555,train,12.826487,12.826487,15.218268
2025-08-31 09:00:00+00:00,2025-08-31 05:00:00-04:00,15.191809,14.320317,train,13.491997,13.491997,16.502924
2025-08-31 10:00:00+00:00,2025-08-31 06:00:00-04:00,14.657918,14.546838,train,15.191809,15.191809,17.462839
2025-08-31 11:00:00+00:00,2025-08-31 07:00:00-04:00,13.411643,14.290554,train,14.657918,14.657918,15.509832
2025-08-31 12:00:00+00:00,2025-08-31 08:00:00-04:00,10.747348,12.417224,train,13.411643,13.411643,11.786443
2025-08-31 13:00:00+00:00,2025-08-31 09:00:00-04:00,10.868237,12.205971,train,10.747348,10.747348,11.156313
2025-08-31 14:00:00+00:00,2025-08-31 10:00:00-04:00,15.308673,13.349866,train,10.868237,10.868237,13.167272
2025-08-31 15:00:00+00:00,2025-08-31 11:00:00-04:00,13.759096,14.338786,train,15.308673,15.308673,14.612313
2025-08-31 16:00:00+00:00,2025-08-31 12:00:00-04:00,14.338986,15.66882,train,13.759096,13.759096,15.754517
2025-08-31 17:00:00+00:00,2025-08-31 13:00:00-04:00,15.146878,16.579128,train,14.338986,14.338986,16.038004
2025-08-31 18:00:00+00:00,2025-08-31 14:00:00-04:00,16.01202,19.387646,train,15.146878,15.146878,15.815188
2025-08-31 19:00:00+00:00,2025-08-31 15:00:00-04:00,15.572853,22.099295,train,16.01202,16.01202,17.984811
2025-08-31 20:00:00+00:00,2025-08-31 16:00:00-04:00,17.044316,25.374571,train,15.572853,15.572853,20.055108
2025-08-31 21:00:00+00:00,2025-08-31 17:00:00-04:00,17.906187,28.69752,train,17.044316,17.044316,21.128145
2025-08-31 22:00:00+00:00,2025-08-31 18:00:00-04:00,23.620103,37.945704,train,17.906187,17.906187,27.434829
2025-08-31 23:00:00+00:00,2025-08-31 19:00:00-04:00,36.91843,49.108806,train,23.620103,23.620103,36.387798
2025-09-01 00:00:00+00:00,2025-08-31 20:00:00-04:00,31.502321,36.073846,train,36.91843,36.91843,25.927184
2025-09-01 01:00:00+00:00,2025-08-31 21:00:00-04:00,21.12229,27.092673,train,31.502321,31.502321,22.970225
2025-09-01 02:00:00+00:00,2025-08-31 22:00:00-04:00,26.198267,24.815759,train,21.12229,21.12229,20.955375
2025-09-01 03:00:00+00:00,2025-08-31 23:00:00-04:00,21.86769,18.752447,train,26.198267,26.198267,17.346918
2025-09-01 04:00:00+00:00,2025-09-01 00:00:00-04:00,16.823266,14.736288,train,21.86769,21.86769,16.642475
2025-09-01 05:00:00+00:00,2025-09-01 01:00:00-04:00,19.418704,15.397777,train,16.823266,16.823266,16.650166
2025-09-01 06:00:00+00:00,2025-09-01 02:00:00-04:00,16.228618,13.938244,train,19.418704,19.418704,16.41228
2025-09-01 07:00:00+00:00,2025-09-01 03:00:00-04:00,15.806917,13.752769,train,16.228618,16.228618,12.826487
2025-09-01 08:00:00+00:00,2025-09-01 04:00:00-04:00,16.476587,13.253121,train,15.806917,15.806917,13.491997
2025-09-01 09:00:00+00:00,2025-09-01 05:00:00-04:00,16.700955,14.495459,train,16.476587,16.476587,15.191809
2025-09-01 10:00:00+00:00,2025-09-01 06:00:00-04:00,18.391027,16.707903,train,16.700955,16.700955,14.657918
2025-09-01 11:00:00+00:00,2025-09-01 07:00:00-04:00,12.94166,14.647466,train,18.391027,18.391027,13.411643
2025-09-01 12:00:00+00:00,2025-09-01 08:00:00-04:00,10.774641,12.012005,train,12.94166,12.94166,10.747348
2025-09-01 13:00:00+00:00,2025-09-01 09:00:00-04:00,12.343352,12.426786,train,10.774641,10.774641,10.868237
2025-09-01 14:00:00+00:00,2025-09-01 10:00:00-04:00,5.235285,15.041052,train,12.343352,12.343352,15.308673
2025-09-01 15:00:00+00:00,2025-09-01 11:00:00-04:00,17.054061,16.02874,train,5.235285,5.235285,13.759096
2025-09-01 16:00:00+00:00,2025-09-01 12:00:00-04:00,14.885651,18.036825,train,17.054061,17.054061,14.338986
2025-09-01 17:00:00+00:00,2025-09-01 13:00:00-04:00,20.284658,20.246736,train,14.885651,14.885651,15.146878
2025-09-01 18:00:00+00:00,2025-09-01 14:00:00-04:00,23.690526,23.046196,train,20.284658,20.284658,16.01202
2025-09-01 19:00:00+00:00,2025-09-01 15:00:00-04:00,26.682549,25.631803,train,23.690526,23.690526,15.572853
2025-09-01 20:00:00+00:00,2025-09-01 16:00:00-04:00,25.279225,31.283569,train,26.682549,26.682549,17.044316
2025-09-01 21:00:00+00:00,2025-09-01 17:00:00-04:00,27.107497,35.114604,train,25.279225,25.279225,17.906187
2025-09-01 22:00:00+00:00,2025-09-01 18:00:00-04:00,61.948247,48.440935,train,27.107497,27.107497,23.620103
2025-09-01 23:00:00+00:00,2025-09-01 19:00:00-04:00,74.912972,60.050066,train,61.948247,61.948247,36.91843
2025-09-02 00:00:00+00:00,2025-09-01 20:00:00-04:00,57.663328,48.440908,train,74.912972,74.912972,31.502321
2025-09-02 01:00:00+00:00,2025-09-01 21:00:00-04:00,39.225463,35.558806,train,57.663328,57.663328,21.12229
2025-09-02 02:00:00+00:00,2025-09-01 22:00:00-04:00,31.575786,28.804633,train,39.225463,39.225463,26.198267
2025-09-02 03:00:00+00:00,2025-09-01 23:00:00-04:00,23.517342,22.131322,train,31.575786,31.575786,21.86769
2025-09-02 04:00:00+00:00,2025-09-02 00:00:00-04:00,15.129195,21.418771,train,23.517342,23.517342,16.823266
2025-09-02 05:00:00+00:00,2025-09-02 01:00:00-04:00,17.639418,20.159052,train,15.129195,15.129195,19.418704
2025-09-02 06:00:00+00:00,2025-09-02 02:00:00-04:00,15.059504,17.86309,train,17.639418,17.639418,16.228618
2025-09-02 07:00:00+00:00,2025-09-02 03:00:00-04:00,15.268328,16.947546,train,15.059504,15.059504,15.806917
2025-09-02 08:00:00+00:00,2025-09-02 04:00:00-04:00,16.120296,18.208585,train,15.268328,15.268328,16.476587
2025-09-02 09:00:00+00:00,2025-09-02 05:00:00-04:00,19.804063,22.327469,train,16.120296,16.120296,16.700955
2025-09-02 10:00:00+00:00,2025-09-02 06:00:00-04:00,32.563519,35.788236,train,19.804063,19.804063,18.391027
2025-09-02 11:00:00+00:00,2025-09-02 07:00:00-04:00,50.172194,32.89003,train,32.563519,32.563519,12.94166
2025-09-02 12:00:00+00:00,2025-09-02 08:00:00-04:00,17.036881,22.385864,train,50.172194,50.172194,10.774641
2025-09-02 13:00:00+00:00,2025-09-02 09:00:00-04:00,16.288233,21.911642,train,17.036881,17.036881,12.343352
2025-09-02 14:00:00+00:00,2025-09-02 10:00:00-04:00,19.441095,23.601691,train,16.288233,16.288233,5.235285
2025-09-02 15:00:00+00:00,2025-09-02 11:00:00-04:00,24.035915,26.429445,train,19.441095,19.441095,17.054061
2025-09-02 16:00:00+00:00,2025-09-02 12:00:00-04:00,28.59054,30.165617,train,24.035915,24.035915,14.885651
2025-09-02 17:00:00+00:00,2025-09-02 13:00:00-04:00,30.056452,35.900832,train,28.59054,28.59054,20.284658
2025-09-02 18:00:00+00:00,2025-09-02 14:00:00-04:00,32.906622,39.496362,train,30.056452,30.056452,23.690526
2025-09-02 19:00:00+00:00,2025-09-02 15:00:00-04:00,29.781143,38.579993,train,32.906622,32.906622,26.682549
2025-09-02 20:00:00+00:00,2025-09-02 16:00:00-04:00,31.625637,40.358184,train,29.781143,29.781143,25.279225
2025-09-02 21:00:00+00:00,2025-09-02 17:00:00-04:00,57.808465,47.480843,train,31.625637,31.625637,27.107497
2025-09-02 22:00:00+00:00,2025-09-02 18:00:00-04:00,66.239722,60.653387,train,57.808465,57.808465,61.948247
2025-09-02 23:00:00+00:00,2025-09-02 19:00:00-04:00,101.133608,75.718769,train,66.239722,66.239722,74.912972
2025-09-03 00:00:00+00:00,2025-09-02 20:00:00-04:00,54.079172,56.132427,train,101.133608,101.133608,57.663328
2025-09-03 01:00:00+00:00,2025-09-02 21:00:00-04:00,33.831033,37.764399,train,54.079172,54.079172,39.225463
2025-09-03 02:00:00+00:00,2025-09-02 22:00:00-04:00,29.148033,34.961216,train,33.831033,33.831033,31.575786
2025-09-03 03:00:00+00:00,2025-09-02 23:00:00-04:00,27.024162,25.76883,train,29.148033,29.148033,23.517342
2025-09-03 04:00:00+00:00,2025-09-03 00:00:00-04:00,16.311171,21.489831,train,27.024162,27.024162,15.129195
2025-09-03 05:00:00+00:00,2025-09-03 01:00:00-04:00,19.769832,20.163414,train,16.311171,16.311171,17.639418
2025-09-03 06:00:00+00:00,2025-09-03 02:00:00-04:00,16.934953,17.048968,train,19.769832,19.769832,15.059504
2025-09-03 07:00:00+00:00,2025-09-03 03:00:00-04:00,16.780056,15.771728,train,16.934953,16.934953,15.268328
2025-09-03 08:00:00+00:00,2025-09-03 04:00:00-04:00,16.152874,16.471607,train,16.780056,16.780056,16.120296
2025-09-03 09:00:00+00:00,2025-09-03 05:00:00-04:00,18.477131,20.138594,train,16.152874,16.152874,19.804063
2025-09-03 10:00:00+00:00,2025-09-03 06:00:00-04:00,20.529979,26.967052,train,18.477131,18.477131,32.563519
2025-09-03 11:00:00+00:00,2025-09-03 07:00:00-04:00,19.241346,27.474788,train,20.529979,20.529979,50.172194
2025-09-03 12:00:00+00:00,2025-09-03 08:00:00-04:00,15.749401,20.151135,train,19.241346,19.241346,17.036881
2025-09-03 13:00:00+00:00,2025-09-03 09:00:00-04:00,15.346151,19.396546,train,15.749401,15.749401,16.288233
2025-09-03 14:00:00+00:00,2025-09-03 10:00:00-04:00,18.452726,20.578268,train,15.346151,15.346151,19.441095
2025-09-03 15:00:00+00:00,2025-09-03 11:00:00-04:00,19.695263,21.667195,train,18.452726,18.452726,24.035915
2025-09-03 16:00:00+00:00,2025-09-03 12:00:00-04:00,20.944493,23.144408,train,19.695263,19.695263,28.59054
2025-09-03 17:00:00+00:00,2025-09-03 13:00:00-04:00,30.36015,27.281669,train,20.944493,20.944493,30.056452
2025-09-03 18:00:00+00:00,2025-09-03 14:00:00-04:00,33.725815,30.29019,train,30.36015,30.36015,32.906622
2025-09-03 19:00:00+00:00,2025-09-03 15:00:00-04:00,26.247114,34.654983,train,33.725815,33.725815,29.781143
2025-09-03 20:00:00+00:00,2025-09-03 16:00:00-04:00,100.558177,36.678236,train,26.247114,26.247114,31.625637
2025-09-03 21:00:00+00:00,2025-09-03 17:00:00-04:00,51.766754,41.920932,train,100.558177,100.558177,57.808465
2025-09-03 22:00:00+00:00,2025-09-03 18:00:00-04:00,46.826059,52.940629,train,51.766754,51.766754,66.239722
2025-09-03 23:00:00+00:00,2025-09-03 19:00:00-04:00,61.917198,61.686252,train,46.826059,46.826059,101.133608
2025-09-04 00:00:00+00:00,2025-09-03 20:00:00-04:00,46.815898,47.5006,train,61.917198,61.917198,54.079172
2025-09-04 01:00:00+00:00,2025-09-03 21:00:00-04:00,40.658983,38.060482,train,46.815898,46.815898,33.831033
2025-09-04 02:00:00+00:00,2025-09-03 22:00:00-04:00,25.082464,30.973669,train,40.658983,40.658983,29.148033
2025-09-04 03:00:00+00:00,2025-09-03 23:00:00-04:00,24.857532,23.808186,train,25.082464,25.082464,27.024162
2025-09-04 04:00:00+00:00,2025-09-04 00:00:00-04:00,23.515102,21.08242,train,24.857532,24.857532,16.311171
2025-09-04 05:00:00+00:00,2025-09-04 01:00:00-04:00,25.420219,21.157745,train,23.515102,23.515102,19.769832
2025-09-04 06:00:00+00:00,2025-09-04 02:00:00-04:00,21.213118,18.566079,train,25.420219,25.420219,16.934953
2025-09-04 07:00:00+00:00,2025-09-04 03:00:00-04:00,21.744001,18.082135,train,21.213118,21.213118,16.780056
2025-09-04 08:00:00+00:00,2025-09-04 04:00:00-04:00,20.987924,18.731001,train,21.744001,21.744001,16.152874
2025-09-04 09:00:00+00:00,2025-09-04 05:00:00-04:00,27.663579,22.293227,train,20.987924,20.987924,18.477131
2025-09-04 10:00:00+00:00,2025-09-04 06:00:00-04:00,53.799989,31.900302,train,27.663579,27.663579,20.529979
2025-09-04 11:00:00+00:00,2025-09-04 07:00:00-04:00,40.057162,33.260598,train,53.799989,53.799989,19.241346
2025-09-04 12:00:00+00:00,2025-09-04 08:00:00-04:00,29.978143,24.356217,train,40.057162,40.057162,15.749401
2025-09-04 13:00:00+00:00,2025-09-04 09:00:00-04:00,25.787912,24.739263,train,29.978143,29.978143,15.346151
2025-09-04 14:00:00+00:00,2025-09-04 10:00:00-04:00,27.198688,25.067335,train,25.787912,25.787912,18.452726
2025-09-04 15:00:00+00:00,2025-09-04 11:00:00-04:00,26.991559,25.664247,train,27.198688,27.198688,19.695263
2025-09-04 16:00:00+00:00,2025-09-04 12:00:00-04:00,27.625167,33.093897,train,26.991559,26.991559,20.944493
2025-09-04 17:00:00+00:00,2025-09-04 13:00:00-04:00,88.425567,43.647934,train,27.625167,27.625167,30.36015
2025-09-04 18:00:00+00:00,2025-09-04 14:00:00-04:00,31.494831,44.443358,train,88.425567,88.425567,33.725815
2025-09-04 19:00:00+00:00,2025-09-04 15:00:00-04:00,30.647718,44.339998,train,31.494831,31.494831,26.247114
2025-09-04 20:00:00+00:00,2025-09-04 16:00:00-04:00,27.212516,73.140755,train,30.647718,30.647718,100.558177
2025-09-04 21:00:00+00:00,2025-09-04 17:00:00-04:00,30.999366,72.020167,train,27.212516,27.212516,51.766754
2025-09-04 22:00:00+00:00,2025-09-04 18:00:00-04:00,46.911888,67.723029,train,30.999366,30.999366,46.826059
2025-09-04 23:00:00+00:00,2025-09-04 19:00:00-04:00,119.817493,78.117963,train,46.911888,46.911888,61.917198
2025-09-05 00:00:00+00:00,2025-09-04 20:00:00-04:00,277.804706,60.914274,train,119.817493,119.817493,46.815898
2025-09-05 01:00:00+00:00,2025-09-04 21:00:00-04:00,30.207283,41.508003,train,277.804706,277.804706,40.658983
2025-09-05 02:00:00+00:00,2025-09-04 22:00:00-04:00,34.866678,30.849166,train,30.207283,30.207283,25.082464
2025-09-05 03:00:00+00:00,2025-09-04 23:00:00-04:00,26.42863,25.134628,train,34.866678,34.866678,24.857532
2025-09-05 04:00:00+00:00,2025-09-05 00:00:00-04:00,25.726228,22.752634,train,26.42863,26.42863,23.515102
2025-09-05 05:00:00+00:00,2025-09-05 01:00:00-04:00,19.718265,19.535582,train,25.726228,25.726228,25.420219
2025-09-05 06:00:00+00:00,2025-09-05 02:00:00-04:00,17.745849,18.015018,train,19.718265,19.718265,21.213118
2025-09-05 07:00:00+00:00,2025-09-05 03:00:00-04:00,15.245532,16.996065,train,17.745849,17.745849,21.744001
2025-09-05 08:00:00+00:00,2025-09-05 04:00:00-04:00,16.734013,17.023445,train,15.245532,15.245532,20.987924
2025-09-05 09:00:00+00:00,2025-09-05 05:00:00-04:00,21.268502,19.780112,train,16.734013,16.734013,27.663579
2025-09-05 10:00:00+00:00,2025-09-05 06:00:00-04:00,48.442349,27.46969,train,21.268502,21.268502,53.799989
2025-09-05 11:00:00+00:00,2025-09-05 07:00:00-04:00,30.544858,28.384028,train,48.442349,48.442349,40.057162
2025-09-05 12:00:00+00:00,2025-09-05 08:00:00-04:00,21.253152,23.668817,train,30.544858,30.544858,29.978143
2025-09-05 13:00:00+00:00,2025-09-05 09:00:00-04:00,17.959118,24.770021,train,21.253152,21.253152,25.787912
2025-09-05 14:00:00+00:00,2025-09-05 10:00:00-04:00,18.095145,30.086871,train,17.959118,17.959118,27.198688
2025-09-05 15:00:00+00:00,2025-09-05 11:00:00-04:00,21.128364,43.602061,train,18.095145,18.095145,26.991559
2025-09-05 16:00:00+00:00,2025-09-05 12:00:00-04:00,26.718016,72.842262,train,21.128364,21.128364,27.625167
2025-09-05 17:00:00+00:00,2025-09-05 13:00:00-04:00,37.964887,80.728683,train,26.718016,26.718016,88.425567
2025-09-05 18:00:00+00:00,2025-09-05 14:00:00-04:00,34.63276,83.773534,train,37.964887,37.964887,31.494831
2025-09-05 19:00:00+00:00,2025-09-05 15:00:00-04:00,35.801552,104.020441,train,34.63276,34.63276,30.647718
2025-09-05 20:00:00+00:00,2025-09-05 16:00:00-04:00,52.989336,117.170596,train,35.801552,35.801552,27.212516
2025-09-05 21:00:00+00:00,2025-09-05 17:00:00-04:00,133.140757,110.48674,train,52.989336,52.989336,30.999366
2025-09-05 22:00:00+00:00,2025-09-05 18:00:00-04:00,40.751892,116.667317,train,133.140757,133.140757,46.911888
2025-09-05 23:00:00+00:00,2025-09-05 19:00:00-04:00,46.767537,105.000097,train,40.751892,40.751892,119.817493
2025-09-06 00:00:00+00:00,2025-09-05 20:00:00-04:00,36.317732,71.802434,train,46.767537,46.767537,277.804706
2025-09-06 01:00:00+00:00,2025-09-05 21:00:00-04:00,35.696772,47.390276,train,36.317732,36.317732,30.207283
2025-09-06 02:00:00+00:00,2025-09-05 22:00:00-04:00,77.240243,39.487492,train,35.696772,35.696772,34.866678
2025-09-06 03:00:00+00:00,2025-09-05 23:00:00-04:00,120.003697,29.307211,train,77.240243,77.240243,26.42863
2025-09-06 04:00:00+00:00,2025-09-06 00:00:00-04:00,26.194932,35.916285,train,120.003697,120.003697,25.726228
2025-09-06 05:00:00+00:00,2025-09-06 01:00:00-04:00,25.369701,33.400778,train,26.194932,26.194932,19.718265
2025-09-06 06:00:00+00:00,2025-09-06 02:00:00-04:00,23.589633,28.865871,train,25.369701,25.369701,17.745849
2025-09-06 07:00:00+00:00,2025-09-06 03:00:00-04:00,25.830759,26.220016,train,23.589633,23.589633,15.245532
2025-09-06 08:00:00+00:00,2025-09-06 04:00:00-04:00,21.161776,26.080111,train,25.830759,25.830759,16.734013
2025-09-06 09:00:00+00:00,2025-09-06 05:00:00-04:00,21.148429,27.412666,train,21.161776,21.161776,21.268502
2025-09-06 10:00:00+00:00,2025-09-06 06:00:00-04:00,22.430594,27.168086,train,21.148429,21.148429,48.442349
2025-09-06 11:00:00+00:00,2025-09-06 07:00:00-04:00,22.959799,27.890805,train,22.430594,22.430594,30.544858
2025-09-06 12:00:00+00:00,2025-09-06 08:00:00-04:00,22.604451,27.87499,train,22.959799,22.959799,21.253152
2025-09-06 13:00:00+00:00,2025-09-06 09:00:00-04:00,26.688415,34.526481,train,22.604451,22.604451,17.959118
2025-09-06 14:00:00+00:00,2025-09-06 10:00:00-04:00,26.068309,51.178485,train,26.688415,26.688415,18.095145
2025-09-06 15:00:00+00:00,2025-09-06 11:00:00-04:00,24.258671,81.93608,train,26.068309,26.068309,21.128364
2025-09-06 16:00:00+00:00,2025-09-06 12:00:00-04:00,84.527541,99.867181,train,24.258671,24.258671,26.718016
2025-09-06 17:00:00+00:00,2025-09-06 13:00:00-04:00,131.811329,155.019838,train,84.527541,84.527541,37.964887
2025-09-06 18:00:00+00:00,2025-09-06 14:00:00-04:00,148.866405,176.956655,train,131.811329,131.811329,34.63276
2025-09-06 19:00:00+00:00,2025-09-06 15:00:00-04:00,188.930861,155.019931,train,148.866405,148.866405,35.801552
2025-09-06 20:00:00+00:00,2025-09-06 16:00:00-04:00,96.500545,119.146673,train,188.930861,188.930861,52.989336
2025-09-06 21:00:00+00:00,2025-09-06 17:00:00-04:00,29.71291,97.898279,train,96.500545,96.500545,133.140757
2025-09-06 22:00:00+00:00,2025-09-06 18:00:00-04:00,31.549803,77.906055,train,29.71291,29.71291,40.751892
2025-09-06 23:00:00+00:00,2025-09-06 19:00:00-04:00,40.932375,62.992349,train,31.549803,31.549803,46.767537
2025-09-07 00:00:00+00:00,2025-09-06 20:00:00-04:00,33.456287,49.264093,train,40.932375,40.932375,36.317732
2025-09-07 01:00:00+00:00,2025-09-06 21:00:00-04:00,89.146145,35.894661,train,33.456287,33.456287,35.696772
2025-09-07 02:00:00+00:00,2025-09-06 22:00:00-04:00,61.784488,30.825447,train,89.146145,89.146145,77.240243
2025-09-07 03:00:00+00:00,2025-09-06 23:00:00-04:00,31.017145,26.476366,train,61.784488,61.784488,120.003697
2025-09-07 04:00:00+00:00,2025-09-07 00:00:00-04:00,23.724768,26.568167,train,31.017145,31.017145,26.194932
2025-09-07 05:00:00+00:00,2025-09-07 01:00:00-04:00,23.819799,24.65466,train,23.724768,23.724768,25.369701
2025-09-07 06:00:00+00:00,2025-09-07 02:00:00-04:00,41.698951,21.525393,train,23.819799,23.819799,23.589633
2025-09-07 07:00:00+00:00,2025-09-07 03:00:00-04:00,28.969011,20.399486,train,41.698951,41.698951,25.830759
2025-09-07 08:00:00+00:00,2025-09-07 04:00:00-04:00,20.18022,19.57722,train,28.969011,28.969011,21.161776
2025-09-07 09:00:00+00:00,2025-09-07 05:00:00-04:00,20.53505,20.264908,train,20.18022,20.18022,21.148429
2025-09-07 10:00:00+00:00,2025-09-07 06:00:00-04:00,22.911079,20.268655,train,20.53505,20.53505,22.430594
2025-09-07 11:00:00+00:00,2025-09-07 07:00:00-04:00,24.210959,20.530005,train,22.911079,22.911079,22.959799
2025-09-07 12:00:00+00:00,2025-09-07 08:00:00-04:00,30.37723,20.823827,train,24.210959,24.210959,22.604451
2025-09-07 13:00:00+00:00,2025-09-07 09:00:00-04:00,23.206731,20.49721,train,30.37723,30.37723,26.688415
2025-09-07 14:00:00+00:00,2025-09-07 10:00:00-04:00,26.064791,21.269901,train,23.206731,23.206731,26.068309
2025-09-07 15:00:00+00:00,2025-09-07 11:00:00-04:00,22.187975,20.445588,train,26.064791,26.064791,24.258671
2025-09-07 16:00:00+00:00,2025-09-07 12:00:00-04:00,23.834685,20.332705,train,22.187975,22.187975,84.527541
2025-09-07 17:00:00+00:00,2025-09-07 13:00:00-04:00,23.004026,21.123638,train,23.834685,23.834685,131.811329
2025-09-07 18:00:00+00:00,2025-09-07 14:00:00-04:00,21.318071,22.254128,train,23.004026,23.004026,148.866405
2025-09-07 19:00:00+00:00,2025-09-07 15:00:00-04:00,26.161352,23.087641,train,21.318071,21.318071,188.930861
2025-09-07 20:00:00+00:00,2025-09-07 16:00:00-04:00,31.566867,26.102787,train,26.161352,26.161352,96.500545
2025-09-07 21:00:00+00:00,2025-09-07 17:00:00-04:00,28.021335,30.412396,train,31.566867,31.566867,29.71291
2025-09-07 22:00:00+00:00,2025-09-07 18:00:00-04:00,43.410817,39.493985,train,28.021335,28.021335,31.549803
2025-09-07 23:00:00+00:00,2025-09-07 19:00:00-04:00,67.652624,52.087467,train,43.410817,43.410817,40.932375
2025-09-08 00:00:00+00:00,2025-09-07 20:00:00-04:00,48.600842,44.399604,train,67.652624,67.652624,33.456287
2025-09-08 01:00:00+00:00,2025-09-07 21:00:00-04:00,31.761458,30.377733,train,48.600842,48.600842,89.146145
2025-09-08 02:00:00+00:00,2025-09-07 22:00:00-04:00,25.911636,28.97794,train,31.761458,31.761458,61.784488
2025-09-08 03:00:00+00:00,2025-09-07 23:00:00-04:00,23.032254,23.801347,train,25.911636,25.911636,31.017145
2025-09-08 04:00:00+00:00,2025-09-08 00:00:00-04:00,22.938044,21.404426,train,23.032254,23.032254,23.724768
2025-09-08 05:00:00+00:00,2025-09-08 01:00:00-04:00,21.516501,21.019717,train,22.938044,22.938044,23.819799
2025-09-08 06:00:00+00:00,2025-09-08 02:00:00-04:00,20.800948,18.831577,train,21.516501,21.516501,41.698951
2025-09-08 07:00:00+00:00,2025-09-08 03:00:00-04:00,19.812623,18.117825,train,20.800948,20.800948,28.969011
2025-09-08 08:00:00+00:00,2025-09-08 04:00:00-04:00,19.431084,19.089986,train,19.812623,19.812623,20.18022
2025-09-08 09:00:00+00:00,2025-09-08 05:00:00-04:00,20.1032,24.988003,train,19.431084,19.431084,20.53505
2025-09-08 10:00:00+00:00,2025-09-08 06:00:00-04:00,28.722854,42.007514,train,20.1032,20.1032,22.911079
2025-09-08 11:00:00+00:00,2025-09-08 07:00:00-04:00,34.110749,38.018269,train,28.722854,28.722854,24.210959
2025-09-08 12:00:00+00:00,2025-09-08 08:00:00-04:00,17.327149,22.944633,train,34.110749,34.110749,30.37723
2025-09-08 13:00:00+00:00,2025-09-08 09:00:00-04:00,16.332176,21.042923,train,17.327149,17.327149,23.206731
2025-09-08 14:00:00+00:00,2025-09-08 10:00:00-04:00,19.891524,22.397587,train,16.332176,16.332176,26.064791
2025-09-08 15:00:00+00:00,2025-09-08 11:00:00-04:00,19.405039,23.23313,train,19.891524,19.891524,22.187975
2025-09-08 16:00:00+00:00,2025-09-08 12:00:00-04:00,25.317316,25.710256,train,19.405039,19.405039,23.834685
2025-09-08 17:00:00+00:00,2025-09-08 13:00:00-04:00,25.037737,27.597918,train,25.317316,25.317316,23.004026
2025-09-08 18:00:00+00:00,2025-09-08 14:00:00-04:00,26.692635,26.831163,train,25.037737,25.037737,21.318071
2025-09-08 19:00:00+00:00,2025-09-08 15:00:00-04:00,30.840129,27.22754,train,26.692635,26.692635,26.161352
2025-09-08 20:00:00+00:00,2025-09-08 16:00:00-04:00,21.935539,29.524778,train,30.840129,30.840129,31.566867
2025-09-08 21:00:00+00:00,2025-09-08 17:00:00-04:00,23.897869,37.000035,train,21.935539,21.935539,28.021335
2025-09-08 22:00:00+00:00,2025-09-08 18:00:00-04:00,38.81306,50.526493,train,23.897869,23.897869,43.410817
2025-09-08 23:00:00+00:00,2025-09-08 19:00:00-04:00,49.432866,67.394034,train,38.81306,38.81306,67.652624
2025-09-09 00:00:00+00:00,2025-09-08 20:00:00-04:00,47.745423,52.636576,train,49.432866,49.432866,48.600842
2025-09-09 01:00:00+00:00,2025-09-08 21:00:00-04:00,28.612603,38.382297,train,47.745423,47.745423,31.761458
2025-09-09 02:00:00+00:00,2025-09-08 22:00:00-04:00,20.765561,33.515065,train,28.612603,28.612603,25.911636
2025-09-09 03:00:00+00:00,2025-09-08 23:00:00-04:00,21.724446,24.866887,train,20.765561,20.765561,23.032254
2025-09-09 04:00:00+00:00,2025-09-09 00:00:00-04:00,21.967135,21.991308,train,21.724446,21.724446,22.938044
2025-09-09 05:00:00+00:00,2025-09-09 01:00:00-04:00,20.922139,20.548893,train,21.967135,21.967135,21.516501
2025-09-09 06:00:00+00:00,2025-09-09 02:00:00-04:00,16.519662,18.777316,train,20.922139,20.922139,20.800948
2025-09-09 07:00:00+00:00,2025-09-09 03:00:00-04:00,17.336366,18.270401,train,16.519662,16.519662,19.812623
2025-09-09 08:00:00+00:00,2025-09-09 04:00:00-04:00,17.56222,19.124097,train,17.336366,17.336366,19.431084
2025-09-09 09:00:00+00:00,2025-09-09 05:00:00-04:00,20.263907,22.415649,train,17.56222,17.56222,20.1032
2025-09-09 10:00:00+00:00,2025-09-09 06:00:00-04:00,31.634878,37.550256,train,20.263907,20.263907,28.722854
2025-09-09 11:00:00+00:00,2025-09-09 07:00:00-04:00,27.511594,36.454299,train,31.634878,31.634878,34.110749
2025-09-09 12:00:00+00:00,2025-09-09 08:00:00-04:00,19.707874,22.101802,train,27.511594,27.511594,17.327149
2025-09-09 13:00:00+00:00,2025-09-09 09:00:00-04:00,17.043391,19.915246,train,19.707874,19.707874,16.332176
2025-09-09 14:00:00+00:00,2025-09-09 10:00:00-04:00,21.076932,24.00045,train,17.043391,17.043391,19.891524
2025-09-09 15:00:00+00:00,2025-09-09 11:00:00-04:00,23.484256,25.210914,train,21.076932,21.076932,19.405039
2025-09-09 16:00:00+00:00,2025-09-09 12:00:00-04:00,23.540204,26.93185,train,23.484256,23.484256,25.317316
2025-09-09 17:00:00+00:00,2025-09-09 13:00:00-04:00,23.628582,30.764125,train,23.540204,23.540204,25.037737
2025-09-09 18:00:00+00:00,2025-09-09 14:00:00-04:00,54.934215,32.437499,train,23.628582,23.628582,26.692635
2025-09-09 19:00:00+00:00,2025-09-09 15:00:00-04:00,41.643704,37.243657,train,54.934215,54.934215,30.840129
2025-09-09 20:00:00+00:00,2025-09-09 16:00:00-04:00,29.382245,42.020304,train,41.643704,41.643704,21.935539
2025-09-09 21:00:00+00:00,2025-09-09 17:00:00-04:00,33.771414,44.999951,train,29.382245,29.382245,23.897869
2025-09-09 22:00:00+00:00,2025-09-09 18:00:00-04:00,55.582179,64.836893,train,33.771414,33.771414,38.81306
2025-09-09 23:00:00+00:00,2025-09-09 19:00:00-04:00,69.650894,72.9987,train,55.582179,55.582179,49.432866
2025-09-10 00:00:00+00:00,2025-09-09 20:00:00-04:00,65.944181,56.717557,train,69.650894,69.650894,47.745423
2025-09-10 01:00:00+00:00,2025-09-09 21:00:00-04:00,45.360516,42.248651,train,65.944181,65.944181,28.612603
2025-09-10 02:00:00+00:00,2025-09-09 22:00:00-04:00,38.917521,33.577805,train,45.360516,45.360516,20.765561
2025-09-10 03:00:00+00:00,2025-09-09 23:00:00-04:00,24.366627,25.417198,train,38.917521,38.917521,21.724446
2025-09-10 04:00:00+00:00,2025-09-10 00:00:00-04:00,22.063511,24.189998,train,24.366627,24.366627,21.967135
2025-09-10 05:00:00+00:00,2025-09-10 01:00:00-04:00,23.991449,25.854327,train,22.063511,22.063511,20.922139
2025-09-10 06:00:00+00:00,2025-09-10 02:00:00-04:00,23.45206,23.032537,train,23.991449,23.991449,16.519662
2025-09-10 07:00:00+00:00,2025-09-10 03:00:00-04:00,23.242726,22.327814,train,23.45206,23.45206,17.336366
2025-09-10 08:00:00+00:00,2025-09-10 04:00:00-04:00,23.218889,23.576328,train,23.242726,23.242726,17.56222
2025-09-10 09:00:00+00:00,2025-09-10 05:00:00-04:00,59.096114,31.019496,train,23.218889,23.218889,20.263907
2025-09-10 10:00:00+00:00,2025-09-10 06:00:00-04:00,43.025581,42.887444,train,59.096114,59.096114,31.634878
2025-09-10 11:00:00+00:00,2025-09-10 07:00:00-04:00,69.256044,48.740922,train,43.025581,43.025581,27.511594
2025-09-10 12:00:00+00:00,2025-09-10 08:00:00-04:00,32.756477,34.392381,train,69.256044,69.256044,19.707874
2025-09-10 13:00:00+00:00,2025-09-10 09:00:00-04:00,31.060601,31.898182,train,32.756477,32.756477,17.043391
2025-09-10 14:00:00+00:00,2025-09-10 10:00:00-04:00,26.676307,32.544952,train,31.060601,31.060601,21.076932
2025-09-10 15:00:00+00:00,2025-09-10 11:00:00-04:00,27.280945,32.245498,train,26.676307,26.676307,23.484256
2025-09-10 16:00:00+00:00,2025-09-10 12:00:00-04:00,27.204759,32.509926,train,27.280945,27.280945,23.540204
2025-09-10 17:00:00+00:00,2025-09-10 13:00:00-04:00,34.224513,40.5502,train,27.204759,27.204759,23.628582
2025-09-10 18:00:00+00:00,2025-09-10 14:00:00-04:00,48.208284,42.580028,train,34.224513,34.224513,54.934215
2025-09-10 19:00:00+00:00,2025-09-10 15:00:00-04:00,28.917851,45.719924,train,48.208284,48.208284,41.643704
2025-09-10 20:00:00+00:00,2025-09-10 16:00:00-04:00,40.191338,47.112676,train,28.917851,28.917851,29.382245
2025-09-10 21:00:00+00:00,2025-09-10 17:00:00-04:00,40.438965,55.263396,train,40.191338,40.191338,33.771414
2025-09-10 22:00:00+00:00,2025-09-10 18:00:00-04:00,60.439053,65.464208,train,40.438965,40.438965,55.582179
2025-09-10 23:00:00+00:00,2025-09-10 19:00:00-04:00,158.548832,77.772682,train,60.439053,60.439053,69.650894
2025-09-11 00:00:00+00:00,2025-09-10 20:00:00-04:00,88.581789,63.880027,train,158.548832,158.548832,65.944181
2025-09-11 01:00:00+00:00,2025-09-10 21:00:00-04:00,50.269223,48.278408,train,88.581789,88.581789,45.360516
2025-09-11 02:00:00+00:00,2025-09-10 22:00:00-04:00,42.338632,40.086309,train,50.269223,50.269223,38.917521
2025-09-11 03:00:00+00:00,2025-09-10 23:00:00-04:00,47.608675,33.403938,train,42.338632,42.338632,24.366627
2025-09-11 04:00:00+00:00,2025-09-11 00:00:00-04:00,24.022848,27.852402,train,47.608675,47.608675,22.063511
2025-09-11 05:00:00+00:00,2025-09-11 01:00:00-04:00,19.606378,23.287407,train,24.022848,24.022848,23.991449
2025-09-11 06:00:00+00:00,2025-09-11 02:00:00-04:00,18.667301,21.408926,train,19.606378,19.606378,23.45206
2025-09-11 07:00:00+00:00,2025-09-11 03:00:00-04:00,18.656446,20.354731,train,18.667301,18.667301,23.242726
2025-09-11 08:00:00+00:00,2025-09-11 04:00:00-04:00,20.029648,21.271582,train,18.656446,18.656446,23.218889
2025-09-11 09:00:00+00:00,2025-09-11 05:00:00-04:00,29.483576,27.629622,train,20.029648,20.029648,59.096114
2025-09-11 10:00:00+00:00,2025-09-11 06:00:00-04:00,35.40515,38.033224,train,29.483576,29.483576,43.025581
2025-09-11 11:00:00+00:00,2025-09-11 07:00:00-04:00,56.017271,37.810553,train,35.40515,35.40515,69.256044
2025-09-11 12:00:00+00:00,2025-09-11 08:00:00-04:00,25.695044,28.830228,train,56.017271,56.017271,32.756477
2025-09-11 13:00:00+00:00,2025-09-11 09:00:00-04:00,22.716645,25.242605,train,25.695044,25.695044,31.060601
2025-09-11 14:00:00+00:00,2025-09-11 10:00:00-04:00,43.079667,29.441707,train,22.716645,22.716645,26.676307
2025-09-11 15:00:00+00:00,2025-09-11 11:00:00-04:00,64.630498,31.811788,train,43.079667,43.079667,27.280945
2025-09-11 16:00:00+00:00,2025-09-11 12:00:00-04:00,24.208261,35.518445,train,64.630498,64.630498,27.204759
2025-09-11 17:00:00+00:00,2025-09-11 13:00:00-04:00,27.138597,41.931699,train,24.208261,24.208261,34.224513
2025-09-11 18:00:00+00:00,2025-09-11 14:00:00-04:00,29.23889,43.832052,train,27.138597,27.138597,48.208284
2025-09-11 19:00:00+00:00,2025-09-11 15:00:00-04:00,35.630521,48.002303,train,29.23889,29.23889,28.917851
2025-09-11 20:00:00+00:00,2025-09-11 16:00:00-04:00,29.182382,50.773669,train,35.630521,35.630521,40.191338
2025-09-11 21:00:00+00:00,2025-09-11 17:00:00-04:00,32.292275,65.972461,train,29.182382,29.182382,40.438965
2025-09-11 22:00:00+00:00,2025-09-11 18:00:00-04:00,60.0584,75.879518,train,32.292275,32.292275,60.439053
2025-09-11 23:00:00+00:00,2025-09-11 19:00:00-04:00,62.760749,74.169842,train,60.0584,60.0584,158.548832
2025-09-12 00:00:00+00:00,2025-09-11 20:00:00-04:00,38.201275,52.686758,train,62.760749,62.760749,88.581789
2025-09-12 01:00:00+00:00,2025-09-11 21:00:00-04:00,33.429486,40.713531,train,38.201275,38.201275,50.269223
2025-09-12 02:00:00+00:00,2025-09-11 22:00:00-04:00,28.20138,36.454817,train,33.429486,33.429486,42.338632
2025-09-12 03:00:00+00:00,2025-09-11 23:00:00-04:00,26.56297,29.096318,train,28.20138,28.20138,47.608675
2025-09-12 04:00:00+00:00,2025-09-12 00:00:00-04:00,18.842001,26.404045,train,26.56297,26.56297,24.022848
2025-09-12 05:00:00+00:00,2025-09-12 01:00:00-04:00,17.830531,23.405687,train,18.842001,18.842001,19.606378
2025-09-12 06:00:00+00:00,2025-09-12 02:00:00-04:00,17.245026,21.063255,train,17.830531,17.830531,18.667301
2025-09-12 07:00:00+00:00,2025-09-12 03:00:00-04:00,17.294944,19.907258,train,17.245026,17.245026,18.656446
2025-09-12 08:00:00+00:00,2025-09-12 04:00:00-04:00,17.634252,20.850184,train,17.294944,17.294944,20.029648
2025-09-12 09:00:00+00:00,2025-09-12 05:00:00-04:00,18.09387,25.863748,train,17.634252,17.634252,29.483576
2025-09-12 10:00:00+00:00,2025-09-12 06:00:00-04:00,24.119905,33.261654,train,18.09387,18.09387,35.40515
2025-09-12 11:00:00+00:00,2025-09-12 07:00:00-04:00,24.951325,34.001859,train,24.119905,24.119905,56.017271
2025-09-12 12:00:00+00:00,2025-09-12 08:00:00-04:00,18.000139,24.244763,train,24.951325,24.951325,25.695044
2025-09-12 13:00:00+00:00,2025-09-12 09:00:00-04:00,17.58709,21.631234,train,18.000139,18.000139,22.716645
2025-09-12 14:00:00+00:00,2025-09-12 10:00:00-04:00,23.000605,26.911589,train,17.58709,17.58709,43.079667
2025-09-12 15:00:00+00:00,2025-09-12 11:00:00-04:00,29.756313,30.08546,train,23.000605,23.000605,64.630498
2025-09-12 16:00:00+00:00,2025-09-12 12:00:00-04:00,26.692208,35.417039,train,29.756313,29.756313,24.208261
2025-09-12 17:00:00+00:00,2025-09-12 13:00:00-04:00,33.8361,43.453678,train,26.692208,26.692208,27.138597
2025-09-12 18:00:00+00:00,2025-09-12 14:00:00-04:00,29.491395,46.473153,train,33.8361,33.8361,29.23889
2025-09-12 19:00:00+00:00,2025-09-12 15:00:00-04:00,33.818745,48.800427,train,29.491395,29.491395,35.630521
2025-09-12 20:00:00+00:00,2025-09-12 16:00:00-04:00,33.752408,50.685341,train,33.818745,33.818745,29.182382
2025-09-12 21:00:00+00:00,2025-09-12 17:00:00-04:00,46.176035,63.055176,train,33.752408,33.752408,32.292275
2025-09-12 22:00:00+00:00,2025-09-12 18:00:00-04:00,42.49064,90.934898,train,46.176035,46.176035,60.0584
2025-09-12 23:00:00+00:00,2025-09-12 19:00:00-04:00,46.311544,87.88242,train,42.49064,42.49064,62.760749
2025-09-13 00:00:00+00:00,2025-09-12 20:00:00-04:00,34.374466,57.114707,train,46.311544,46.311544,38.201275
2025-09-13 01:00:00+00:00,2025-09-12 21:00:00-04:00,30.125804,43.770388,train,34.374466,34.374466,33.429486
2025-09-13 02:00:00+00:00,2025-09-12 22:00:00-04:00,27.106008,38.094496,train,30.125804,30.125804,28.20138
2025-09-13 03:00:00+00:00,2025-09-12 23:00:00-04:00,26.538166,29.955946,train,27.106008,27.106008,26.56297
2025-09-13 04:00:00+00:00,2025-09-13 00:00:00-04:00,22.369108,25.02994,train,26.538166,26.538166,18.842001
2025-09-13 05:00:00+00:00,2025-09-13 01:00:00-04:00,18.618948,22.788831,train,22.369108,22.369108,17.830531
2025-09-13 06:00:00+00:00,2025-09-13 02:00:00-04:00,17.816605,20.540048,train,18.618948,18.618948,17.245026
2025-09-13 07:00:00+00:00,2025-09-13 03:00:00-04:00,16.333915,18.552863,train,17.816605,17.816605,17.294944
2025-09-13 08:00:00+00:00,2025-09-13 04:00:00-04:00,16.288495,18.317908,train,16.333915,16.333915,17.634252
2025-09-13 09:00:00+00:00,2025-09-13 05:00:00-04:00,15.564955,20.098577,train,16.288495,16.288495,18.09387
2025-09-13 10:00:00+00:00,2025-09-13 06:00:00-04:00,17.433552,22.042147,train,15.564955,15.564955,24.119905
2025-09-13 11:00:00+00:00,2025-09-13 07:00:00-04:00,17.437841,21.401257,train,17.433552,17.433552,24.951325
2025-09-13 12:00:00+00:00,2025-09-13 08:00:00-04:00,15.437952,18.421615,train,17.437841,17.437841,18.000139
2025-09-13 13:00:00+00:00,2025-09-13 09:00:00-04:00,10.382238,17.626684,train,15.437952,15.437952,17.58709
2025-09-13 14:00:00+00:00,2025-09-13 10:00:00-04:00,19.346672,20.79992,train,10.382238,10.382238,23.000605
2025-09-13 15:00:00+00:00,2025-09-13 11:00:00-04:00,22.299145,24.156719,train,19.346672,19.346672,29.756313
2025-09-13 16:00:00+00:00,2025-09-13 12:00:00-04:00,23.917332,27.996622,train,22.299145,22.299145,26.692208
2025-09-13 17:00:00+00:00,2025-09-13 13:00:00-04:00,26.742812,31.710271,train,23.917332,23.917332,33.8361
2025-09-13 18:00:00+00:00,2025-09-13 14:00:00-04:00,40.512086,36.875412,train,26.742812,26.742812,29.491395
2025-09-13 19:00:00+00:00,2025-09-13 15:00:00-04:00,30.144902,39.69123,train,40.512086,40.512086,33.818745
2025-09-13 20:00:00+00:00,2025-09-13 16:00:00-04:00,32.771912,44.575071,train,30.144902,30.144902,33.752408
2025-09-13 21:00:00+00:00,2025-09-13 17:00:00-04:00,38.684868,50.246488,train,32.771912,32.771912,46.176035
2025-09-13 22:00:00+00:00,2025-09-13 18:00:00-04:00,61.713181,65.979886,train,38.684868,38.684868,42.49064
2025-09-13 23:00:00+00:00,2025-09-13 19:00:00-04:00,55.666869,59.731721,train,61.713181,61.713181,46.311544
2025-09-14 00:00:00+00:00,2025-09-13 20:00:00-04:00,31.90854,44.397867,train,55.666869,55.666869,34.374466
2025-09-14 01:00:00+00:00,2025-09-13 21:00:00-04:00,39.802548,38.699024,train,31.90854,31.90854,30.125804
2025-09-14 02:00:00+00:00,2025-09-13 22:00:00-04:00,70.686086,34.749903,train,39.802548,39.802548,27.106008
2025-09-14 03:00:00+00:00,2025-09-13 23:00:00-04:00,28.45934,29.229099,train,70.686086,70.686086,26.538166
2025-09-14 04:00:00+00:00,2025-09-14 00:00:00-04:00,21.872826,22.716268,train,28.45934,28.45934,22.369108
2025-09-14 05:00:00+00:00,2025-09-14 01:00:00-04:00,20.94152,22.096559,train,21.872826,21.872826,18.618948
2025-09-14 06:00:00+00:00,2025-09-14 02:00:00-04:00,18.074753,19.801733,train,20.94152,20.94152,17.816605
2025-09-14 07:00:00+00:00,2025-09-14 03:00:00-04:00,16.300675,18.470666,train,18.074753,18.074753,16.333915
2025-09-14 08:00:00+00:00,2025-09-14 04:00:00-04:00,15.677182,17.689639,train,16.300675,16.300675,16.288495
2025-09-14 09:00:00+00:00,2025-09-14 05:00:00-04:00,16.155545,17.136399,train,15.677182,15.677182,15.564955
2025-09-14 10:00:00+00:00,2025-09-14 06:00:00-04:00,19.413838,18.181947,train,16.155545,16.155545,17.433552
2025-09-14 11:00:00+00:00,2025-09-14 07:00:00-04:00,18.398373,19.048678,train,19.413838,19.413838,17.437841
2025-09-14 12:00:00+00:00,2025-09-14 08:00:00-04:00,18.056137,17.317319,train,18.398373,18.398373,15.437952
2025-09-14 13:00:00+00:00,2025-09-14 09:00:00-04:00,16.673471,18.012185,train,18.056137,18.056137,10.382238
2025-09-14 14:00:00+00:00,2025-09-14 10:00:00-04:00,18.353553,21.362214,train,16.673471,16.673471,19.346672
2025-09-14 15:00:00+00:00,2025-09-14 11:00:00-04:00,21.413007,25.468103,train,18.353553,18.353553,22.299145
2025-09-14 16:00:00+00:00,2025-09-14 12:00:00-04:00,150.101973,30.014573,train,21.413007,21.413007,23.917332
2025-09-14 17:00:00+00:00,2025-09-14 13:00:00-04:00,30.022744,37.246546,train,150.101973,150.101973,26.742812
2025-09-14 18:00:00+00:00,2025-09-14 14:00:00-04:00,51.25219,45.579718,train,30.022744,30.022744,40.512086
2025-09-14 19:00:00+00:00,2025-09-14 15:00:00-04:00,46.481051,50.612246,train,51.25219,51.25219,30.144902
2025-09-14 20:00:00+00:00,2025-09-14 16:00:00-04:00,36.472787,50.819444,train,46.481051,46.481051,32.771912
2025-09-14 21:00:00+00:00,2025-09-14 17:00:00-04:00,40.634412,62.578011,train,36.472787,36.472787,38.684868
2025-09-14 22:00:00+00:00,2025-09-14 18:00:00-04:00,52.478258,80.980117,train,40.634412,40.634412,61.713181
2025-09-14 23:00:00+00:00,2025-09-14 19:00:00-04:00,51.070394,70.261276,train,52.478258,52.478258,55.666869
2025-09-15 00:00:00+00:00,2025-09-14 20:00:00-04:00,41.705267,47.548322,train,51.070394,51.070394,31.90854
2025-09-15 01:00:00+00:00,2025-09-14 21:00:00-04:00,34.300674,40.096798,train,41.705267,41.705267,39.802548
2025-09-15 02:00:00+00:00,2025-09-14 22:00:00-04:00,35.748377,31.044931,train,34.300674,34.300674,70.686086
2025-09-15 03:00:00+00:00,2025-09-14 23:00:00-04:00,32.347823,27.402288,train,35.748377,35.748377,28.45934
2025-09-15 04:00:00+00:00,2025-09-15 00:00:00-04:00,20.071713,27.661504,train,32.347823,32.347823,21.872826
2025-09-15 05:00:00+00:00,2025-09-15 01:00:00-04:00,18.168621,23.266625,train,20.071713,20.071713,20.94152
2025-09-15 06:00:00+00:00,2025-09-15 02:00:00-04:00,16.205152,20.753384,train,18.168621,18.168621,18.074753
2025-09-15 07:00:00+00:00,2025-09-15 03:00:00-04:00,15.65751,19.886949,train,16.205152,16.205152,16.300675
2025-09-15 08:00:00+00:00,2025-09-15 04:00:00-04:00,15.820218,21.212065,train,15.65751,15.65751,15.677182
2025-09-15 09:00:00+00:00,2025-09-15 05:00:00-04:00,19.893944,25.665231,train,15.820218,15.820218,16.155545
2025-09-15 10:00:00+00:00,2025-09-15 06:00:00-04:00,36.064874,39.982802,train,19.893944,19.893944,19.413838
2025-09-15 11:00:00+00:00,2025-09-15 07:00:00-04:00,48.615355,39.907752,train,36.064874,36.064874,18.398373
2025-09-15 12:00:00+00:00,2025-09-15 08:00:00-04:00,24.931892,36.569504,train,48.615355,48.615355,18.056137
2025-09-15 13:00:00+00:00,2025-09-15 09:00:00-04:00,25.868209,38.578633,train,24.931892,24.931892,16.673471
2025-09-15 14:00:00+00:00,2025-09-15 10:00:00-04:00,68.020496,44.690751,train,25.868209,25.868209,18.353553
2025-09-15 15:00:00+00:00,2025-09-15 11:00:00-04:00,158.53817,54.713519,train,68.020496,68.020496,21.413007
2025-09-15 16:00:00+00:00,2025-09-15 12:00:00-04:00,106.18357,63.557095,train,158.53817,158.53817,150.101973
2025-09-15 17:00:00+00:00,2025-09-15 13:00:00-04:00,160.457428,89.886738,train,106.18357,106.18357,30.022744
2025-09-15 18:00:00+00:00,2025-09-15 14:00:00-04:00,156.061109,75.753857,train,160.457428,160.457428,51.25219
2025-09-15 19:00:00+00:00,2025-09-15 15:00:00-04:00,90.261502,91.142975,train,156.061109,156.061109,46.481051
2025-09-15 20:00:00+00:00,2025-09-15 16:00:00-04:00,40.851798,83.099931,train,90.261502,90.261502,36.472787
2025-09-15 21:00:00+00:00,2025-09-15 17:00:00-04:00,45.912993,125.340897,train,40.851798,40.851798,40.634412
2025-09-15 22:00:00+00:00,2025-09-15 18:00:00-04:00,92.224843,127.621294,train,45.912993,45.912993,52.478258
2025-09-15 23:00:00+00:00,2025-09-15 19:00:00-04:00,93.210256,90.457373,train,92.224843,92.224843,51.070394
2025-09-16 00:00:00+00:00,2025-09-15 20:00:00-04:00,63.766046,66.633209,train,93.210256,93.210256,41.705267
2025-09-16 01:00:00+00:00,2025-09-15 21:00:00-04:00,34.652806,52.724818,train,63.766046,63.766046,34.300674
2025-09-16 02:00:00+00:00,2025-09-15 22:00:00-04:00,30.544655,45.764126,train,34.652806,34.652806,35.748377
2025-09-16 03:00:00+00:00,2025-09-15 23:00:00-04:00,42.216543,34.580713,train,30.544655,30.544655,32.347823
2025-09-16 04:00:00+00:00,2025-09-16 00:00:00-04:00,22.363332,29.193836,train,42.216543,42.216543,20.071713
2025-09-16 05:00:00+00:00,2025-09-16 01:00:00-04:00,17.899675,24.856717,train,22.363332,22.363332,18.168621
2025-09-16 06:00:00+00:00,2025-09-16 02:00:00-04:00,15.599429,20.981293,train,17.899675,17.899675,16.205152
2025-09-16 07:00:00+00:00,2025-09-16 03:00:00-04:00,15.939521,20.586048,train,15.599429,15.599429,15.65751
2025-09-16 08:00:00+00:00,2025-09-16 04:00:00-04:00,18.57268,21.853197,train,15.939521,15.939521,15.820218
2025-09-16 09:00:00+00:00,2025-09-16 05:00:00-04:00,24.946009,27.000979,train,18.57268,18.57268,19.893944
2025-09-16 10:00:00+00:00,2025-09-16 06:00:00-04:00,49.23951,39.590293,train,24.946009,24.946009,36.064874
2025-09-16 11:00:00+00:00,2025-09-16 07:00:00-04:00,36.412577,45.080148,train,49.23951,49.23951,48.615355
2025-09-16 12:00:00+00:00,2025-09-16 08:00:00-04:00,25.818861,39.62893,train,36.412577,36.412577,24.931892
2025-09-16 13:00:00+00:00,2025-09-16 09:00:00-04:00,26.373379,41.301206,train,25.818861,25.818861,25.868209
2025-09-16 14:00:00+00:00,2025-09-16 10:00:00-04:00,31.6977,45.147939,train,26.373379,26.373379,68.020496
2025-09-16 15:00:00+00:00,2025-09-16 11:00:00-04:00,34.641812,46.264477,train,31.6977,31.6977,158.53817
2025-09-16 16:00:00+00:00,2025-09-16 12:00:00-04:00,40.08604,51.653243,train,34.641812,34.641812,106.18357
2025-09-16 17:00:00+00:00,2025-09-16 13:00:00-04:00,65.144284,54.437373,train,40.08604,40.08604,160.457428
2025-09-16 18:00:00+00:00,2025-09-16 14:00:00-04:00,71.774124,56.261702,train,65.144284,65.144284,156.061109
2025-09-16 19:00:00+00:00,2025-09-16 15:00:00-04:00,61.143545,56.966416,train,71.774124,71.774124,90.261502
2025-09-16 20:00:00+00:00,2025-09-16 16:00:00-04:00,78.37901,59.084424,train,61.143545,61.143545,40.851798
2025-09-16 21:00:00+00:00,2025-09-16 17:00:00-04:00,48.859855,64.104606,train,78.37901,78.37901,45.912993
2025-09-16 22:00:00+00:00,2025-09-16 18:00:00-04:00,67.132373,68.615105,train,48.859855,48.859855,92.224843
2025-09-16 23:00:00+00:00,2025-09-16 19:00:00-04:00,100.850957,77.202397,train,67.132373,67.132373,93.210256
2025-09-17 00:00:00+00:00,2025-09-16 20:00:00-04:00,47.556084,58.366144,train,100.850957,100.850957,63.766046
2025-09-17 01:00:00+00:00,2025-09-16 21:00:00-04:00,44.210822,50.358237,train,47.556084,47.556084,34.652806
2025-09-17 02:00:00+00:00,2025-09-16 22:00:00-04:00,39.04775,44.712426,train,44.210822,44.210822,30.544655
2025-09-17 03:00:00+00:00,2025-09-16 23:00:00-04:00,28.82975,34.596666,train,39.04775,39.04775,42.216543
2025-09-17 04:00:00+00:00,2025-09-17 00:00:00-04:00,25.037639,30.483452,train,28.82975,28.82975,22.363332
2025-09-17 05:00:00+00:00,2025-09-17 01:00:00-04:00,24.927565,28.059666,train,25.037639,25.037639,17.899675
2025-09-17 06:00:00+00:00,2025-09-17 02:00:00-04:00,22.857099,25.017928,train,24.927565,24.927565,15.599429
2025-09-17 07:00:00+00:00,2025-09-17 03:00:00-04:00,22.185159,23.863302,train,22.857099,22.857099,15.939521
2025-09-17 08:00:00+00:00,2025-09-17 04:00:00-04:00,26.392899,24.937185,train,22.185159,22.185159,18.57268
2025-09-17 09:00:00+00:00,2025-09-17 05:00:00-04:00,82.161249,30.325392,train,26.392899,26.392899,24.946009
2025-09-17 10:00:00+00:00,2025-09-17 06:00:00-04:00,123.325373,46.581548,train,82.161249,82.161249,49.23951
2025-09-17 11:00:00+00:00,2025-09-17 07:00:00-04:00,86.176136,47.627951,train,123.325373,123.325373,36.412577
2025-09-17 12:00:00+00:00,2025-09-17 08:00:00-04:00,33.101018,37.508055,train,86.176136,86.176136,25.818861
2025-09-17 13:00:00+00:00,2025-09-17 09:00:00-04:00,32.100968,37.015427,train,33.101018,33.101018,26.373379
2025-09-17 14:00:00+00:00,2025-09-17 10:00:00-04:00,34.80083,38.849208,train,32.100968,32.100968,31.6977
2025-09-17 15:00:00+00:00,2025-09-17 11:00:00-04:00,45.441776,45.661842,train,34.80083,34.80083,34.641812
2025-09-17 16:00:00+00:00,2025-09-17 12:00:00-04:00,211.308545,49.042468,train,45.441776,45.441776,40.08604
2025-09-17 17:00:00+00:00,2025-09-17 13:00:00-04:00,62.049055,57.546672,train,211.308545,211.308545,65.144284
2025-09-17 18:00:00+00:00,2025-09-17 14:00:00-04:00,149.180958,60.693496,train,62.049055,62.049055,71.774124
2025-09-17 19:00:00+00:00,2025-09-17 15:00:00-04:00,56.899615,63.490372,train,149.180958,149.180958,61.143545
2025-09-17 20:00:00+00:00,2025-09-17 16:00:00-04:00,83.390688,68.032379,train,56.899615,56.899615,78.37901
2025-09-17 21:00:00+00:00,2025-09-17 17:00:00-04:00,59.089648,69.534242,train,83.390688,83.390688,48.859855
2025-09-17 22:00:00+00:00,2025-09-17 18:00:00-04:00,73.94235,78.109219,train,59.089648,59.089648,67.132373
2025-09-17 23:00:00+00:00,2025-09-17 19:00:00-04:00,97.110192,87.881879,train,73.94235,73.94235,100.850957
2025-09-18 00:00:00+00:00,2025-09-17 20:00:00-04:00,77.629633,65.394389,train,97.110192,97.110192,47.556084
2025-09-18 01:00:00+00:00,2025-09-17 21:00:00-04:00,66.930239,56.623525,train,77.629633,77.629633,44.210822
2025-09-18 02:00:00+00:00,2025-09-17 22:00:00-04:00,105.08361,47.546406,train,66.930239,66.930239,39.04775
2025-09-18 03:00:00+00:00,2025-09-17 23:00:00-04:00,76.0146,38.680416,train,105.08361,105.08361,28.82975
2025-09-18 04:00:00+00:00,2025-09-18 00:00:00-04:00,56.612415,34.455431,train,76.0146,76.0146,25.037639
2025-09-18 05:00:00+00:00,2025-09-18 01:00:00-04:00,30.533649,29.624834,train,56.612415,56.612415,24.927565
2025-09-18 06:00:00+00:00,2025-09-18 02:00:00-04:00,28.805531,26.317152,train,30.533649,30.533649,22.857099
2025-09-18 07:00:00+00:00,2025-09-18 03:00:00-04:00,30.570321,24.974754,train,28.805531,28.805531,22.185159
2025-09-18 08:00:00+00:00,2025-09-18 04:00:00-04:00,35.253196,26.476788,train,30.570321,30.570321,26.392899
2025-09-18 09:00:00+00:00,2025-09-18 05:00:00-04:00,88.251602,36.447524,train,35.253196,35.253196,82.161249
2025-09-18 10:00:00+00:00,2025-09-18 06:00:00-04:00,114.544107,54.711651,train,88.251602,88.251602,123.325373
2025-09-18 11:00:00+00:00,2025-09-18 07:00:00-04:00,67.268685,52.738462,train,114.544107,114.544107,86.176136
2025-09-18 12:00:00+00:00,2025-09-18 08:00:00-04:00,31.460777,36.815999,train,67.268685,67.268685,33.101018
2025-09-18 13:00:00+00:00,2025-09-18 09:00:00-04:00,37.152469,32.07992,train,31.460777,31.460777,32.100968
2025-09-18 14:00:00+00:00,2025-09-18 10:00:00-04:00,52.002644,35.715269,train,37.152469,37.152469,34.80083
2025-09-18 15:00:00+00:00,2025-09-18 11:00:00-04:00,49.557112,46.385036,train,52.002644,52.002644,45.441776
2025-09-18 16:00:00+00:00,2025-09-18 12:00:00-04:00,122.727162,52.544038,train,49.557112,49.557112,211.308545
2025-09-18 17:00:00+00:00,2025-09-18 13:00:00-04:00,66.049921,61.669378,train,122.727162,122.727162,62.049055
2025-09-18 18:00:00+00:00,2025-09-18 14:00:00-04:00,65.889803,68.428928,train,66.049921,66.049921,149.180958
2025-09-18 19:00:00+00:00,2025-09-18 15:00:00-04:00,74.45915,73.288284,train,65.889803,65.889803,56.899615
2025-09-18 20:00:00+00:00,2025-09-18 16:00:00-04:00,63.443159,78.095514,train,74.45915,74.45915,83.390688
2025-09-18 21:00:00+00:00,2025-09-18 17:00:00-04:00,78.567591,112.352498,train,63.443159,63.443159,59.089648
2025-09-18 22:00:00+00:00,2025-09-18 18:00:00-04:00,209.211417,116.643717,train,78.567591,78.567591,73.94235
2025-09-18 23:00:00+00:00,2025-09-18 19:00:00-04:00,80.466395,97.664216,train,209.211417,209.211417,97.110192
2025-09-19 00:00:00+00:00,2025-09-18 20:00:00-04:00,85.90245,70.550015,train,80.466395,80.466395,77.629633
2025-09-19 01:00:00+00:00,2025-09-18 21:00:00-04:00,77.580977,56.572073,train,85.90245,85.90245,66.930239
2025-09-19 02:00:00+00:00,2025-09-18 22:00:00-04:00,81.284596,47.046978,train,77.580977,77.580977,105.08361
2025-09-19 03:00:00+00:00,2025-09-18 23:00:00-04:00,62.924878,35.477805,train,81.284596,81.284596,76.0146
2025-09-19 04:00:00+00:00,2025-09-19 00:00:00-04:00,35.225551,39.377155,train,62.924878,62.924878,56.612415
2025-09-19 05:00:00+00:00,2025-09-19 01:00:00-04:00,27.096164,32.234436,train,35.225551,35.225551,30.533649
2025-09-19 06:00:00+00:00,2025-09-19 02:00:00-04:00,23.42506,29.341202,train,27.096164,27.096164,28.805531
2025-09-19 07:00:00+00:00,2025-09-19 03:00:00-04:00,24.437282,28.977661,train,23.42506,23.42506,30.570321
2025-09-19 08:00:00+00:00,2025-09-19 04:00:00-04:00,25.10587,30.454266,train,24.437282,24.437282,35.253196
2025-09-19 09:00:00+00:00,2025-09-19 05:00:00-04:00,28.50055,46.716132,train,25.10587,25.10587,88.251602
2025-09-19 10:00:00+00:00,2025-09-19 06:00:00-04:00,113.159618,56.041612,train,28.50055,28.50055,114.544107
2025-09-19 11:00:00+00:00,2025-09-19 07:00:00-04:00,125.139359,55.742147,train,113.159618,113.159618,67.268685
2025-09-19 12:00:00+00:00,2025-09-19 08:00:00-04:00,34.042136,37.373139,train,125.139359,125.139359,31.460777
2025-09-19 13:00:00+00:00,2025-09-19 09:00:00-04:00,36.422942,34.958105,train,34.042136,34.042136,37.152469
2025-09-19 14:00:00+00:00,2025-09-19 10:00:00-04:00,34.0378,43.201798,train,36.422942,36.422942,52.002644
2025-09-19 15:00:00+00:00,2025-09-19 11:00:00-04:00,88.238062,53.249306,train,34.0378,34.0378,49.557112
2025-09-19 16:00:00+00:00,2025-09-19 12:00:00-04:00,60.705614,71.906216,train,88.238062,88.238062,122.727162
2025-09-19 17:00:00+00:00,2025-09-19 13:00:00-04:00,274.261672,88.663945,train,60.705614,60.705614,66.049921
2025-09-19 18:00:00+00:00,2025-09-19 14:00:00-04:00,93.326751,99.182222,train,274.261672,274.261672,65.889803
2025-09-19 19:00:00+00:00,2025-09-19 15:00:00-04:00,123.869662,107.592153,train,93.326751,93.326751,74.45915
2025-09-19 20:00:00+00:00,2025-09-19 16:00:00-04:00,221.477416,125.969247,train,123.869662,123.869662,63.443159
2025-09-19 21:00:00+00:00,2025-09-19 17:00:00-04:00,194.993242,172.324363,train,221.477416,221.477416,78.567591
2025-09-19 22:00:00+00:00,2025-09-19 18:00:00-04:00,98.153369,156.176625,train,194.993242,194.993242,209.211417
2025-09-19 23:00:00+00:00,2025-09-19 19:00:00-04:00,61.207564,107.678972,train,98.153369,98.153369,80.466395
2025-09-20 00:00:00+00:00,2025-09-19 20:00:00-04:00,61.034466,70.834024,train,61.207564,61.207564,85.90245
2025-09-20 01:00:00+00:00,2025-09-19 21:00:00-04:00,62.319708,56.527255,train,61.034466,61.034466,77.580977
2025-09-20 02:00:00+00:00,2025-09-19 22:00:00-04:00,72.701136,49.499456,train,62.319708,62.319708,81.284596
2025-09-20 03:00:00+00:00,2025-09-19 23:00:00-04:00,77.085385,40.649278,train,72.701136,72.701136,62.924878
2025-09-20 04:00:00+00:00,2025-09-20 00:00:00-04:00,77.656634,41.388632,train,77.085385,77.085385,35.225551
2025-09-20 05:00:00+00:00,2025-09-20 01:00:00-04:00,99.684387,36.909542,train,77.656634,77.656634,27.096164
2025-09-20 06:00:00+00:00,2025-09-20 02:00:00-04:00,44.380785,32.641856,train,99.684387,99.684387,23.42506
2025-09-20 07:00:00+00:00,2025-09-20 03:00:00-04:00,31.228885,30.421281,train,44.380785,44.380785,24.437282
2025-09-20 08:00:00+00:00,2025-09-20 04:00:00-04:00,41.921409,30.505113,train,31.228885,31.228885,25.10587
2025-09-20 09:00:00+00:00,2025-09-20 05:00:00-04:00,31.588825,33.576986,train,41.921409,41.921409,28.50055
2025-09-20 10:00:00+00:00,2025-09-20 06:00:00-04:00,33.470616,38.283458,train,31.588825,31.588825,113.159618
2025-09-20 11:00:00+00:00,2025-09-20 07:00:00-04:00,101.563868,38.369507,train,33.470616,33.470616,125.139359
2025-09-20 12:00:00+00:00,2025-09-20 08:00:00-04:00,25.399215,31.892313,train,101.563868,101.563868,34.042136
2025-09-20 13:00:00+00:00,2025-09-20 09:00:00-04:00,35.457884,31.925792,train,25.399215,25.399215,36.422942
2025-09-20 14:00:00+00:00,2025-09-20 10:00:00-04:00,34.770071,37.07311,train,35.457884,35.457884,34.0378
2025-09-20 15:00:00+00:00,2025-09-20 11:00:00-04:00,44.576588,44.347662,train,34.770071,34.770071,88.238062
2025-09-20 16:00:00+00:00,2025-09-20 12:00:00-04:00,114.52781,51.938255,train,44.576588,44.576588,60.705614
2025-09-20 17:00:00+00:00,2025-09-20 13:00:00-04:00,120.257449,59.141397,train,114.52781,114.52781,274.261672
2025-09-20 18:00:00+00:00,2025-09-20 14:00:00-04:00,93.005891,62.215685,train,120.257449,120.257449,93.326751
2025-09-20 19:00:00+00:00,2025-09-20 15:00:00-04:00,55.366345,60.640198,train,93.005891,93.005891,123.869662
2025-09-20 20:00:00+00:00,2025-09-20 16:00:00-04:00,42.49041,65.366523,train,55.366345,55.366345,221.477416
2025-09-20 21:00:00+00:00,2025-09-20 17:00:00-04:00,60.964229,79.440084,train,42.49041,42.49041,194.993242
2025-09-20 22:00:00+00:00,2025-09-20 18:00:00-04:00,78.580976,95.110555,train,60.964229,60.964229,98.153369
2025-09-20 23:00:00+00:00,2025-09-20 19:00:00-04:00,74.441912,78.93519,train,78.580976,78.580976,61.207564
2025-09-21 00:00:00+00:00,2025-09-20 20:00:00-04:00,181.457966,64.962401,train,74.441912,74.441912,61.034466
2025-09-21 01:00:00+00:00,2025-09-20 21:00:00-04:00,67.239234,55.441104,train,181.457966,181.457966,62.319708
2025-09-21 02:00:00+00:00,2025-09-20 22:00:00-04:00,62.12393,51.981936,train,67.239234,67.239234,72.701136
2025-09-21 03:00:00+00:00,2025-09-20 23:00:00-04:00,44.992322,42.825807,train,62.12393,62.12393,77.085385
2025-09-21 04:00:00+00:00,2025-09-21 00:00:00-04:00,48.052418,40.048118,train,44.992322,44.992322,77.656634
2025-09-21 05:00:00+00:00,2025-09-21 01:00:00-04:00,50.5428,34.577799,train,48.052418,48.052418,99.684387
2025-09-21 06:00:00+00:00,2025-09-21 02:00:00-04:00,33.423753,30.006908,train,50.5428,50.5428,44.380785
2025-09-21 07:00:00+00:00,2025-09-21 03:00:00-04:00,27.736845,26.238091,train,33.423753,33.423753,31.228885
2025-09-21 08:00:00+00:00,2025-09-21 04:00:00-04:00,31.163127,25.831295,train,27.736845,27.736845,41.921409
2025-09-21 09:00:00+00:00,2025-09-21 05:00:00-04:00,23.980523,28.48722,train,31.163127,31.163127,31.588825
2025-09-21 10:00:00+00:00,2025-09-21 06:00:00-04:00,36.000335,32.526055,train,23.980523,23.980523,33.470616
2025-09-21 11:00:00+00:00,2025-09-21 07:00:00-04:00,36.020914,36.033537,train,36.000335,36.000335,101.563868
2025-09-21 12:00:00+00:00,2025-09-21 08:00:00-04:00,47.05552,30.414165,train,36.020914,36.020914,25.399215
2025-09-21 13:00:00+00:00,2025-09-21 09:00:00-04:00,44.924191,30.650482,train,47.05552,47.05552,35.457884
2025-09-21 14:00:00+00:00,2025-09-21 10:00:00-04:00,38.711493,36.27389,train,44.924191,44.924191,34.770071
2025-09-21 15:00:00+00:00,2025-09-21 11:00:00-04:00,46.220816,41.160562,train,38.711493,38.711493,44.576588
2025-09-21 16:00:00+00:00,2025-09-21 12:00:00-04:00,155.586395,44.590062,train,46.220816,46.220816,114.52781
2025-09-21 17:00:00+00:00,2025-09-21 13:00:00-04:00,104.241796,47.870964,train,155.586395,155.586395,120.257449
2025-09-21 18:00:00+00:00,2025-09-21 14:00:00-04:00,140.91277,50.939182,train,104.241796,104.241796,93.005891
2025-09-21 19:00:00+00:00,2025-09-21 15:00:00-04:00,94.391042,53.418396,train,140.91277,140.91277,55.366345
2025-09-21 20:00:00+00:00,2025-09-21 16:00:00-04:00,39.110303,58.217277,train,94.391042,94.391042,42.49041
2025-09-21 21:00:00+00:00,2025-09-21 17:00:00-04:00,46.56172,64.963366,train,39.110303,39.110303,60.964229
2025-09-21 22:00:00+00:00,2025-09-21 18:00:00-04:00,77.371261,85.261033,train,46.56172,46.56172,78.580976
2025-09-21 23:00:00+00:00,2025-09-21 19:00:00-04:00,192.140969,90.943252,train,77.371261,77.371261,74.441912
2025-09-22 00:00:00+00:00,2025-09-21 20:00:00-04:00,76.077395,61.835015,train,192.140969,192.140969,181.457966
2025-09-22 01:00:00+00:00,2025-09-21 21:00:00-04:00,197.851564,55.596594,train,76.077395,76.077395,67.239234
2025-09-22 02:00:00+00:00,2025-09-21 22:00:00-04:00,37.837866,49.273272,train,197.851564,197.851564,62.12393
2025-09-22 03:00:00+00:00,2025-09-21 23:00:00-04:00,28.727087,42.888149,train,37.837866,37.837866,44.992322
2025-09-22 04:00:00+00:00,2025-09-22 00:00:00-04:00,35.191103,41.076627,train,28.727087,28.727087,48.052418
2025-09-22 05:00:00+00:00,2025-09-22 01:00:00-04:00,37.668403,34.621412,train,35.191103,35.191103,50.5428
2025-09-22 06:00:00+00:00,2025-09-22 02:00:00-04:00,29.100113,29.205021,train,37.668403,37.668403,33.423753
2025-09-22 07:00:00+00:00,2025-09-22 03:00:00-04:00,23.981149,28.519791,train,29.100113,29.100113,27.736845
2025-09-22 08:00:00+00:00,2025-09-22 04:00:00-04:00,58.709898,32.202965,train,23.981149,23.981149,31.163127
2025-09-22 09:00:00+00:00,2025-09-22 05:00:00-04:00,44.576551,49.109147,train,58.709898,58.709898,23.980523
2025-09-22 10:00:00+00:00,2025-09-22 06:00:00-04:00,42.247501,67.120204,train,44.576551,44.576551,36.000335
2025-09-22 11:00:00+00:00,2025-09-22 07:00:00-04:00,176.163292,68.320858,train,42.247501,42.247501,36.020914
2025-09-22 12:00:00+00:00,2025-09-22 08:00:00-04:00,34.559683,48.784355,train,176.163292,176.163292,47.05552
2025-09-22 13:00:00+00:00,2025-09-22 09:00:00-04:00,55.746731,44.394085,train,34.559683,34.559683,44.924191
2025-09-22 14:00:00+00:00,2025-09-22 10:00:00-04:00,34.077646,48.367167,train,55.746731,55.746731,38.711493
2025-09-22 15:00:00+00:00,2025-09-22 11:00:00-04:00,39.844785,60.517521,train,34.077646,34.077646,46.220816
2025-09-22 16:00:00+00:00,2025-09-22 12:00:00-04:00,124.721625,67.454613,train,39.844785,39.844785,155.586395
2025-09-22 17:00:00+00:00,2025-09-22 13:00:00-04:00,55.07508,78.839049,train,124.721625,124.721625,104.241796
2025-09-22 18:00:00+00:00,2025-09-22 14:00:00-04:00,49.748052,81.76629,train,55.07508,55.07508,140.91277
2025-09-22 19:00:00+00:00,2025-09-22 15:00:00-04:00,50.740703,87.133484,train,49.748052,49.748052,94.391042
2025-09-22 20:00:00+00:00,2025-09-22 16:00:00-04:00,46.600803,101.570499,train,50.740703,50.740703,39.110303
2025-09-22 21:00:00+00:00,2025-09-22 17:00:00-04:00,71.303886,127.025382,train,46.600803,46.600803,46.56172
2025-09-22 22:00:00+00:00,2025-09-22 18:00:00-04:00,80.299252,139.052574,train,71.303886,71.303886,77.371261
2025-09-22 23:00:00+00:00,2025-09-22 19:00:00-04:00,179.516313,133.719247,train,80.299252,80.299252,192.140969
2025-09-23 00:00:00+00:00,2025-09-22 20:00:00-04:00,91.530805,86.023594,train,179.516313,179.516313,76.077395
2025-09-23 01:00:00+00:00,2025-09-22 21:00:00-04:00,41.724403,73.343517,train,91.530805,91.530805,197.851564
2025-09-23 02:00:00+00:00,2025-09-22 22:00:00-04:00,31.739311,63.350272,train,41.724403,41.724403,37.837866
2025-09-23 03:00:00+00:00,2025-09-22 23:00:00-04:00,53.172521,50.438761,train,31.739311,31.739311,28.727087
2025-09-23 04:00:00+00:00,2025-09-23 00:00:00-04:00,74.957603,44.152272,train,53.172521,53.172521,35.191103
2025-09-23 05:00:00+00:00,2025-09-23 01:00:00-04:00,20.794396,39.132249,train,74.957603,74.957603,37.668403
2025-09-23 06:00:00+00:00,2025-09-23 02:00:00-04:00,22.513407,32.437978,train,20.794396,20.794396,29.100113
2025-09-23 07:00:00+00:00,2025-09-23 03:00:00-04:00,19.585353,30.750474,train,22.513407,22.513407,23.981149
2025-09-23 08:00:00+00:00,2025-09-23 04:00:00-04:00,24.523415,35.505085,train,19.585353,19.585353,58.709898
2025-09-23 09:00:00+00:00,2025-09-23 05:00:00-04:00,26.410571,45.950152,train,24.523415,24.523415,44.576551
2025-09-23 10:00:00+00:00,2025-09-23 06:00:00-04:00,30.260677,79.011764,train,26.410571,26.410571,42.247501
2025-09-23 11:00:00+00:00,2025-09-23 07:00:00-04:00,30.125681,84.563341,train,30.260677,30.260677,176.163292
2025-09-23 12:00:00+00:00,2025-09-23 08:00:00-04:00,35.688842,55.654156,train,30.125681,30.125681,34.559683
2025-09-23 13:00:00+00:00,2025-09-23 09:00:00-04:00,32.019522,52.062018,train,35.688842,35.688842,55.746731
2025-09-23 14:00:00+00:00,2025-09-23 10:00:00-04:00,33.491852,56.572007,train,32.019522,32.019522,34.077646
2025-09-23 15:00:00+00:00,2025-09-23 11:00:00-04:00,42.274621,74.145867,train,33.491852,33.491852,39.844785
2025-09-23 16:00:00+00:00,2025-09-23 12:00:00-04:00,47.011063,98.819375,train,42.274621,42.274621,124.721625
2025-09-23 17:00:00+00:00,2025-09-23 13:00:00-04:00,52.364558,116.1714,train,47.011063,47.011063,55.07508
2025-09-23 18:00:00+00:00,2025-09-23 14:00:00-04:00,85.630012,121.444823,train,52.364558,52.364558,49.748052
2025-09-23 19:00:00+00:00,2025-09-23 15:00:00-04:00,99.633034,136.560119,train,85.630012,85.630012,50.740703
2025-09-23 20:00:00+00:00,2025-09-23 16:00:00-04:00,97.529763,188.889958,train,99.633034,99.633034,46.600803
2025-09-23 21:00:00+00:00,2025-09-23 17:00:00-04:00,78.642786,248.140024,train,97.529763,97.529763,71.303886
2025-09-23 22:00:00+00:00,2025-09-23 18:00:00-04:00,86.945227,200.000166,train,78.642786,78.642786,80.299252
2025-09-23 23:00:00+00:00,2025-09-23 19:00:00-04:00,118.711809,159.201336,train,86.945227,86.945227,179.516313
2025-09-24 00:00:00+00:00,2025-09-23 20:00:00-04:00,134.430056,116.977974,train,118.711809,118.711809,91.530805
2025-09-24 01:00:00+00:00,2025-09-23 21:00:00-04:00,142.974848,86.363595,train,134.430056,134.430056,41.724403
2025-09-24 02:00:00+00:00,2025-09-23 22:00:00-04:00,33.084927,64.074452,train,142.974848,142.974848,31.739311
2025-09-24 03:00:00+00:00,2025-09-23 23:00:00-04:00,35.801069,50.918623,train,33.084927,33.084927,53.172521
2025-09-24 04:00:00+00:00,2025-09-24 00:00:00-04:00,58.580375,39.516359,train,35.801069,35.801069,74.957603
2025-09-24 05:00:00+00:00,2025-09-24 01:00:00-04:00,28.711273,31.508433,train,58.580375,58.580375,20.794396
2025-09-24 06:00:00+00:00,2025-09-24 02:00:00-04:00,31.655819,29.211618,train,28.711273,28.711273,22.513407
2025-09-24 07:00:00+00:00,2025-09-24 03:00:00-04:00,32.08593,27.697012,train,31.655819,31.655819,19.585353
2025-09-24 08:00:00+00:00,2025-09-24 04:00:00-04:00,40.39397,29.984784,train,32.08593,32.08593,24.523415
2025-09-24 09:00:00+00:00,2025-09-24 05:00:00-04:00,132.67482,38.843108,train,40.39397,40.39397,26.410571
2025-09-24 10:00:00+00:00,2025-09-24 06:00:00-04:00,92.715218,55.26195,train,132.67482,132.67482,30.260677
2025-09-24 11:00:00+00:00,2025-09-24 07:00:00-04:00,313.222969,53.977819,train,92.715218,92.715218,30.125681
2025-09-24 12:00:00+00:00,2025-09-24 08:00:00-04:00,148.148027,45.173029,train,313.222969,313.222969,35.688842
2025-09-24 13:00:00+00:00,2025-09-24 09:00:00-04:00,59.083288,49.822878,train,148.148027,148.148027,32.019522
2025-09-24 14:00:00+00:00,2025-09-24 10:00:00-04:00,50.109252,63.659894,train,59.083288,59.083288,33.491852
2025-09-24 15:00:00+00:00,2025-09-24 11:00:00-04:00,55.902607,74.75995,train,50.109252,50.109252,42.274621
2025-09-24 16:00:00+00:00,2025-09-24 12:00:00-04:00,43.241253,105.892526,train,55.902607,55.902607,47.011063
2025-09-24 17:00:00+00:00,2025-09-24 13:00:00-04:00,45.08985,128.748533,train,43.241253,43.241253,52.364558
2025-09-24 18:00:00+00:00,2025-09-24 14:00:00-04:00,78.278149,381.240449,train,45.08985,45.08985,85.630012
2025-09-24 19:00:00+00:00,2025-09-24 15:00:00-04:00,41.402343,385.149378,train,78.278149,78.278149,99.633034
2025-09-24 20:00:00+00:00,2025-09-24 16:00:00-04:00,46.891765,386.121303,train,41.402343,41.402343,97.529763
2025-09-24 21:00:00+00:00,2025-09-24 17:00:00-04:00,122.745723,400.616754,train,46.891765,46.891765,78.642786
2025-09-24 22:00:00+00:00,2025-09-24 18:00:00-04:00,428.492539,389.761736,train,122.745723,122.745723,86.945227
2025-09-24 23:00:00+00:00,2025-09-24 19:00:00-04:00,444.92551,149.070544,train,428.492539,428.492539,118.711809
2025-09-25 00:00:00+00:00,2025-09-24 20:00:00-04:00,121.763083,103.847436,train,444.92551,444.92551,134.430056
2025-09-25 01:00:00+00:00,2025-09-24 21:00:00-04:00,137.295556,80.190092,train,121.763083,121.763083,142.974848
2025-09-25 02:00:00+00:00,2025-09-24 22:00:00-04:00,95.689326,65.15005,train,137.295556,137.295556,33.084927
2025-09-25 03:00:00+00:00,2025-09-24 23:00:00-04:00,44.458979,57.395851,train,95.689326,95.689326,35.801069
2025-09-25 04:00:00+00:00,2025-09-25 00:00:00-04:00,69.808083,49.023891,train,44.458979,44.458979,58.580375
2025-09-25 05:00:00+00:00,2025-09-25 01:00:00-04:00,39.498699,45.731765,train,69.808083,69.808083,28.711273
2025-09-25 06:00:00+00:00,2025-09-25 02:00:00-04:00,34.078706,39.832257,train,39.498699,39.498699,31.655819
2025-09-25 07:00:00+00:00,2025-09-25 03:00:00-04:00,28.271793,37.838887,train,34.078706,34.078706,32.08593
2025-09-25 08:00:00+00:00,2025-09-25 04:00:00-04:00,37.09063,40.702714,train,28.271793,28.271793,40.39397
2025-09-25 09:00:00+00:00,2025-09-25 05:00:00-04:00,42.840414,56.108636,train,37.09063,37.09063,132.67482
2025-09-25 10:00:00+00:00,2025-09-25 06:00:00-04:00,94.433717,70.627075,train,42.840414,42.840414,92.715218
2025-09-25 11:00:00+00:00,2025-09-25 07:00:00-04:00,111.251975,78.305134,train,94.433717,94.433717,313.222969
2025-09-25 12:00:00+00:00,2025-09-25 08:00:00-04:00,86.095196,72.214094,train,111.251975,111.251975,148.148027
2025-09-25 13:00:00+00:00,2025-09-25 09:00:00-04:00,114.076551,67.795549,train,86.095196,86.095196,59.083288
2025-09-25 14:00:00+00:00,2025-09-25 10:00:00-04:00,46.375114,62.215669,train,114.076551,114.076551,50.109252
2025-09-25 15:00:00+00:00,2025-09-25 11:00:00-04:00,68.937946,73.422678,train,46.375114,46.375114,55.902607
2025-09-25 16:00:00+00:00,2025-09-25 12:00:00-04:00,41.265397,90.649895,train,68.937946,68.937946,43.241253
2025-09-25 17:00:00+00:00,2025-09-25 13:00:00-04:00,53.678166,100.638704,train,41.265397,41.265397,45.08985
2025-09-25 18:00:00+00:00,2025-09-25 14:00:00-04:00,56.594838,110.658095,train,53.678166,53.678166,78.278149
2025-09-25 19:00:00+00:00,2025-09-25 15:00:00-04:00,92.017269,122.294846,train,56.594838,56.594838,41.402343
2025-09-25 20:00:00+00:00,2025-09-25 16:00:00-04:00,63.283062,139.345826,train,92.017269,92.017269,46.891765
2025-09-25 21:00:00+00:00,2025-09-25 17:00:00-04:00,116.866539,163.640105,train,63.283062,63.283062,122.745723
2025-09-25 22:00:00+00:00,2025-09-25 18:00:00-04:00,282.780981,158.647318,train,116.866539,116.866539,428.492539
2025-09-25 23:00:00+00:00,2025-09-25 19:00:00-04:00,399.212831,158.280269,train,282.780981,282.780981,444.92551
2025-09-26 00:00:00+00:00,2025-09-25 20:00:00-04:00,280.295269,110.449739,train,399.212831,399.212831,121.763083
2025-09-26 01:00:00+00:00,2025-09-25 21:00:00-04:00,72.326025,89.775215,train,280.295269,280.295269,137.295556
2025-09-26 02:00:00+00:00,2025-09-25 22:00:00-04:00,74.585295,72.542364,train,72.326025,72.326025,95.689326
2025-09-26 03:00:00+00:00,2025-09-25 23:00:00-04:00,84.152033,55.672399,train,74.585295,74.585295,44.458979
2025-09-26 04:00:00+00:00,2025-09-26 00:00:00-04:00,39.131299,55.171485,train,84.152033,84.152033,69.808083
2025-09-26 05:00:00+00:00,2025-09-26 01:00:00-04:00,31.668109,48.091298,train,39.131299,39.131299,39.498699
2025-09-26 06:00:00+00:00,2025-09-26 02:00:00-04:00,30.45804,38.055378,train,31.668109,31.668109,34.078706
2025-09-26 07:00:00+00:00,2025-09-26 03:00:00-04:00,27.817915,34.382751,train,30.45804,30.45804,28.271793
2025-09-26 08:00:00+00:00,2025-09-26 04:00:00-04:00,29.043188,39.017922,train,27.817915,27.817915,37.09063
2025-09-26 09:00:00+00:00,2025-09-26 05:00:00-04:00,38.133764,52.865965,train,29.043188,29.043188,42.840414
2025-09-26 10:00:00+00:00,2025-09-26 06:00:00-04:00,33.396828,90.415099,train,38.133764,38.133764,94.433717
2025-09-26 11:00:00+00:00,2025-09-26 07:00:00-04:00,43.511571,94.40019,train,33.396828,33.396828,111.251975
2025-09-26 12:00:00+00:00,2025-09-26 08:00:00-04:00,51.442986,87.470018,train,43.511571,43.511571,86.095196
2025-09-26 13:00:00+00:00,2025-09-26 09:00:00-04:00,34.684778,76.329787,train,51.442986,51.442986,114.076551
2025-09-26 14:00:00+00:00,2025-09-26 10:00:00-04:00,29.018859,67.484239,train,34.684778,34.684778,46.375114
2025-09-26 15:00:00+00:00,2025-09-26 11:00:00-04:00,41.072728,78.306909,train,29.018859,29.018859,68.937946
2025-09-26 16:00:00+00:00,2025-09-26 12:00:00-04:00,35.326171,92.300756,train,41.072728,41.072728,41.265397
2025-09-26 17:00:00+00:00,2025-09-26 13:00:00-04:00,84.41418,95.340925,train,35.326171,35.326171,53.678166
2025-09-26 18:00:00+00:00,2025-09-26 14:00:00-04:00,46.032983,99.179925,train,84.41418,84.41418,56.594838
2025-09-26 19:00:00+00:00,2025-09-26 15:00:00-04:00,52.967616,97.99991,train,46.032983,46.032983,92.017269
2025-09-26 20:00:00+00:00,2025-09-26 16:00:00-04:00,80.73371,100.784093,train,52.967616,52.967616,63.283062
2025-09-26 21:00:00+00:00,2025-09-26 17:00:00-04:00,113.275639,118.261283,train,80.73371,80.73371,116.866539
2025-09-26 22:00:00+00:00,2025-09-26 18:00:00-04:00,101.349863,143.078317,train,113.275639,113.275639,282.780981
2025-09-26 23:00:00+00:00,2025-09-26 19:00:00-04:00,89.403941,131.144498,train,101.349863,101.349863,399.212831
2025-09-27 00:00:00+00:00,2025-09-26 20:00:00-04:00,64.826749,87.1302,train,89.403941,89.403941,280.295269
2025-09-27 01:00:00+00:00,2025-09-26 21:00:00-04:00,53.563764,69.517698,train,64.826749,64.826749,72.326025
2025-09-27 02:00:00+00:00,2025-09-26 22:00:00-04:00,51.845917,56.953779,train,53.563764,53.563764,74.585295
2025-09-27 03:00:00+00:00,2025-09-26 23:00:00-04:00,66.593919,44.763427,train,51.845917,51.845917,84.152033
2025-09-27 04:00:00+00:00,2025-09-27 00:00:00-04:00,35.975736,46.542383,train,66.593919,66.593919,39.131299
2025-09-27 05:00:00+00:00,2025-09-27 01:00:00-04:00,24.01861,36.40159,train,35.975736,35.975736,31.668109
2025-09-27 06:00:00+00:00,2025-09-27 02:00:00-04:00,21.77508,31.162724,train,24.01861,24.01861,30.45804
2025-09-27 07:00:00+00:00,2025-09-27 03:00:00-04:00,22.679977,29.30721,train,21.77508,21.77508,27.817915
2025-09-27 08:00:00+00:00,2025-09-27 04:00:00-04:00,21.071383,29.251098,train,22.679977,22.679977,29.043188
2025-09-27 09:00:00+00:00,2025-09-27 05:00:00-04:00,21.606655,32.85035,train,21.071383,21.071383,38.133764
2025-09-27 10:00:00+00:00,2025-09-27 06:00:00-04:00,25.291991,37.597126,train,21.606655,21.606655,33.396828
2025-09-27 11:00:00+00:00,2025-09-27 07:00:00-04:00,27.872256,48.279188,train,25.291991,25.291991,43.511571
2025-09-27 12:00:00+00:00,2025-09-27 08:00:00-04:00,27.397755,46.077116,train,27.872256,27.872256,51.442986
2025-09-27 13:00:00+00:00,2025-09-27 09:00:00-04:00,26.137684,45.677791,train,27.397755,27.397755,34.684778
2025-09-27 14:00:00+00:00,2025-09-27 10:00:00-04:00,28.727661,45.40721,train,26.137684,26.137684,29.018859
2025-09-27 15:00:00+00:00,2025-09-27 11:00:00-04:00,38.891237,48.168544,train,28.727661,28.727661,41.072728
2025-09-27 16:00:00+00:00,2025-09-27 12:00:00-04:00,33.667069,49.999941,train,38.891237,38.891237,35.326171
2025-09-27 17:00:00+00:00,2025-09-27 13:00:00-04:00,33.061736,52.095693,train,33.667069,33.667069,84.41418
2025-09-27 18:00:00+00:00,2025-09-27 14:00:00-04:00,47.554302,54.991487,train,33.061736,33.061736,46.032983
2025-09-27 19:00:00+00:00,2025-09-27 15:00:00-04:00,41.770156,57.040387,train,47.554302,47.554302,52.967616
2025-09-27 20:00:00+00:00,2025-09-27 16:00:00-04:00,51.860333,60.813817,train,41.770156,41.770156,80.73371
2025-09-27 21:00:00+00:00,2025-09-27 17:00:00-04:00,69.970222,72.145492,train,51.860333,51.860333,113.275639
2025-09-27 22:00:00+00:00,2025-09-27 18:00:00-04:00,122.779333,91.127628,train,69.970222,69.970222,101.349863
2025-09-27 23:00:00+00:00,2025-09-27 19:00:00-04:00,81.174641,97.154988,train,122.779333,122.779333,89.403941
2025-09-28 00:00:00+00:00,2025-09-27 20:00:00-04:00,46.916773,83.864514,train,81.174641,81.174641,64.826749
2025-09-28 01:00:00+00:00,2025-09-27 21:00:00-04:00,40.12646,60.818581,train,46.916773,46.916773,53.563764
2025-09-28 02:00:00+00:00,2025-09-27 22:00:00-04:00,43.614809,52.326734,train,40.12646,40.12646,51.845917
2025-09-28 03:00:00+00:00,2025-09-27 23:00:00-04:00,34.631662,49.33195,train,43.614809,43.614809,66.593919
2025-09-28 04:00:00+00:00,2025-09-28 00:00:00-04:00,37.208647,34.002422,train,34.631662,34.631662,35.975736
2025-09-28 05:00:00+00:00,2025-09-28 01:00:00-04:00,26.71255,28.512452,train,37.208647,37.208647,24.01861
2025-09-28 06:00:00+00:00,2025-09-28 02:00:00-04:00,23.96322,24.98242,train,26.71255,26.71255,21.77508
2025-09-28 07:00:00+00:00,2025-09-28 03:00:00-04:00,19.187939,22.980026,train,23.96322,23.96322,22.679977
2025-09-28 08:00:00+00:00,2025-09-28 04:00:00-04:00,19.872756,22.294253,train,19.187939,19.187939,21.071383
2025-09-28 09:00:00+00:00,2025-09-28 05:00:00-04:00,20.189971,23.950321,train,19.872756,19.872756,21.606655
2025-09-28 10:00:00+00:00,2025-09-28 06:00:00-04:00,21.990385,27.211431,train,20.189971,20.189971,25.291991
2025-09-28 11:00:00+00:00,2025-09-28 07:00:00-04:00,25.753005,30.891933,train,21.990385,21.990385,27.872256
2025-09-28 12:00:00+00:00,2025-09-28 08:00:00-04:00,25.201665,29.23425,train,25.753005,25.753005,27.397755
2025-09-28 13:00:00+00:00,2025-09-28 09:00:00-04:00,22.683578,25.860179,train,25.201665,25.201665,26.137684
2025-09-28 14:00:00+00:00,2025-09-28 10:00:00-04:00,28.735844,29.452525,train,22.683578,22.683578,28.727661
2025-09-28 15:00:00+00:00,2025-09-28 11:00:00-04:00,52.161528,36.437158,train,28.735844,28.735844,38.891237
2025-09-28 16:00:00+00:00,2025-09-28 12:00:00-04:00,78.639447,44.594984,train,52.161528,52.161528,33.667069
2025-09-28 17:00:00+00:00,2025-09-28 13:00:00-04:00,62.179693,47.459606,train,78.639447,78.639447,33.061736
2025-09-28 18:00:00+00:00,2025-09-28 14:00:00-04:00,128.306773,48.567784,train,62.179693,62.179693,47.554302
2025-09-28 19:00:00+00:00,2025-09-28 15:00:00-04:00,62.245572,53.250767,train,128.306773,128.306773,41.770156
2025-09-28 20:00:00+00:00,2025-09-28 16:00:00-04:00,52.306357,59.924283,train,62.245572,62.245572,51.860333
2025-09-28 21:00:00+00:00,2025-09-28 17:00:00-04:00,72.312723,85.593749,train,52.306357,52.306357,69.970222
2025-09-28 22:00:00+00:00,2025-09-28 18:00:00-04:00,165.055339,141.725563,train,72.312723,72.312723,122.779333
2025-09-28 23:00:00+00:00,2025-09-28 19:00:00-04:00,100.857732,102.177844,train,165.055339,165.055339,81.174641
2025-09-29 00:00:00+00:00,2025-09-28 20:00:00-04:00,47.864438,67.583694,train,100.857732,100.857732,46.916773
2025-09-29 01:00:00+00:00,2025-09-28 21:00:00-04:00,37.179564,52.444118,train,47.864438,47.864438,40.12646
2025-09-29 02:00:00+00:00,2025-09-28 22:00:00-04:00,31.92135,44.061743,train,37.179564,37.179564,43.614809
2025-09-29 03:00:00+00:00,2025-09-28 23:00:00-04:00,48.490956,39.835795,train,31.92135,31.92135,34.631662
2025-09-29 04:00:00+00:00,2025-09-29 00:00:00-04:00,27.707197,29.199633,train,48.490956,48.490956,37.208647
2025-09-29 05:00:00+00:00,2025-09-29 01:00:00-04:00,23.515516,25.990016,train,27.707197,27.707197,26.71255
2025-09-29 06:00:00+00:00,2025-09-29 02:00:00-04:00,21.063016,23.827762,train,23.515516,23.515516,23.96322
2025-09-29 07:00:00+00:00,2025-09-29 03:00:00-04:00,19.29147,22.402428,train,21.063016,21.063016,19.187939
2025-09-29 08:00:00+00:00,2025-09-29 04:00:00-04:00,25.4925,25.874902,train,19.29147,19.29147,19.872756
2025-09-29 09:00:00+00:00,2025-09-29 05:00:00-04:00,30.48866,37.856879,train,25.4925,25.4925,20.189971
2025-09-29 10:00:00+00:00,2025-09-29 06:00:00-04:00,39.555119,57.290275,train,30.48866,30.48866,21.990385
2025-09-29 11:00:00+00:00,2025-09-29 07:00:00-04:00,65.324145,67.175484,train,39.555119,39.555119,25.753005
2025-09-29 12:00:00+00:00,2025-09-29 08:00:00-04:00,50.220046,49.953538,train,65.324145,65.324145,25.201665
2025-09-29 13:00:00+00:00,2025-09-29 09:00:00-04:00,28.879518,49.030738,train,50.220046,50.220046,22.683578
2025-09-29 14:00:00+00:00,2025-09-29 10:00:00-04:00,35.807162,59.87716,train,28.879518,28.879518,28.735844
2025-09-29 15:00:00+00:00,2025-09-29 11:00:00-04:00,40.74949,75.389849,train,35.807162,35.807162,52.161528
2025-09-29 16:00:00+00:00,2025-09-29 12:00:00-04:00,36.331966,81.610428,train,40.74949,40.74949,78.639447
2025-09-29 17:00:00+00:00,2025-09-29 13:00:00-04:00,44.071125,90.958817,train,36.331966,36.331966,62.179693
2025-09-29 18:00:00+00:00,2025-09-29 14:00:00-04:00,51.790873,96.099858,train,44.071125,44.071125,128.306773
2025-09-29 19:00:00+00:00,2025-09-29 15:00:00-04:00,53.980046,96.121883,train,51.790873,51.790873,62.245572
2025-09-29 20:00:00+00:00,2025-09-29 16:00:00-04:00,62.460104,99.533557,train,53.980046,53.980046,52.306357
2025-09-29 21:00:00+00:00,2025-09-29 17:00:00-04:00,67.328464,141.293864,train,62.460104,62.460104,72.312723
2025-09-29 22:00:00+00:00,2025-09-29 18:00:00-04:00,171.192203,169.949585,train,67.328464,67.328464,165.055339
2025-09-29 23:00:00+00:00,2025-09-29 19:00:00-04:00,248.653749,136.322791,train,171.192203,171.192203,100.857732
2025-09-30 00:00:00+00:00,2025-09-29 20:00:00-04:00,52.101662,93.785709,train,248.653749,248.653749,47.864438
2025-09-30 01:00:00+00:00,2025-09-29 21:00:00-04:00,84.303158,65.658927,train,52.101662,52.101662,37.179564
2025-09-30 02:00:00+00:00,2025-09-29 22:00:00-04:00,80.750338,52.647162,train,84.303158,84.303158,31.92135
2025-09-30 03:00:00+00:00,2025-09-29 23:00:00-04:00,35.017321,40.621223,train,80.750338,80.750338,48.490956
2025-09-30 04:00:00+00:00,2025-09-30 00:00:00-04:00,40.84787,36.02604,train,35.017321,35.017321,27.707197
2025-09-30 05:00:00+00:00,2025-09-30 01:00:00-04:00,38.211448,30.681193,train,40.84787,40.84787,23.515516
2025-09-30 06:00:00+00:00,2025-09-30 02:00:00-04:00,33.46552,26.012206,train,38.211448,38.211448,21.063016
2025-09-30 07:00:00+00:00,2025-09-30 03:00:00-04:00,31.228917,25.722965,train,33.46552,33.46552,19.29147
2025-09-30 08:00:00+00:00,2025-09-30 04:00:00-04:00,45.698662,30.013242,train,31.228917,31.228917,25.4925
2025-09-30 09:00:00+00:00,2025-09-30 05:00:00-04:00,89.805235,39.170293,train,45.698662,45.698662,30.48866
2025-09-30 10:00:00+00:00,2025-09-30 06:00:00-04:00,71.251455,62.02,train,89.805235,89.805235,39.555119
2025-09-30 11:00:00+00:00,2025-09-30 07:00:00-04:00,164.079172,64.181213,train,71.251455,71.251455,65.324145
2025-09-30 12:00:00+00:00,2025-09-30 08:00:00-04:00,71.137013,54.227851,train,164.079172,164.079172,50.220046
2025-09-30 13:00:00+00:00,2025-09-30 09:00:00-04:00,45.250908,50.203152,train,71.137013,71.137013,28.879518
2025-09-30 14:00:00+00:00,2025-09-30 10:00:00-04:00,37.290957,50.539408,train,45.250908,45.250908,35.807162
2025-09-30 15:00:00+00:00,2025-09-30 11:00:00-04:00,271.075128,58.469572,train,37.290957,37.290957,40.74949
2025-09-30 16:00:00+00:00,2025-09-30 12:00:00-04:00,271.612814,66.335929,train,271.075128,271.075128,36.331966
2025-09-30 17:00:00+00:00,2025-09-30 13:00:00-04:00,354.008942,70.728511,train,271.612814,271.612814,44.071125
2025-09-30 18:00:00+00:00,2025-09-30 14:00:00-04:00,178.638968,73.933979,train,354.008942,354.008942,51.790873
2025-09-30 19:00:00+00:00,2025-09-30 15:00:00-04:00,118.242391,73.774848,train,178.638968,178.638968,53.980046
2025-09-30 20:00:00+00:00,2025-09-30 16:00:00-04:00,71.53935,84.109889,train,118.242391,118.242391,62.460104
2025-09-30 21:00:00+00:00,2025-09-30 17:00:00-04:00,177.934742,109.251839,train,71.53935,71.53935,67.328464
2025-09-30 22:00:00+00:00,2025-09-30 18:00:00-04:00,427.379399,122.460865,train,177.934742,177.934742,171.192203
2025-09-30 23:00:00+00:00,2025-09-30 19:00:00-04:00,151.127178,104.730931,train,427.379399,427.379399,248.653749
2025-10-01 00:00:00+00:00,2025-09-30 20:00:00-04:00,121.334761,67.773567,train,151.127178,151.127178,52.101662
2025-10-01 01:00:00+00:00,2025-09-30 21:00:00-04:00,199.104636,54.769229,train,121.334761,121.334761,84.303158
2025-10-01 02:00:00+00:00,2025-09-30 22:00:00-04:00,177.283156,45.636712,train,199.104636,199.104636,80.750338
2025-10-01 03:00:00+00:00,2025-09-30 23:00:00-04:00,138.361878,36.516928,train,177.283156,177.283156,35.017321
2025-10-01 04:00:00+00:00,2025-10-01 00:00:00-04:00,131.793377,34.624601,test,138.361878,138.361878,40.84787
2025-10-01 05:00:00+00:00,2025-10-01 01:00:00-04:00,46.093766,28.247997,test,131.793377,131.793377,38.211448
2025-10-01 06:00:00+00:00,2025-10-01 02:00:00-04:00,29.165048,25.590433,test,46.093766,46.093766,33.46552
2025-10-01 07:00:00+00:00,2025-10-01 03:00:00-04:00,26.397285,24.761166,test,29.165048,29.165048,31.228917
2025-10-01 08:00:00+00:00,2025-10-01 04:00:00-04:00,62.013989,27.859742,test,26.397285,26.397285,45.698662
2025-10-01 09:00:00+00:00,2025-10-01 05:00:00-04:00,78.808574,39.551063,test,62.013989,62.013989,89.805235
2025-10-01 10:00:00+00:00,2025-10-01 06:00:00-04:00,41.848953,55.901117,test,78.808574,78.808574,71.251455
2025-10-01 11:00:00+00:00,2025-10-01 07:00:00-04:00,56.776444,63.997247,test,41.848953,41.848953,164.079172
2025-10-01 12:00:00+00:00,2025-10-01 08:00:00-04:00,43.372055,42.241695,test,56.776444,56.776444,71.137013
2025-10-01 13:00:00+00:00,2025-10-01 09:00:00-04:00,23.231303,34.654348,test,43.372055,43.372055,45.250908
2025-10-01 14:00:00+00:00,2025-10-01 10:00:00-04:00,93.061352,36.205746,test,23.231303,23.231303,37.290957
2025-10-01 15:00:00+00:00,2025-10-01 11:00:00-04:00,200.606374,40.02116,test,93.061352,93.061352,271.075128
2025-10-01 16:00:00+00:00,2025-10-01 12:00:00-04:00,144.639879,45.250045,test,200.606374,200.606374,271.612814
2025-10-01 17:00:00+00:00,2025-10-01 13:00:00-04:00,241.804303,48.140267,test,144.639879,144.639879,354.008942
2025-10-01 18:00:00+00:00,2025-10-01 14:00:00-04:00,219.233208,47.887374,test,241.804303,241.804303,178.638968
2025-10-01 19:00:00+00:00,2025-10-01 15:00:00-04:00,292.343925,48.905998,test,219.233208,219.233208,118.242391
2025-10-01 20:00:00+00:00,2025-10-01 16:00:00-04:00,157.555376,49.289397,test,292.343925,292.343925,71.53935
2025-10-01 21:00:00+00:00,2025-10-01 17:00:00-04:00,219.333518,67.035319,test,157.555376,157.555376,177.934742
2025-10-01 22:00:00+00:00,2025-10-01 18:00:00-04:00,329.56713,118.128662,test,219.333518,219.333518,427.379399
2025-10-01 23:00:00+00:00,2025-10-01 19:00:00-04:00,98.625003,113.250701,test,329.56713,329.56713,151.127178
2025-10-02 00:00:00+00:00,2025-10-01 20:00:00-04:00,42.238524,62.113993,test,98.625003,98.625003,121.334761
2025-10-02 01:00:00+00:00,2025-10-01 21:00:00-04:00,48.114846,49.716607,test,42.238524,42.238524,199.104636
2025-10-02 02:00:00+00:00,2025-10-01 22:00:00-04:00,41.352526,41.596029,test,48.114846,48.114846,177.283156
2025-10-02 03:00:00+00:00,2025-10-01 23:00:00-04:00,33.317717,37.326206,test,41.352526,41.352526,138.361878
2025-10-02 04:00:00+00:00,2025-10-02 00:00:00-04:00,25.965469,39.208762,test,33.317717,33.317717,131.793377
2025-10-02 05:00:00+00:00,2025-10-02 01:00:00-04:00,28.359206,35.179997,test,25.965469,25.965469,46.093766
2025-10-02 06:00:00+00:00,2025-10-02 02:00:00-04:00,32.020196,31.999353,test,28.359206,28.359206,29.165048
2025-10-02 07:00:00+00:00,2025-10-02 03:00:00-04:00,27.87096,31.994975,test,32.020196,32.020196,26.397285
2025-10-02 08:00:00+00:00,2025-10-02 04:00:00-04:00,46.286854,36.32986,test,27.87096,27.87096,62.013989
2025-10-02 09:00:00+00:00,2025-10-02 05:00:00-04:00,32.90504,45.080342,test,46.286854,46.286854,78.808574
2025-10-02 10:00:00+00:00,2025-10-02 06:00:00-04:00,39.298241,64.236973,test,32.90504,32.90504,41.848953
2025-10-02 11:00:00+00:00,2025-10-02 07:00:00-04:00,55.673096,73.041575,test,39.298241,39.298241,56.776444
2025-10-02 12:00:00+00:00,2025-10-02 08:00:00-04:00,26.044488,43.980091,test,55.673096,55.673096,43.372055
2025-10-02 13:00:00+00:00,2025-10-02 09:00:00-04:00,22.736214,36.036899,test,26.044488,26.044488,23.231303
2025-10-02 14:00:00+00:00,2025-10-02 10:00:00-04:00,72.854391,44.931136,test,22.736214,22.736214,93.061352
2025-10-02 15:00:00+00:00,2025-10-02 11:00:00-04:00,66.23242,62.676589,test,72.854391,72.854391,200.606374
2025-10-02 16:00:00+00:00,2025-10-02 12:00:00-04:00,93.575079,68.914158,test,66.23242,66.23242,144.639879
2025-10-02 17:00:00+00:00,2025-10-02 13:00:00-04:00,197.380311,76.640881,test,93.575079,93.575079,241.804303
2025-10-02 18:00:00+00:00,2025-10-02 14:00:00-04:00,393.788194,78.009148,test,197.380311,197.380311,219.233208
2025-10-02 19:00:00+00:00,2025-10-02 15:00:00-04:00,419.800608,78.57709,test,393.788194,393.788194,292.343925
2025-10-02 20:00:00+00:00,2025-10-02 16:00:00-04:00,287.319118,84.590042,test,419.800608,419.800608,157.555376
2025-10-02 21:00:00+00:00,2025-10-02 17:00:00-04:00,305.17975,115.388356,test,287.319118,287.319118,219.333518
2025-10-02 22:00:00+00:00,2025-10-02 18:00:00-04:00,386.542948,165.515228,test,305.17975,305.17975,329.56713
2025-10-02 23:00:00+00:00,2025-10-02 19:00:00-04:00,324.379446,164.670011,test,386.542948,386.542948,98.625003
2025-10-03 00:00:00+00:00,2025-10-02 20:00:00-04:00,112.40188,103.595867,test,324.379446,324.379446,42.238524
2025-10-03 01:00:00+00:00,2025-10-02 21:00:00-04:00,65.723011,79.450113,test,112.40188,112.40188,48.114846
2025-10-03 02:00:00+00:00,2025-10-02 22:00:00-04:00,77.546455,68.49483,test,65.723011,65.723011,41.352526
2025-10-03 03:00:00+00:00,2025-10-02 23:00:00-04:00,61.734202,57.665445,test,77.546455,77.546455,33.317717
2025-10-03 04:00:00+00:00,2025-10-03 00:00:00-04:00,71.35541,42.053365,test,61.734202,61.734202,25.965469
2025-10-03 05:00:00+00:00,2025-10-03 01:00:00-04:00,24.705964,37.14294,test,71.35541,71.35541,28.359206
2025-10-03 06:00:00+00:00,2025-10-03 02:00:00-04:00,23.55268,32.085866,test,24.705964,24.705964,32.020196
2025-10-03 07:00:00+00:00,2025-10-03 03:00:00-04:00,24.889173,31.784643,test,23.55268,23.55268,27.87096
2025-10-03 08:00:00+00:00,2025-10-03 04:00:00-04:00,30.930363,35.988606,test,24.889173,24.889173,46.286854
2025-10-03 09:00:00+00:00,2025-10-03 05:00:00-04:00,35.039821,48.469958,test,30.930363,30.930363,32.90504
2025-10-03 10:00:00+00:00,2025-10-03 06:00:00-04:00,40.303552,67.846017,test,35.039821,35.039821,39.298241
2025-10-03 11:00:00+00:00,2025-10-03 07:00:00-04:00,62.922351,76.480578,test,40.303552,40.303552,55.673096
2025-10-03 12:00:00+00:00,2025-10-03 08:00:00-04:00,30.920866,49.22943,test,62.922351,62.922351,26.044488
2025-10-03 13:00:00+00:00,2025-10-03 09:00:00-04:00,22.840845,36.741402,test,30.920866,30.920866,22.736214
2025-10-03 14:00:00+00:00,2025-10-03 10:00:00-04:00,24.438936,48.172655,test,22.840845,22.840845,72.854391
2025-10-03 15:00:00+00:00,2025-10-03 11:00:00-04:00,60.033153,70.900011,test,24.438936,24.438936,66.23242
2025-10-03 16:00:00+00:00,2025-10-03 12:00:00-04:00,45.477784,74.858705,test,60.033153,60.033153,93.575079
2025-10-03 17:00:00+00:00,2025-10-03 13:00:00-04:00,82.770801,88.461618,test,45.477784,45.477784,197.380311
2025-10-03 18:00:00+00:00,2025-10-03 14:00:00-04:00,38.610884,86.934158,test,82.770801,82.770801,393.788194
2025-10-03 19:00:00+00:00,2025-10-03 15:00:00-04:00,48.142385,95.623186,test,38.610884,38.610884,419.800608
2025-10-03 20:00:00+00:00,2025-10-03 16:00:00-04:00,36.543104,96.561404,test,48.142385,48.142385,287.319118
2025-10-03 21:00:00+00:00,2025-10-03 17:00:00-04:00,791.600015,134.101316,test,36.543104,36.543104,305.17975
2025-10-03 22:00:00+00:00,2025-10-03 18:00:00-04:00,90.643657,187.799784,test,791.600015,791.600015,386.542948
2025-10-03 23:00:00+00:00,2025-10-03 19:00:00-04:00,48.472173,150.6178,test,90.643657,90.643657,324.379446
2025-10-04 00:00:00+00:00,2025-10-03 20:00:00-04:00,44.21972,79.818575,test,48.472173,48.472173,112.40188
2025-10-04 01:00:00+00:00,2025-10-03 21:00:00-04:00,39.092182,65.838537,test,44.21972,44.21972,65.723011
2025-10-04 02:00:00+00:00,2025-10-03 22:00:00-04:00,44.93395,56.177953,test,39.092182,39.092182,77.546455
2025-10-04 03:00:00+00:00,2025-10-03 23:00:00-04:00,49.94694,48.558853,test,44.93395,44.93395,61.734202
2025-10-04 04:00:00+00:00,2025-10-04 00:00:00-04:00,36.455044,48.372051,test,49.94694,49.94694,71.35541
2025-10-04 05:00:00+00:00,2025-10-04 01:00:00-04:00,31.596333,36.540298,test,36.455044,36.455044,24.705964
2025-10-04 06:00:00+00:00,2025-10-04 02:00:00-04:00,23.209304,31.928681,test,31.596333,31.596333,23.55268
2025-10-04 07:00:00+00:00,2025-10-04 03:00:00-04:00,26.578284,29.160268,test,23.209304,23.209304,24.889173
2025-10-04 08:00:00+00:00,2025-10-04 04:00:00-04:00,30.692545,31.433081,test,26.578284,26.578284,30.930363
2025-10-04 09:00:00+00:00,2025-10-04 05:00:00-04:00,34.76697,34.977434,test,30.692545,30.692545,35.039821
2025-10-04 10:00:00+00:00,2025-10-04 06:00:00-04:00,36.89455,40.089782,test,34.76697,34.76697,40.303552
2025-10-04 11:00:00+00:00,2025-10-04 07:00:00-04:00,38.675415,48.120841,test,36.89455,36.89455,62.922351
2025-10-04 12:00:00+00:00,2025-10-04 08:00:00-04:00,22.783388,33.350189,test,38.675415,38.675415,30.920866
2025-10-04 13:00:00+00:00,2025-10-04 09:00:00-04:00,18.836097,29.221424,test,22.783388,22.783388,22.840845
2025-10-04 14:00:00+00:00,2025-10-04 10:00:00-04:00,18.275556,35.095094,test,18.836097,18.836097,24.438936
2025-10-04 15:00:00+00:00,2025-10-04 11:00:00-04:00,36.692274,51.407199,test,18.275556,18.275556,60.033153
2025-10-04 16:00:00+00:00,2025-10-04 12:00:00-04:00,50.623715,64.422535,test,36.692274,36.692274,45.477784
2025-10-04 17:00:00+00:00,2025-10-04 13:00:00-04:00,86.75572,81.274155,test,50.623715,50.623715,82.770801
2025-10-04 18:00:00+00:00,2025-10-04 14:00:00-04:00,62.559225,92.11827,test,86.75572,86.75572,38.610884
2025-10-04 19:00:00+00:00,2025-10-04 15:00:00-04:00,128.786687,97.756811,test,62.559225,62.559225,48.142385
2025-10-04 20:00:00+00:00,2025-10-04 16:00:00-04:00,173.869737,109.563402,test,128.786687,128.786687,36.543104
2025-10-04 21:00:00+00:00,2025-10-04 17:00:00-04:00,131.328155,142.776606,test,173.869737,173.869737,791.600015
2025-10-04 22:00:00+00:00,2025-10-04 18:00:00-04:00,149.952356,194.7213,test,131.328155,131.328155,90.643657
2025-10-04 23:00:00+00:00,2025-10-04 19:00:00-04:00,51.025468,149.852006,test,149.952356,149.952356,48.472173
2025-10-05 00:00:00+00:00,2025-10-04 20:00:00-04:00,44.101102,76.655935,test,51.025468,51.025468,44.21972
2025-10-05 01:00:00+00:00,2025-10-04 21:00:00-04:00,67.107325,59.067079,test,44.101102,44.101102,39.092182
2025-10-05 02:00:00+00:00,2025-10-04 22:00:00-04:00,62.9929,54.09285,test,67.107325,67.107325,44.93395
2025-10-05 03:00:00+00:00,2025-10-04 23:00:00-04:00,48.213792,47.493609,test,62.9929,62.9929,49.94694
2025-10-05 04:00:00+00:00,2025-10-05 00:00:00-04:00,58.51022,39.819999,test,48.213792,48.213792,36.455044
2025-10-05 05:00:00+00:00,2025-10-05 01:00:00-04:00,30.356849,36.665093,test,58.51022,58.51022,31.596333
2025-10-05 06:00:00+00:00,2025-10-05 02:00:00-04:00,38.41714,31.298354,test,30.356849,30.356849,23.209304
2025-10-05 07:00:00+00:00,2025-10-05 03:00:00-04:00,29.008435,28.473384,test,38.41714,38.41714,26.578284
2025-10-05 08:00:00+00:00,2025-10-05 04:00:00-04:00,26.281784,29.537609,test,29.008435,29.008435,30.692545
2025-10-05 09:00:00+00:00,2025-10-05 05:00:00-04:00,32.653533,33.223676,test,26.281784,26.281784,34.76697
2025-10-05 10:00:00+00:00,2025-10-05 06:00:00-04:00,41.247093,38.841145,test,32.653533,32.653533,36.89455
2025-10-05 11:00:00+00:00,2025-10-05 07:00:00-04:00,39.285418,41.551251,test,41.247093,41.247093,38.675415
2025-10-05 12:00:00+00:00,2025-10-05 08:00:00-04:00,17.916994,32.907045,test,39.285418,39.285418,22.783388
2025-10-05 13:00:00+00:00,2025-10-05 09:00:00-04:00,14.495487,27.663773,test,17.916994,17.916994,18.836097
2025-10-05 14:00:00+00:00,2025-10-05 10:00:00-04:00,17.725806,32.837805,test,14.495487,14.495487,18.275556
2025-10-05 15:00:00+00:00,2025-10-05 11:00:00-04:00,20.745269,46.418655,test,17.725806,17.725806,36.692274
2025-10-05 16:00:00+00:00,2025-10-05 12:00:00-04:00,45.175565,52.847752,test,20.745269,20.745269,50.623715
2025-10-05 17:00:00+00:00,2025-10-05 13:00:00-04:00,71.182414,64.962809,test,45.175565,45.175565,86.75572
2025-10-05 18:00:00+00:00,2025-10-05 14:00:00-04:00,72.621075,73.222754,test,71.182414,71.182414,62.559225
2025-10-05 19:00:00+00:00,2025-10-05 15:00:00-04:00,96.870632,81.185652,test,72.621075,72.621075,128.786687
2025-10-05 20:00:00+00:00,2025-10-05 16:00:00-04:00,52.063985,94.898877,test,96.870632,96.870632,173.869737
2025-10-05 21:00:00+00:00,2025-10-05 17:00:00-04:00,116.217117,146.227133,test,52.063985,52.063985,131.328155
2025-10-05 22:00:00+00:00,2025-10-05 18:00:00-04:00,299.154997,199.999919,test,116.217117,116.217117,149.952356
2025-10-05 23:00:00+00:00,2025-10-05 19:00:00-04:00,70.357264,138.395945,test,299.154997,299.154997,51.025468
2025-10-06 00:00:00+00:00,2025-10-05 20:00:00-04:00,43.831452,71.776766,test,70.357264,70.357264,44.101102
2025-10-06 01:00:00+00:00,2025-10-05 21:00:00-04:00,50.505913,60.425295,test,43.831452,43.831452,67.107325
2025-10-06 02:00:00+00:00,2025-10-05 22:00:00-04:00,55.951116,51.258458,test,50.505913,50.505913,62.9929
2025-10-06 03:00:00+00:00,2025-10-05 23:00:00-04:00,22.433952,43.714238,test,55.951116,55.951116,48.213792
2025-10-06 04:00:00+00:00,2025-10-06 00:00:00-04:00,26.203722,35.976457,test,22.433952,22.433952,58.51022
2025-10-06 05:00:00+00:00,2025-10-06 01:00:00-04:00,23.205227,29.852901,test,26.203722,26.203722,30.356849
2025-10-06 06:00:00+00:00,2025-10-06 02:00:00-04:00,21.785587,27.510032,test,23.205227,23.205227,38.41714
2025-10-06 07:00:00+00:00,2025-10-06 03:00:00-04:00,20.314892,27.511361,test,21.785587,21.785587,29.008435
2025-10-06 08:00:00+00:00,2025-10-06 04:00:00-04:00,21.493047,32.425556,test,20.314892,20.314892,26.281784
2025-10-06 09:00:00+00:00,2025-10-06 05:00:00-04:00,31.138977,43.525236,test,21.493047,21.493047,32.653533
2025-10-06 10:00:00+00:00,2025-10-06 06:00:00-04:00,37.192271,62.965096,test,31.138977,31.138977,41.247093
2025-10-06 11:00:00+00:00,2025-10-06 07:00:00-04:00,36.300538,80.000079,test,37.192271,37.192271,39.285418
2025-10-06 12:00:00+00:00,2025-10-06 08:00:00-04:00,26.979399,55.000246,test,36.300538,36.300538,17.916994
2025-10-06 13:00:00+00:00,2025-10-06 09:00:00-04:00,54.630643,54.372309,test,26.979399,26.979399,14.495487
2025-10-06 14:00:00+00:00,2025-10-06 10:00:00-04:00,182.147899,60.576598,test,54.630643,54.630643,17.725806
2025-10-06 15:00:00+00:00,2025-10-06 11:00:00-04:00,323.63212,90.855358,test,182.147899,182.147899,20.745269
2025-10-06 16:00:00+00:00,2025-10-06 12:00:00-04:00,363.401402,107.213426,test,323.63212,323.63212,45.175565
2025-10-06 17:00:00+00:00,2025-10-06 13:00:00-04:00,362.941366,121.059812,test,363.401402,363.401402,71.182414
2025-10-06 18:00:00+00:00,2025-10-06 14:00:00-04:00,336.906244,132.263455,test,362.941366,362.941366,72.621075
2025-10-06 19:00:00+00:00,2025-10-06 15:00:00-04:00,258.842894,158.120364,test,336.906244,336.906244,96.870632
2025-10-06 20:00:00+00:00,2025-10-06 16:00:00-04:00,185.144349,207.730115,test,258.842894,258.842894,52.063985
2025-10-06 21:00:00+00:00,2025-10-06 17:00:00-04:00,217.26839,284.99992,test,185.144349,185.144349,116.217117
2025-10-06 22:00:00+00:00,2025-10-06 18:00:00-04:00,180.3647,360.521731,test,217.26839,217.26839,299.154997
2025-10-06 23:00:00+00:00,2025-10-06 19:00:00-04:00,57.077117,255.872501,test,180.3647,180.3647,70.357264
2025-10-07 00:00:00+00:00,2025-10-06 20:00:00-04:00,49.931,159.979997,test,57.077117,57.077117,43.831452
2025-10-07 01:00:00+00:00,2025-10-06 21:00:00-04:00,53.051403,94.586195,test,49.931,49.931,50.505913
2025-10-07 02:00:00+00:00,2025-10-06 22:00:00-04:00,40.665793,72.865773,test,53.051403,53.051403,55.951116
2025-10-07 03:00:00+00:00,2025-10-06 23:00:00-04:00,32.025469,67.031842,test,40.665793,40.665793,22.433952
2025-10-07 04:00:00+00:00,2025-10-07 00:00:00-04:00,41.080199,50.809934,test,32.025469,32.025469,26.203722
2025-10-07 05:00:00+00:00,2025-10-07 01:00:00-04:00,40.598986,43.689926,test,41.080199,41.080199,23.205227
2025-10-07 06:00:00+00:00,2025-10-07 02:00:00-04:00,26.011321,39.740051,test,40.598986,40.598986,21.785587
2025-10-07 07:00:00+00:00,2025-10-07 03:00:00-04:00,29.006277,38.348819,test,26.011321,26.011321,20.314892
2025-10-07 08:00:00+00:00,2025-10-07 04:00:00-04:00,41.962572,44.030167,test,29.006277,29.006277,21.493047
2025-10-07 09:00:00+00:00,2025-10-07 05:00:00-04:00,68.864615,51.990305,test,41.962572,41.962572,31.138977
2025-10-07 10:00:00+00:00,2025-10-07 06:00:00-04:00,71.435635,71.074566,test,68.864615,68.864615,37.192271
2025-10-07 11:00:00+00:00,2025-10-07 07:00:00-04:00,47.231416,89.525537,test,71.435635,71.435635,36.300538
2025-10-07 12:00:00+00:00,2025-10-07 08:00:00-04:00,50.446854,66.64363,test,47.231416,47.231416,26.979399
2025-10-07 13:00:00+00:00,2025-10-07 09:00:00-04:00,49.272517,82.005002,test,50.446854,50.446854,54.630643
2025-10-07 14:00:00+00:00,2025-10-07 10:00:00-04:00,37.034897,100.653738,test,49.272517,49.272517,182.147899
2025-10-07 15:00:00+00:00,2025-10-07 11:00:00-04:00,72.126367,103.659894,test,37.034897,37.034897,323.63212
2025-10-07 16:00:00+00:00,2025-10-07 12:00:00-04:00,149.181891,124.999937,test,72.126367,72.126367,363.401402
2025-10-07 17:00:00+00:00,2025-10-07 13:00:00-04:00,272.447088,151.61026,test,149.181891,149.181891,362.941366
2025-10-07 18:00:00+00:00,2025-10-07 14:00:00-04:00,354.836456,168.000081,test,272.447088,272.447088,336.906244
2025-10-07 19:00:00+00:00,2025-10-07 15:00:00-04:00,338.436809,207.499977,test,354.836456,354.836456,258.842894
2025-10-07 20:00:00+00:00,2025-10-07 16:00:00-04:00,303.548855,214.660083,test,338.436809,338.436809,185.144349
2025-10-07 21:00:00+00:00,2025-10-07 17:00:00-04:00,401.603936,283.582597,test,303.548855,303.548855,217.26839
2025-10-07 22:00:00+00:00,2025-10-07 18:00:00-04:00,258.078716,313.246984,test,401.603936,401.603936,180.3647
2025-10-07 23:00:00+00:00,2025-10-07 19:00:00-04:00,263.989414,222.480116,test,258.078716,258.078716,57.077117
2025-10-08 00:00:00+00:00,2025-10-07 20:00:00-04:00,118.135376,147.386551,test,263.989414,263.989414,49.931
2025-10-08 01:00:00+00:00,2025-10-07 21:00:00-04:00,90.594176,123.251156,test,118.135376,118.135376,53.051403
2025-10-08 02:00:00+00:00,2025-10-07 22:00:00-04:00,139.525971,94.554137,test,90.594176,90.594176,40.665793
2025-10-08 03:00:00+00:00,2025-10-07 23:00:00-04:00,184.397154,87.296693,test,139.525971,139.525971,32.025469
2025-10-08 04:00:00+00:00,2025-10-08 00:00:00-04:00,542.168883,85.280099,test,184.397154,184.397154,41.080199
2025-10-08 05:00:00+00:00,2025-10-08 01:00:00-04:00,149.821513,75.785851,test,542.168883,542.168883,40.598986
2025-10-08 06:00:00+00:00,2025-10-08 02:00:00-04:00,61.063387,70.332519,test,149.821513,149.821513,26.011321
2025-10-08 07:00:00+00:00,2025-10-08 03:00:00-04:00,99.42673,58.587718,test,61.063387,61.063387,29.006277
2025-10-08 08:00:00+00:00,2025-10-08 04:00:00-04:00,83.851908,64.055281,test,99.42673,99.42673,41.962572
2025-10-08 09:00:00+00:00,2025-10-08 05:00:00-04:00,54.4088,85.019934,test,83.851908,83.851908,68.864615
2025-10-08 10:00:00+00:00,2025-10-08 06:00:00-04:00,265.698092,105.033903,test,54.4088,54.4088,71.435635
2025-10-08 11:00:00+00:00,2025-10-08 07:00:00-04:00,138.834902,130.709484,test,265.698092,265.698092,47.231416
2025-10-08 12:00:00+00:00,2025-10-08 08:00:00-04:00,113.662778,108.527759,test,138.834902,138.834902,50.446854
2025-10-08 13:00:00+00:00,2025-10-08 09:00:00-04:00,169.059608,106.813065,test,113.662778,113.662778,49.272517
2025-10-08 14:00:00+00:00,2025-10-08 10:00:00-04:00,228.465815,101.3605,test,169.059608,169.059608,37.034897
2025-10-08 15:00:00+00:00,2025-10-08 11:00:00-04:00,53.869721,120.199916,test,228.465815,228.465815,72.126367
2025-10-08 16:00:00+00:00,2025-10-08 12:00:00-04:00,33.513578,118.708944,test,53.869721,53.869721,149.181891
2025-10-08 17:00:00+00:00,2025-10-08 13:00:00-04:00,27.981993,139.999924,test,33.513578,33.513578,272.447088
2025-10-08 18:00:00+00:00,2025-10-08 14:00:00-04:00,54.331672,120.200156,test,27.981993,27.981993,354.836456
2025-10-08 19:00:00+00:00,2025-10-08 15:00:00-04:00,72.833591,96.291408,test,54.331672,54.331672,338.436809
2025-10-08 20:00:00+00:00,2025-10-08 16:00:00-04:00,76.581762,98.385418,test,72.833591,72.833591,303.548855
2025-10-08 21:00:00+00:00,2025-10-08 17:00:00-04:00,112.391533,118.680575,test,76.581762,76.581762,401.603936
2025-10-08 22:00:00+00:00,2025-10-08 18:00:00-04:00,63.006883,162.44853,test,112.391533,112.391533,258.078716
2025-10-08 23:00:00+00:00,2025-10-08 19:00:00-04:00,62.890633,111.325421,test,63.006883,63.006883,263.989414
2025-10-09 00:00:00+00:00,2025-10-08 20:00:00-04:00,36.993594,69.148535,test,62.890633,62.890633,118.135376
2025-10-09 01:00:00+00:00,2025-10-08 21:00:00-04:00,33.966021,53.814633,test,36.993594,36.993594,90.594176
2025-10-09 02:00:00+00:00,2025-10-08 22:00:00-04:00,27.444447,53.301859,test,33.966021,33.966021,139.525971
2025-10-09 03:00:00+00:00,2025-10-08 23:00:00-04:00,24.751774,50.206454,test,27.444447,27.444447,184.397154
2025-10-09 04:00:00+00:00,2025-10-09 00:00:00-04:00,22.230663,64.285381,test,24.751774,24.751774,542.168883
2025-10-09 05:00:00+00:00,2025-10-09 01:00:00-04:00,21.850787,51.290945,test,22.230663,22.230663,149.821513
2025-10-09 06:00:00+00:00,2025-10-09 02:00:00-04:00,21.32145,40.348725,test,21.850787,21.850787,61.063387
2025-10-09 07:00:00+00:00,2025-10-09 03:00:00-04:00,21.464076,40.253725,test,21.32145,21.32145,99.42673
2025-10-09 08:00:00+00:00,2025-10-09 04:00:00-04:00,21.957854,46.152384,test,21.464076,21.464076,83.851908
2025-10-09 09:00:00+00:00,2025-10-09 05:00:00-04:00,24.521155,50.000039,test,21.957854,21.957854,54.4088
2025-10-09 10:00:00+00:00,2025-10-09 06:00:00-04:00,61.296803,80.49403,test,24.521155,24.521155,265.698092
2025-10-09 11:00:00+00:00,2025-10-09 07:00:00-04:00,62.330485,90.339318,test,61.296803,61.296803,138.834902
2025-10-09 12:00:00+00:00,2025-10-09 08:00:00-04:00,41.701567,50.941617,test,62.330485,62.330485,113.662778
2025-10-09 13:00:00+00:00,2025-10-09 09:00:00-04:00,20.724196,37.744122,test,41.701567,41.701567,169.059608
2025-10-09 14:00:00+00:00,2025-10-09 10:00:00-04:00,23.198056,48.143468,test,20.724196,20.724196,228.465815
2025-10-09 15:00:00+00:00,2025-10-09 11:00:00-04:00,22.988406,67.052628,test,23.198056,23.198056,53.869721
2025-10-09 16:00:00+00:00,2025-10-09 12:00:00-04:00,22.149171,71.2743,test,22.988406,22.988406,33.513578
2025-10-09 17:00:00+00:00,2025-10-09 13:00:00-04:00,23.228718,75.229576,test,22.149171,22.149171,27.981993
2025-10-09 18:00:00+00:00,2025-10-09 14:00:00-04:00,23.641164,76.02926,test,23.228718,23.228718,54.331672
2025-10-09 19:00:00+00:00,2025-10-09 15:00:00-04:00,22.115387,76.422027,test,23.641164,23.641164,72.833591
2025-10-09 20:00:00+00:00,2025-10-09 16:00:00-04:00,26.49109,80.292469,test,22.115387,22.115387,76.581762
2025-10-09 21:00:00+00:00,2025-10-09 17:00:00-04:00,57.283547,119.184497,test,26.49109,26.49109,112.391533
2025-10-09 22:00:00+00:00,2025-10-09 18:00:00-04:00,71.313743,175.135584,test,57.283547,57.283547,63.006883
2025-10-09 23:00:00+00:00,2025-10-09 19:00:00-04:00,86.025694,143.708549,test,71.313743,71.313743,62.890633
2025-10-10 00:00:00+00:00,2025-10-09 20:00:00-04:00,72.172963,88.935281,test,86.025694,86.025694,36.993594
2025-10-10 01:00:00+00:00,2025-10-09 21:00:00-04:00,48.661607,68.056382,test,72.172963,72.172963,33.966021
2025-10-10 02:00:00+00:00,2025-10-09 22:00:00-04:00,30.249494,67.679813,test,48.661607,48.661607,27.444447
2025-10-10 03:00:00+00:00,2025-10-09 23:00:00-04:00,29.147379,59.167266,test,30.249494,30.249494,24.751774
2025-10-10 04:00:00+00:00,2025-10-10 00:00:00-04:00,39.72769,44.794657,test,29.147379,29.147379,22.230663
2025-10-10 05:00:00+00:00,2025-10-10 01:00:00-04:00,53.413415,42.794719,test,39.72769,39.72769,21.850787
2025-10-10 06:00:00+00:00,2025-10-10 02:00:00-04:00,27.005751,41.211216,test,53.413415,53.413415,21.32145
2025-10-10 07:00:00+00:00,2025-10-10 03:00:00-04:00,30.518815,42.538898,test,27.005751,27.005751,21.464076
2025-10-10 08:00:00+00:00,2025-10-10 04:00:00-04:00,41.764131,51.186177,test,30.518815,30.518815,21.957854
2025-10-10 09:00:00+00:00,2025-10-10 05:00:00-04:00,38.657896,59.562572,test,41.764131,41.764131,24.521155
2025-10-10 10:00:00+00:00,2025-10-10 06:00:00-04:00,120.928439,89.330573,test,38.657896,38.657896,61.296803
2025-10-10 11:00:00+00:00,2025-10-10 07:00:00-04:00,159.572947,108.157643,test,120.928439,120.928439,62.330485
2025-10-10 12:00:00+00:00,2025-10-10 08:00:00-04:00,48.31413,60.021996,test,159.572947,159.572947,41.701567
2025-10-10 13:00:00+00:00,2025-10-10 09:00:00-04:00,59.771262,48.880208,test,48.31413,48.31413,20.724196
2025-10-10 14:00:00+00:00,2025-10-10 10:00:00-04:00,34.387201,55.466913,test,59.771262,59.771262,23.198056
2025-10-10 15:00:00+00:00,2025-10-10 11:00:00-04:00,110.711488,63.273705,test,34.387201,34.387201,22.988406
2025-10-10 16:00:00+00:00,2025-10-10 12:00:00-04:00,242.572526,64.869694,test,110.711488,110.711488,22.149171
2025-10-10 17:00:00+00:00,2025-10-10 13:00:00-04:00,212.694474,67.999899,test,242.572526,242.572526,23.228718
2025-10-10 18:00:00+00:00,2025-10-10 14:00:00-04:00,98.785489,72.401582,test,212.694474,212.694474,23.641164
2025-10-10 19:00:00+00:00,2025-10-10 15:00:00-04:00,114.536281,65.892539,test,98.785489,98.785489,22.115387
2025-10-10 20:00:00+00:00,2025-10-10 16:00:00-04:00,86.969946,64.165459,test,114.536281,114.536281,26.49109
2025-10-10 21:00:00+00:00,2025-10-10 17:00:00-04:00,115.00275,75.745233,test,86.969946,86.969946,57.283547
2025-10-10 22:00:00+00:00,2025-10-10 18:00:00-04:00,83.441957,102.706088,test,115.00275,115.00275,71.313743
2025-10-10 23:00:00+00:00,2025-10-10 19:00:00-04:00,154.456822,94.699823,test,83.441957,83.441957,86.025694
2025-10-11 00:00:00+00:00,2025-10-10 20:00:00-04:00,66.29048,64.680065,test,154.456822,154.456822,72.172963
2025-10-11 01:00:00+00:00,2025-10-10 21:00:00-04:00,44.510869,58.259667,test,66.29048,66.29048,48.661607
2025-10-11 02:00:00+00:00,2025-10-10 22:00:00-04:00,44.265526,54.39463,test,44.510869,44.510869,30.249494
2025-10-11 03:00:00+00:00,2025-10-10 23:00:00-04:00,34.194374,44.291004,test,44.265526,44.265526,29.147379
2025-10-11 04:00:00+00:00,2025-10-11 00:00:00-04:00,33.612988,60.679432,test,34.194374,34.194374,39.72769
2025-10-11 05:00:00+00:00,2025-10-11 01:00:00-04:00,108.063428,50.803779,test,33.612988,33.612988,53.413415
2025-10-11 06:00:00+00:00,2025-10-11 02:00:00-04:00,45.702773,40.369475,test,108.063428,108.063428,27.005751
2025-10-11 07:00:00+00:00,2025-10-11 03:00:00-04:00,37.662011,39.979631,test,45.702773,45.702773,30.518815
2025-10-11 08:00:00+00:00,2025-10-11 04:00:00-04:00,57.403749,43.789338,test,37.662011,37.662011,41.764131
2025-10-11 09:00:00+00:00,2025-10-11 05:00:00-04:00,79.982082,47.36852,test,57.403749,57.403749,38.657896
2025-10-11 10:00:00+00:00,2025-10-11 06:00:00-04:00,59.414251,59.411662,test,79.982082,79.982082,120.928439
2025-10-11 11:00:00+00:00,2025-10-11 07:00:00-04:00,40.338402,68.716234,test,59.414251,59.414251,159.572947
2025-10-11 12:00:00+00:00,2025-10-11 08:00:00-04:00,43.888143,68.324181,test,40.338402,40.338402,48.31413
2025-10-11 13:00:00+00:00,2025-10-11 09:00:00-04:00,29.891869,61.462826,test,43.888143,43.888143,59.771262
2025-10-11 14:00:00+00:00,2025-10-11 10:00:00-04:00,61.935945,71.534722,test,29.891869,29.891869,34.387201
2025-10-11 15:00:00+00:00,2025-10-11 11:00:00-04:00,42.505235,63.952858,test,61.935945,61.935945,110.711488
2025-10-11 16:00:00+00:00,2025-10-11 12:00:00-04:00,88.336829,59.878299,test,42.505235,42.505235,242.572526
2025-10-11 17:00:00+00:00,2025-10-11 13:00:00-04:00,46.753363,63.578312,test,88.336829,88.336829,212.694474
2025-10-11 18:00:00+00:00,2025-10-11 14:00:00-04:00,26.809148,64.914945,test,46.753363,46.753363,98.785489
2025-10-11 19:00:00+00:00,2025-10-11 15:00:00-04:00,35.529216,68.850175,test,26.809148,26.809148,114.536281
2025-10-11 20:00:00+00:00,2025-10-11 16:00:00-04:00,79.683459,73.044858,test,35.529216,35.529216,86.969946
2025-10-11 21:00:00+00:00,2025-10-11 17:00:00-04:00,40.419321,84.373123,test,79.683459,79.683459,115.00275
2025-10-11 22:00:00+00:00,2025-10-11 18:00:00-04:00,84.885813,103.587298,test,40.419321,40.419321,83.441957
2025-10-11 23:00:00+00:00,2025-10-11 19:00:00-04:00,57.76755,96.633309,test,84.885813,84.885813,154.456822
2025-10-12 00:00:00+00:00,2025-10-11 20:00:00-04:00,54.93451,68.815674,test,57.76755,57.76755,66.29048
2025-10-12 01:00:00+00:00,2025-10-11 21:00:00-04:00,39.486515,61.334629,test,54.93451,54.93451,44.510869
2025-10-12 02:00:00+00:00,2025-10-11 22:00:00-04:00,67.145822,61.161544,test,39.486515,39.486515,44.265526
2025-10-12 03:00:00+00:00,2025-10-11 23:00:00-04:00,77.007848,50.899011,test,67.145822,67.145822,34.194374
2025-10-12 04:00:00+00:00,2025-10-12 00:00:00-04:00,46.183092,66.843138,test,77.007848,77.007848,33.612988
2025-10-12 05:00:00+00:00,2025-10-12 01:00:00-04:00,26.711847,64.033426,test,46.183092,46.183092,108.063428
2025-10-12 06:00:00+00:00,2025-10-12 02:00:00-04:00,32.264424,44.157716,test,26.711847,26.711847,45.702773
2025-10-12 07:00:00+00:00,2025-10-12 03:00:00-04:00,25.628907,43.057742,test,32.264424,32.264424,37.662011
2025-10-12 08:00:00+00:00,2025-10-12 04:00:00-04:00,25.313492,52.188339,test,25.628907,25.628907,57.403749
2025-10-12 09:00:00+00:00,2025-10-12 05:00:00-04:00,28.126059,49.741267,test,25.313492,25.313492,79.982082
2025-10-12 10:00:00+00:00,2025-10-12 06:00:00-04:00,36.887173,62.801317,test,28.126059,28.126059,59.414251
2025-10-12 11:00:00+00:00,2025-10-12 07:00:00-04:00,68.597087,61.93637,test,36.887173,36.887173,40.338402
2025-10-12 12:00:00+00:00,2025-10-12 08:00:00-04:00,27.074528,65.954912,test,68.597087,68.597087,43.888143
2025-10-12 13:00:00+00:00,2025-10-12 09:00:00-04:00,30.931744,70.674725,test,27.074528,27.074528,29.891869
2025-10-12 14:00:00+00:00,2025-10-12 10:00:00-04:00,38.251811,88.516863,test,30.931744,30.931744,61.935945
2025-10-12 15:00:00+00:00,2025-10-12 11:00:00-04:00,29.909933,101.081181,test,38.251811,38.251811,42.505235
2025-10-12 16:00:00+00:00,2025-10-12 12:00:00-04:00,30.370661,94.323397,test,29.909933,29.909933,88.336829
2025-10-12 17:00:00+00:00,2025-10-12 13:00:00-04:00,38.36985,92.51792,test,30.370661,30.370661,46.753363
2025-10-12 18:00:00+00:00,2025-10-12 14:00:00-04:00,49.111425,89.15359,test,38.36985,38.36985,26.809148
2025-10-12 19:00:00+00:00,2025-10-12 15:00:00-04:00,34.563798,89.922454,test,49.111425,49.111425,35.529216
2025-10-12 20:00:00+00:00,2025-10-12 16:00:00-04:00,43.297393,93.880156,test,34.563798,34.563798,79.683459
2025-10-12 21:00:00+00:00,2025-10-12 17:00:00-04:00,46.221029,112.798042,test,43.297393,43.297393,40.419321
2025-10-12 22:00:00+00:00,2025-10-12 18:00:00-04:00,135.33378,139.776773,test,46.221029,46.221029,84.885813
2025-10-12 23:00:00+00:00,2025-10-12 19:00:00-04:00,104.978745,140.247328,test,135.33378,135.33378,57.76755
2025-10-13 00:00:00+00:00,2025-10-12 20:00:00-04:00,37.561656,97.222472,test,104.978745,104.978745,54.93451
2025-10-13 01:00:00+00:00,2025-10-12 21:00:00-04:00,40.100594,78.879972,test,37.561656,37.561656,39.486515
2025-10-13 02:00:00+00:00,2025-10-12 22:00:00-04:00,40.012779,68.0518,test,40.100594,40.100594,67.145822
2025-10-13 03:00:00+00:00,2025-10-12 23:00:00-04:00,36.196538,61.262342,test,40.012779,40.012779,77.007848
2025-10-13 04:00:00+00:00,2025-10-13 00:00:00-04:00,29.097756,47.300516,test,36.196538,36.196538,46.183092
2025-10-13 05:00:00+00:00,2025-10-13 01:00:00-04:00,27.623283,39.601672,test,29.097756,29.097756,26.711847
2025-10-13 06:00:00+00:00,2025-10-13 02:00:00-04:00,27.662461,36.426599,test,27.623283,27.623283,32.264424
2025-10-13 07:00:00+00:00,2025-10-13 03:00:00-04:00,28.958554,36.568548,test,27.662461,27.662461,25.628907
2025-10-13 08:00:00+00:00,2025-10-13 04:00:00-04:00,32.459221,43.150867,test,28.958554,28.958554,25.313492
2025-10-13 09:00:00+00:00,2025-10-13 05:00:00-04:00,30.422736,51.910142,test,32.459221,32.459221,28.126059
2025-10-13 10:00:00+00:00,2025-10-13 06:00:00-04:00,56.340067,75.864242,test,30.422736,30.422736,36.887173
2025-10-13 11:00:00+00:00,2025-10-13 07:00:00-04:00,52.440235,85.691462,test,56.340067,56.340067,68.597087
2025-10-13 12:00:00+00:00,2025-10-13 08:00:00-04:00,64.331403,66.200163,test,52.440235,52.440235,27.074528
2025-10-13 13:00:00+00:00,2025-10-13 09:00:00-04:00,36.783752,63.376437,test,64.331403,64.331403,30.931744
2025-10-13 14:00:00+00:00,2025-10-13 10:00:00-04:00,44.543099,63.03934,test,36.783752,36.783752,38.251811
2025-10-13 15:00:00+00:00,2025-10-13 11:00:00-04:00,41.240512,73.167849,test,44.543099,44.543099,29.909933
2025-10-13 16:00:00+00:00,2025-10-13 12:00:00-04:00,236.654158,72.374166,test,41.240512,41.240512,30.370661
2025-10-13 17:00:00+00:00,2025-10-13 13:00:00-04:00,248.098033,76.22421,test,236.654158,236.654158,38.36985
2025-10-13 18:00:00+00:00,2025-10-13 14:00:00-04:00,166.171488,77.017206,test,248.098033,248.098033,49.111425
2025-10-13 19:00:00+00:00,2025-10-13 15:00:00-04:00,213.242869,78.00792,test,166.171488,166.171488,34.563798
2025-10-13 20:00:00+00:00,2025-10-13 16:00:00-04:00,182.054917,84.225574,test,213.242869,213.242869,43.297393
2025-10-13 21:00:00+00:00,2025-10-13 17:00:00-04:00,56.962107,113.34787,test,182.054917,182.054917,46.221029
2025-10-13 22:00:00+00:00,2025-10-13 18:00:00-04:00,57.738104,172.01195,test,56.962107,56.962107,135.33378
2025-10-13 23:00:00+00:00,2025-10-13 19:00:00-04:00,56.725341,179.585454,test,57.738104,57.738104,104.978745
2025-10-14 00:00:00+00:00,2025-10-13 20:00:00-04:00,64.08316,96.417866,test,56.725341,56.725341,37.561656
2025-10-14 01:00:00+00:00,2025-10-13 21:00:00-04:00,56.579203,72.515019,test,64.08316,64.08316,40.100594
2025-10-14 02:00:00+00:00,2025-10-13 22:00:00-04:00,48.713688,61.226769,test,56.579203,56.579203,40.012779
2025-10-14 03:00:00+00:00,2025-10-13 23:00:00-04:00,36.289373,54.328086,test,48.713688,48.713688,36.196538
2025-10-14 04:00:00+00:00,2025-10-14 00:00:00-04:00,34.430207,41.964181,test,36.289373,36.289373,29.097756
2025-10-14 05:00:00+00:00,2025-10-14 01:00:00-04:00,29.258043,37.140082,test,34.430207,34.430207,27.623283
2025-10-14 06:00:00+00:00,2025-10-14 02:00:00-04:00,33.559173,31.981863,test,29.258043,29.258043,27.662461
2025-10-14 07:00:00+00:00,2025-10-14 03:00:00-04:00,31.986068,32.294323,test,33.559173,33.559173,28.958554
2025-10-14 08:00:00+00:00,2025-10-14 04:00:00-04:00,116.147607,40.044369,test,31.986068,31.986068,32.459221
2025-10-14 09:00:00+00:00,2025-10-14 05:00:00-04:00,33.379233,47.702494,test,116.147607,116.147607,30.422736
2025-10-14 10:00:00+00:00,2025-10-14 06:00:00-04:00,109.910667,70.980055,test,33.379233,33.379233,56.340067
2025-10-14 11:00:00+00:00,2025-10-14 07:00:00-04:00,156.207945,92.948249,test,109.910667,109.910667,52.440235
2025-10-14 12:00:00+00:00,2025-10-14 08:00:00-04:00,61.039171,63.626937,test,156.207945,156.207945,64.331403
2025-10-14 13:00:00+00:00,2025-10-14 09:00:00-04:00,41.727967,55.960279,test,61.039171,61.039171,36.783752
2025-10-14 14:00:00+00:00,2025-10-14 10:00:00-04:00,40.432133,58.997734,test,41.727967,41.727967,44.543099
2025-10-14 15:00:00+00:00,2025-10-14 11:00:00-04:00,39.913494,65.233501,test,40.432133,40.432133,41.240512
2025-10-14 16:00:00+00:00,2025-10-14 12:00:00-04:00,42.86535,66.78912,test,39.913494,39.913494,236.654158
2025-10-14 17:00:00+00:00,2025-10-14 13:00:00-04:00,35.138159,66.408336,test,42.86535,42.86535,248.098033
2025-10-14 18:00:00+00:00,2025-10-14 14:00:00-04:00,56.060104,65.333189,test,35.138159,35.138159,166.171488
2025-10-14 19:00:00+00:00,2025-10-14 15:00:00-04:00,88.38513,65.498066,test,56.060104,56.060104,213.242869
2025-10-14 20:00:00+00:00,2025-10-14 16:00:00-04:00,55.296832,73.001948,test,88.38513,88.38513,182.054917
2025-10-14 21:00:00+00:00,2025-10-14 17:00:00-04:00,93.870688,98.07589,test,55.296832,55.296832,56.962107
2025-10-14 22:00:00+00:00,2025-10-14 18:00:00-04:00,253.20593,142.573735,test,93.870688,93.870688,57.738104
2025-10-14 23:00:00+00:00,2025-10-14 19:00:00-04:00,92.644523,132.729859,test,253.20593,253.20593,56.725341
2025-10-15 00:00:00+00:00,2025-10-14 20:00:00-04:00,50.017083,67.670037,test,92.644523,92.644523,64.08316
2025-10-15 01:00:00+00:00,2025-10-14 21:00:00-04:00,46.682454,55.547208,test,50.017083,50.017083,56.579203
2025-10-15 02:00:00+00:00,2025-10-14 22:00:00-04:00,64.487074,47.234907,test,46.682454,46.682454,48.713688
2025-10-15 03:00:00+00:00,2025-10-14 23:00:00-04:00,31.693608,42.306987,test,64.487074,64.487074,36.289373
2025-10-15 04:00:00+00:00,2025-10-15 00:00:00-04:00,56.139523,41.414609,test,31.693608,31.693608,34.430207
2025-10-15 05:00:00+00:00,2025-10-15 01:00:00-04:00,33.051584,37.245888,test,56.139523,56.139523,29.258043
2025-10-15 06:00:00+00:00,2025-10-15 02:00:00-04:00,30.486462,33.608823,test,33.051584,33.051584,33.559173
2025-10-15 07:00:00+00:00,2025-10-15 03:00:00-04:00,30.261415,33.679703,test,30.486462,30.486462,31.986068
2025-10-15 08:00:00+00:00,2025-10-15 04:00:00-04:00,31.433312,39.532559,test,30.261415,30.261415,116.147607
2025-10-15 09:00:00+00:00,2025-10-15 05:00:00-04:00,45.590811,46.970027,test,31.433312,31.433312,33.379233
2025-10-15 10:00:00+00:00,2025-10-15 06:00:00-04:00,73.605786,73.148318,test,45.590811,45.590811,109.910667
2025-10-15 11:00:00+00:00,2025-10-15 07:00:00-04:00,78.096478,91.589704,test,73.605786,73.605786,156.207945
2025-10-15 12:00:00+00:00,2025-10-15 08:00:00-04:00,63.156249,54.126183,test,78.096478,78.096478,61.039171
2025-10-15 13:00:00+00:00,2025-10-15 09:00:00-04:00,34.044109,40.050933,test,63.156249,63.156249,41.727967
2025-10-15 14:00:00+00:00,2025-10-15 10:00:00-04:00,43.585773,43.207742,test,34.044109,34.044109,40.432133
2025-10-15 15:00:00+00:00,2025-10-15 11:00:00-04:00,43.108405,57.011883,test,43.585773,43.585773,39.913494
2025-10-15 16:00:00+00:00,2025-10-15 12:00:00-04:00,36.272626,71.913559,test,43.108405,43.108405,42.86535
2025-10-15 17:00:00+00:00,2025-10-15 13:00:00-04:00,30.922241,77.669895,test,36.272626,36.272626,35.138159
2025-10-15 18:00:00+00:00,2025-10-15 14:00:00-04:00,37.719595,77.690057,test,30.922241,30.922241,56.060104
2025-10-15 19:00:00+00:00,2025-10-15 15:00:00-04:00,39.414494,77.827095,test,37.719595,37.719595,88.38513
2025-10-15 20:00:00+00:00,2025-10-15 16:00:00-04:00,72.824439,80.179612,test,39.414494,39.414494,55.296832
2025-10-15 21:00:00+00:00,2025-10-15 17:00:00-04:00,52.194928,104.161452,test,72.824439,72.824439,93.870688
2025-10-15 22:00:00+00:00,2025-10-15 18:00:00-04:00,116.222261,142.502774,test,52.194928,52.194928,253.20593
2025-10-15 23:00:00+00:00,2025-10-15 19:00:00-04:00,67.421196,125.32495,test,116.222261,116.222261,92.644523
2025-10-16 00:00:00+00:00,2025-10-15 20:00:00-04:00,56.921333,77.423839,test,67.421196,67.421196,50.017083
2025-10-16 01:00:00+00:00,2025-10-15 21:00:00-04:00,43.196095,55.510063,test,56.921333,56.921333,46.682454
2025-10-16 02:00:00+00:00,2025-10-15 22:00:00-04:00,49.464843,49.299868,test,43.196095,43.196095,64.487074
2025-10-16 03:00:00+00:00,2025-10-15 23:00:00-04:00,32.026774,43.533002,test,49.464843,49.464843,31.693608
2025-10-16 04:00:00+00:00,2025-10-16 00:00:00-04:00,30.644414,36.999856,test,32.026774,32.026774,56.139523
2025-10-16 05:00:00+00:00,2025-10-16 01:00:00-04:00,28.778452,31.346479,test,30.644414,30.644414,33.051584
2025-10-16 06:00:00+00:00,2025-10-16 02:00:00-04:00,27.301035,29.458934,test,28.778452,28.778452,30.486462
2025-10-16 07:00:00+00:00,2025-10-16 03:00:00-04:00,25.943072,29.736656,test,27.301035,27.301035,30.261415
2025-10-16 08:00:00+00:00,2025-10-16 04:00:00-04:00,27.328004,35.455569,test,25.943072,25.943072,31.433312
2025-10-16 09:00:00+00:00,2025-10-16 05:00:00-04:00,41.299753,43.169512,test,27.328004,27.328004,45.590811
2025-10-16 10:00:00+00:00,2025-10-16 06:00:00-04:00,72.797329,75.191438,test,41.299753,41.299753,73.605786
2025-10-16 11:00:00+00:00,2025-10-16 07:00:00-04:00,122.543097,103.847101,test,72.797329,72.797329,78.096478
2025-10-16 12:00:00+00:00,2025-10-16 08:00:00-04:00,53.642134,49.79022,test,122.543097,122.543097,63.156249
2025-10-16 13:00:00+00:00,2025-10-16 09:00:00-04:00,20.727162,36.37145,test,53.642134,53.642134,34.044109
2025-10-16 14:00:00+00:00,2025-10-16 10:00:00-04:00,22.748317,43.264261,test,20.727162,20.727162,43.585773
2025-10-16 15:00:00+00:00,2025-10-16 11:00:00-04:00,27.2954,60.809795,test,22.748317,22.748317,43.108405
2025-10-16 16:00:00+00:00,2025-10-16 12:00:00-04:00,27.448896,72.823715,test,27.2954,27.2954,36.272626
2025-10-16 17:00:00+00:00,2025-10-16 13:00:00-04:00,30.396819,76.145061,test,27.448896,27.448896,30.922241
2025-10-16 18:00:00+00:00,2025-10-16 14:00:00-04:00,28.003466,71.41263,test,30.396819,30.396819,37.719595
2025-10-16 19:00:00+00:00,2025-10-16 15:00:00-04:00,25.923154,67.560028,test,28.003466,28.003466,39.414494
2025-10-16 20:00:00+00:00,2025-10-16 16:00:00-04:00,25.96097,69.63031,test,25.923154,25.923154,72.824439
2025-10-16 21:00:00+00:00,2025-10-16 17:00:00-04:00,73.60821,89.125347,test,25.96097,25.96097,52.194928
2025-10-16 22:00:00+00:00,2025-10-16 18:00:00-04:00,101.232644,120.9261,test,73.60821,73.60821,116.222261
2025-10-16 23:00:00+00:00,2025-10-16 19:00:00-04:00,82.878838,110.393238,test,101.232644,101.232644,67.421196
2025-10-17 00:00:00+00:00,2025-10-16 20:00:00-04:00,36.169703,64.758975,test,82.878838,82.878838,56.921333
2025-10-17 01:00:00+00:00,2025-10-16 21:00:00-04:00,33.830972,53.677658,test,36.169703,36.169703,43.196095
2025-10-17 02:00:00+00:00,2025-10-16 22:00:00-04:00,51.509728,47.281429,test,33.830972,33.830972,49.464843
2025-10-17 03:00:00+00:00,2025-10-16 23:00:00-04:00,29.17167,41.318636,test,51.509728,51.509728,32.026774
2025-10-17 04:00:00+00:00,2025-10-17 00:00:00-04:00,36.031232,43.698643,test,29.17167,29.17167,30.644414
2025-10-17 05:00:00+00:00,2025-10-17 01:00:00-04:00,31.35733,38.511724,test,36.031232,36.031232,28.778452
2025-10-17 06:00:00+00:00,2025-10-17 02:00:00-04:00,26.171614,36.398522,test,31.35733,31.35733,27.301035
2025-10-17 07:00:00+00:00,2025-10-17 03:00:00-04:00,28.129006,36.109702,test,26.171614,26.171614,25.943072
2025-10-17 08:00:00+00:00,2025-10-17 04:00:00-04:00,27.257064,41.363196,test,28.129006,28.129006,27.328004
2025-10-17 09:00:00+00:00,2025-10-17 05:00:00-04:00,37.014645,57.914002,test,27.257064,27.257064,41.299753
2025-10-17 10:00:00+00:00,2025-10-17 06:00:00-04:00,86.035908,108.12731,test,37.014645,37.014645,72.797329
2025-10-17 11:00:00+00:00,2025-10-17 07:00:00-04:00,102.159897,159.424703,test,86.035908,86.035908,122.543097
2025-10-17 12:00:00+00:00,2025-10-17 08:00:00-04:00,60.83952,69.200506,test,102.159897,102.159897,53.642134
2025-10-17 13:00:00+00:00,2025-10-17 09:00:00-04:00,32.511085,37.066759,test,60.83952,60.83952,20.727162
2025-10-17 14:00:00+00:00,2025-10-17 10:00:00-04:00,99.481011,38.954612,test,32.511085,32.511085,22.748317
2025-10-17 15:00:00+00:00,2025-10-17 11:00:00-04:00,33.796045,42.509156,test,99.481011,99.481011,27.2954
2025-10-17 16:00:00+00:00,2025-10-17 12:00:00-04:00,33.527121,45.198501,test,33.796045,33.796045,27.448896
2025-10-17 17:00:00+00:00,2025-10-17 13:00:00-04:00,31.018605,48.680483,test,33.527121,33.527121,30.396819
2025-10-17 18:00:00+00:00,2025-10-17 14:00:00-04:00,29.153582,47.263752,test,31.018605,31.018605,28.003466
2025-10-17 19:00:00+00:00,2025-10-17 15:00:00-04:00,34.727932,48.560011,test,29.153582,29.153582,25.923154
2025-10-17 20:00:00+00:00,2025-10-17 16:00:00-04:00,35.110831,55.806749,test,34.727932,34.727932,25.96097
2025-10-17 21:00:00+00:00,2025-10-17 17:00:00-04:00,128.404267,89.000089,test,35.110831,35.110831,73.60821
2025-10-17 22:00:00+00:00,2025-10-17 18:00:00-04:00,104.633199,105.625529,test,128.404267,128.404267,101.232644
2025-10-17 23:00:00+00:00,2025-10-17 19:00:00-04:00,72.837359,81.835878,test,104.633199,104.633199,82.878838
2025-10-18 00:00:00+00:00,2025-10-17 20:00:00-04:00,65.458562,59.903591,test,72.837359,72.837359,36.169703
2025-10-18 01:00:00+00:00,2025-10-17 21:00:00-04:00,95.988901,49.534772,test,65.458562,65.458562,33.830972
2025-10-18 02:00:00+00:00,2025-10-17 22:00:00-04:00,80.284537,45.739136,test,95.988901,95.988901,51.509728
2025-10-18 03:00:00+00:00,2025-10-17 23:00:00-04:00,31.713069,39.438285,test,80.284537,80.284537,29.17167
2025-10-18 04:00:00+00:00,2025-10-18 00:00:00-04:00,29.965045,38.997822,test,31.713069,31.713069,36.031232
2025-10-18 05:00:00+00:00,2025-10-18 01:00:00-04:00,27.30276,35.67146,test,29.965045,29.965045,31.35733
2025-10-18 06:00:00+00:00,2025-10-18 02:00:00-04:00,29.874915,31.23221,test,27.30276,27.30276,26.171614
2025-10-18 07:00:00+00:00,2025-10-18 03:00:00-04:00,29.478728,30.581699,test,29.874915,29.874915,28.129006
2025-10-18 08:00:00+00:00,2025-10-18 04:00:00-04:00,26.90852,32.282295,test,29.478728,29.478728,27.257064
2025-10-18 09:00:00+00:00,2025-10-18 05:00:00-04:00,28.974079,37.116763,test,26.90852,26.90852,37.014645
2025-10-18 10:00:00+00:00,2025-10-18 06:00:00-04:00,55.971054,43.824777,test,28.974079,28.974079,86.035908
2025-10-18 11:00:00+00:00,2025-10-18 07:00:00-04:00,196.038251,55.88129,test,55.971054,55.971054,102.159897
2025-10-18 12:00:00+00:00,2025-10-18 08:00:00-04:00,59.363645,46.725266,test,196.038251,196.038251,60.83952
2025-10-18 13:00:00+00:00,2025-10-18 09:00:00-04:00,28.402541,34.454267,test,59.363645,59.363645,32.511085
2025-10-18 14:00:00+00:00,2025-10-18 10:00:00-04:00,27.602008,33.940462,test,28.402541,28.402541,99.481011
2025-10-18 15:00:00+00:00,2025-10-18 11:00:00-04:00,33.257675,34.898489,test,27.602008,27.602008,33.796045
2025-10-18 16:00:00+00:00,2025-10-18 12:00:00-04:00,50.411334,41.268771,test,33.257675,33.257675,33.527121
2025-10-18 17:00:00+00:00,2025-10-18 13:00:00-04:00,68.577991,46.722526,test,50.411334,50.411334,31.018605
2025-10-18 18:00:00+00:00,2025-10-18 14:00:00-04:00,147.645471,48.669446,test,68.577991,68.577991,29.153582
2025-10-18 19:00:00+00:00,2025-10-18 15:00:00-04:00,204.752348,54.326589,test,147.645471,147.645471,34.727932
2025-10-18 20:00:00+00:00,2025-10-18 16:00:00-04:00,220.687325,65.908497,test,204.752348,204.752348,35.110831
2025-10-18 21:00:00+00:00,2025-10-18 17:00:00-04:00,203.785033,98.833797,test,220.687325,220.687325,128.404267
2025-10-18 22:00:00+00:00,2025-10-18 18:00:00-04:00,247.663227,121.311435,test,203.785033,203.785033,104.633199
2025-10-18 23:00:00+00:00,2025-10-18 19:00:00-04:00,170.092116,87.322315,test,247.663227,247.663227,72.837359
2025-10-19 00:00:00+00:00,2025-10-18 20:00:00-04:00,231.525793,59.175664,test,170.092116,170.092116,65.458562
2025-10-19 01:00:00+00:00,2025-10-18 21:00:00-04:00,177.081233,53.319799,test,231.525793,231.525793,95.988901
2025-10-19 02:00:00+00:00,2025-10-18 22:00:00-04:00,184.10273,45.577257,test,177.081233,177.081233,80.284537
2025-10-19 03:00:00+00:00,2025-10-18 23:00:00-04:00,54.265118,42.210976,test,184.10273,184.10273,31.713069
2025-10-19 04:00:00+00:00,2025-10-19 00:00:00-04:00,60.458659,39.328496,test,54.265118,54.265118,29.965045
2025-10-19 05:00:00+00:00,2025-10-19 01:00:00-04:00,44.495819,32.561135,test,60.458659,60.458659,27.30276
2025-10-19 06:00:00+00:00,2025-10-19 02:00:00-04:00,36.417417,29.745294,test,44.495819,44.495819,29.874915
2025-10-19 07:00:00+00:00,2025-10-19 03:00:00-04:00,25.070948,28.589027,test,36.417417,36.417417,29.478728
2025-10-19 08:00:00+00:00,2025-10-19 04:00:00-04:00,21.908997,29.844974,test,25.070948,25.070948,26.90852
2025-10-19 09:00:00+00:00,2025-10-19 05:00:00-04:00,26.495935,30.775512,test,21.908997,21.908997,28.974079
2025-10-19 10:00:00+00:00,2025-10-19 06:00:00-04:00,26.518408,35.000288,test,26.495935,26.495935,55.971054
2025-10-19 11:00:00+00:00,2025-10-19 07:00:00-04:00,110.597393,42.199559,test,26.518408,26.518408,196.038251
2025-10-19 12:00:00+00:00,2025-10-19 08:00:00-04:00,51.7336,34.060332,test,110.597393,110.597393,59.363645
2025-10-19 13:00:00+00:00,2025-10-19 09:00:00-04:00,26.670631,31.131813,test,51.7336,51.7336,28.402541
2025-10-19 14:00:00+00:00,2025-10-19 10:00:00-04:00,27.032851,31.801137,test,26.670631,26.670631,27.602008
2025-10-19 15:00:00+00:00,2025-10-19 11:00:00-04:00,72.646112,34.886032,test,27.032851,27.032851,33.257675
2025-10-19 16:00:00+00:00,2025-10-19 12:00:00-04:00,249.139619,42.706939,test,72.646112,72.646112,50.411334
2025-10-19 17:00:00+00:00,2025-10-19 13:00:00-04:00,362.235319,49.397062,test,249.139619,249.139619,68.577991
2025-10-19 18:00:00+00:00,2025-10-19 14:00:00-04:00,256.969938,50.922748,test,362.235319,362.235319,147.645471
2025-10-19 19:00:00+00:00,2025-10-19 15:00:00-04:00,589.690802,60.02044,test,256.969938,256.969938,204.752348
2025-10-19 20:00:00+00:00,2025-10-19 16:00:00-04:00,706.32276,76.670103,test,589.690802,589.690802,220.687325
2025-10-19 21:00:00+00:00,2025-10-19 17:00:00-04:00,224.786406,103.606346,test,706.32276,706.32276,203.785033
2025-10-19 22:00:00+00:00,2025-10-19 18:00:00-04:00,340.19673,137.925583,test,224.786406,224.786406,247.663227
2025-10-19 23:00:00+00:00,2025-10-19 19:00:00-04:00,221.81164,122.748354,test,340.19673,340.19673,170.092116
2025-10-20 00:00:00+00:00,2025-10-19 20:00:00-04:00,227.593318,93.387327,test,221.81164,221.81164,231.525793
2025-10-20 01:00:00+00:00,2025-10-19 21:00:00-04:00,53.857891,59.535005,test,227.593318,227.593318,177.081233
2025-10-20 02:00:00+00:00,2025-10-19 22:00:00-04:00,34.550531,46.910002,test,53.857891,53.857891,184.10273
2025-10-20 03:00:00+00:00,2025-10-19 23:00:00-04:00,30.794328,36.413989,test,34.550531,34.550531,54.265118
2025-10-20 04:00:00+00:00,2025-10-20 00:00:00-04:00,31.48646,38.818217,test,30.794328,30.794328,60.458659
2025-10-20 05:00:00+00:00,2025-10-20 01:00:00-04:00,23.486872,31.947223,test,31.48646,31.48646,44.495819
2025-10-20 06:00:00+00:00,2025-10-20 02:00:00-04:00,24.146536,29.702568,test,23.486872,23.486872,36.417417
2025-10-20 07:00:00+00:00,2025-10-20 03:00:00-04:00,24.451877,28.872133,test,24.146536,24.146536,25.070948
2025-10-20 08:00:00+00:00,2025-10-20 04:00:00-04:00,26.545984,36.138747,test,24.451877,24.451877,21.908997
2025-10-20 09:00:00+00:00,2025-10-20 05:00:00-04:00,38.522118,45.8103,test,26.545984,26.545984,26.495935
2025-10-20 10:00:00+00:00,2025-10-20 06:00:00-04:00,59.694772,80.972018,test,38.522118,38.522118,26.518408
2025-10-20 11:00:00+00:00,2025-10-20 07:00:00-04:00,69.883428,121.966413,test,59.694772,59.694772,110.597393
2025-10-20 12:00:00+00:00,2025-10-20 08:00:00-04:00,44.903654,65.866872,test,69.883428,69.883428,51.7336
2025-10-20 13:00:00+00:00,2025-10-20 09:00:00-04:00,23.748431,40.899107,test,44.903654,44.903654,26.670631
2025-10-20 14:00:00+00:00,2025-10-20 10:00:00-04:00,30.043261,40.585496,test,23.748431,23.748431,27.032851
2025-10-20 15:00:00+00:00,2025-10-20 11:00:00-04:00,33.111139,51.000177,test,30.043261,30.043261,72.646112
2025-10-20 16:00:00+00:00,2025-10-20 12:00:00-04:00,26.412492,53.963067,test,33.111139,33.111139,249.139619
2025-10-20 17:00:00+00:00,2025-10-20 13:00:00-04:00,30.077723,59.67247,test,26.412492,26.412492,362.235319
2025-10-20 18:00:00+00:00,2025-10-20 14:00:00-04:00,29.231255,63.129794,test,30.077723,30.077723,256.969938
2025-10-20 19:00:00+00:00,2025-10-20 15:00:00-04:00,21.196679,63.597964,test,29.231255,29.231255,589.690802
2025-10-20 20:00:00+00:00,2025-10-20 16:00:00-04:00,78.463813,70.430499,test,21.196679,21.196679,706.32276
2025-10-20 21:00:00+00:00,2025-10-20 17:00:00-04:00,185.798422,102.746623,test,78.463813,78.463813,224.786406
2025-10-20 22:00:00+00:00,2025-10-20 18:00:00-04:00,110.864891,136.36548,test,185.798422,185.798422,340.19673
2025-10-20 23:00:00+00:00,2025-10-20 19:00:00-04:00,285.863662,120.839977,test,110.864891,110.864891,221.81164
2025-10-21 00:00:00+00:00,2025-10-20 20:00:00-04:00,67.668576,75.000213,test,285.863662,285.863662,227.593318
2025-10-21 01:00:00+00:00,2025-10-20 21:00:00-04:00,44.253848,56.801323,test,67.668576,67.668576,53.857891
2025-10-21 02:00:00+00:00,2025-10-20 22:00:00-04:00,27.695239,48.373926,test,44.253848,44.253848,34.550531
2025-10-21 03:00:00+00:00,2025-10-20 23:00:00-04:00,29.815604,40.411891,test,27.695239,27.695239,30.794328
2025-10-21 04:00:00+00:00,2025-10-21 00:00:00-04:00,29.866669,41.220129,test,29.815604,29.815604,31.48646
2025-10-21 05:00:00+00:00,2025-10-21 01:00:00-04:00,25.985907,37.157799,test,29.866669,29.866669,23.486872
2025-10-21 06:00:00+00:00,2025-10-21 02:00:00-04:00,27.423691,33.538878,test,25.985907,25.985907,24.146536
2025-10-21 07:00:00+00:00,2025-10-21 03:00:00-04:00,27.466461,34.890498,test,27.423691,27.423691,24.451877
2025-10-21 08:00:00+00:00,2025-10-21 04:00:00-04:00,30.972399,42.268008,test,27.466461,27.466461,26.545984
2025-10-21 09:00:00+00:00,2025-10-21 05:00:00-04:00,324.368468,56.334455,test,30.972399,30.972399,38.522118
2025-10-21 10:00:00+00:00,2025-10-21 06:00:00-04:00,72.254857,112.718787,test,324.368468,324.368468,59.694772
2025-10-21 11:00:00+00:00,2025-10-21 07:00:00-04:00,259.702134,148.730174,test,72.254857,72.254857,69.883428
2025-10-21 12:00:00+00:00,2025-10-21 08:00:00-04:00,118.314951,78.735385,test,259.702134,259.702134,44.903654
2025-10-21 13:00:00+00:00,2025-10-21 09:00:00-04:00,25.449342,40.156598,test,118.314951,118.314951,23.748431
2025-10-21 14:00:00+00:00,2025-10-21 10:00:00-04:00,27.813962,41.582359,test,25.449342,25.449342,30.043261
2025-10-21 15:00:00+00:00,2025-10-21 11:00:00-04:00,132.660526,53.210444,test,27.813962,27.813962,33.111139
2025-10-21 16:00:00+00:00,2025-10-21 12:00:00-04:00,324.644607,64.999738,test,132.660526,132.660526,26.412492
2025-10-21 17:00:00+00:00,2025-10-21 13:00:00-04:00,412.917077,78.880134,test,324.644607,324.644607,30.077723
2025-10-21 18:00:00+00:00,2025-10-21 14:00:00-04:00,411.826951,81.129904,test,412.917077,412.917077,29.231255
2025-10-21 19:00:00+00:00,2025-10-21 15:00:00-04:00,412.535149,87.99995,test,411.826951,411.826951,21.196679
2025-10-21 20:00:00+00:00,2025-10-21 16:00:00-04:00,572.216454,121.6601,test,412.535149,412.535149,78.463813
2025-10-21 21:00:00+00:00,2025-10-21 17:00:00-04:00,702.891812,149.770538,test,572.216454,572.216454,185.798422
2025-10-21 22:00:00+00:00,2025-10-21 18:00:00-04:00,871.123568,162.589951,test,702.891812,702.891812,110.864891
2025-10-21 23:00:00+00:00,2025-10-21 19:00:00-04:00,460.249389,134.139883,test,871.123568,871.123568,285.863662
2025-10-22 00:00:00+00:00,2025-10-21 20:00:00-04:00,318.473603,99.535126,test,460.249389,460.249389,67.668576
2025-10-22 01:00:00+00:00,2025-10-21 21:00:00-04:00,251.652596,68.368707,test,318.473603,318.473603,44.253848
2025-10-22 02:00:00+00:00,2025-10-21 22:00:00-04:00,41.879563,51.690057,test,251.652596,251.652596,27.695239
2025-10-22 03:00:00+00:00,2025-10-21 23:00:00-04:00,36.93955,38.993132,test,41.879563,41.879563,29.815604
2025-10-22 04:00:00+00:00,2025-10-22 00:00:00-04:00,30.394365,38.760915,test,36.93955,36.93955,29.866669
2025-10-22 05:00:00+00:00,2025-10-22 01:00:00-04:00,33.835821,34.678713,test,30.394365,30.394365,25.985907
2025-10-22 06:00:00+00:00,2025-10-22 02:00:00-04:00,27.78225,30.385382,test,33.835821,33.835821,27.423691
2025-10-22 07:00:00+00:00,2025-10-22 03:00:00-04:00,26.077462,30.316193,test,27.78225,27.78225,27.466461
2025-10-22 08:00:00+00:00,2025-10-22 04:00:00-04:00,30.040937,37.043551,test,26.077462,26.077462,30.972399
2025-10-22 09:00:00+00:00,2025-10-22 05:00:00-04:00,96.15937,57.331178,test,30.040937,30.040937,324.368468
2025-10-22 10:00:00+00:00,2025-10-22 06:00:00-04:00,242.47124,95.247915,test,96.15937,96.15937,72.254857
2025-10-22 11:00:00+00:00,2025-10-22 07:00:00-04:00,229.474491,129.263793,test,242.47124,242.47124,259.702134
2025-10-22 12:00:00+00:00,2025-10-22 08:00:00-04:00,84.492925,72.976432,test,229.474491,229.474491,118.314951
2025-10-22 13:00:00+00:00,2025-10-22 09:00:00-04:00,34.935478,36.39449,test,84.492925,84.492925,25.449342
2025-10-22 14:00:00+00:00,2025-10-22 10:00:00-04:00,40.164493,40.688997,test,34.935478,34.935478,27.813962
2025-10-22 15:00:00+00:00,2025-10-22 11:00:00-04:00,78.62263,52.019993,test,40.164493,40.164493,132.660526
2025-10-22 16:00:00+00:00,2025-10-22 12:00:00-04:00,53.543939,68.040274,test,78.62263,78.62263,324.644607
2025-10-22 17:00:00+00:00,2025-10-22 13:00:00-04:00,61.816512,71.545804,test,53.543939,53.543939,412.917077
2025-10-22 18:00:00+00:00,2025-10-22 14:00:00-04:00,33.542305,70.501249,test,61.816512,61.816512,411.826951
2025-10-22 19:00:00+00:00,2025-10-22 15:00:00-04:00,37.304816,75.931197,test,33.542305,33.542305,412.535149
2025-10-22 20:00:00+00:00,2025-10-22 16:00:00-04:00,33.603007,85.11272,test,37.304816,37.304816,572.216454
2025-10-22 21:00:00+00:00,2025-10-22 17:00:00-04:00,93.551388,108.616809,test,33.603007,33.603007,702.891812
2025-10-22 22:00:00+00:00,2025-10-22 18:00:00-04:00,118.833117,148.869171,test,93.551388,93.551388,871.123568
2025-10-22 23:00:00+00:00,2025-10-22 19:00:00-04:00,168.467004,154.510488,test,118.833117,118.833117,460.249389
2025-10-23 00:00:00+00:00,2025-10-22 20:00:00-04:00,74.083921,102.92744,test,168.467004,168.467004,318.473603
2025-10-23 01:00:00+00:00,2025-10-22 21:00:00-04:00,74.599595,65.296528,test,74.083921,74.083921,251.652596
2025-10-23 02:00:00+00:00,2025-10-22 22:00:00-04:00,43.765097,53.342165,test,74.599595,74.599595,41.879563
2025-10-23 03:00:00+00:00,2025-10-22 23:00:00-04:00,35.954068,42.070739,test,43.765097,43.765097,36.93955
2025-10-23 04:00:00+00:00,2025-10-23 00:00:00-04:00,34.41963,50.328409,test,35.954068,35.954068,30.394365
2025-10-23 05:00:00+00:00,2025-10-23 01:00:00-04:00,31.699449,48.961538,test,34.41963,34.41963,33.835821
2025-10-23 06:00:00+00:00,2025-10-23 02:00:00-04:00,33.126426,44.02,test,31.699449,31.699449,27.78225
2025-10-23 07:00:00+00:00,2025-10-23 03:00:00-04:00,32.425475,45.718724,test,33.126426,33.126426,26.077462
2025-10-23 08:00:00+00:00,2025-10-23 04:00:00-04:00,31.835329,57.642719,test,32.425475,32.425475,30.040937
2025-10-23 09:00:00+00:00,2025-10-23 05:00:00-04:00,41.441622,114.988795,test,31.835329,31.835329,96.15937
2025-10-23 10:00:00+00:00,2025-10-23 06:00:00-04:00,69.88929,188.669999,test,41.441622,41.441622,242.47124
2025-10-23 11:00:00+00:00,2025-10-23 07:00:00-04:00,94.376393,246.528305,test,69.88929,69.88929,229.474491
2025-10-23 12:00:00+00:00,2025-10-23 08:00:00-04:00,72.852887,118.219701,test,94.376393,94.376393,84.492925
2025-10-23 13:00:00+00:00,2025-10-23 09:00:00-04:00,41.69654,74.07424,test,72.852887,72.852887,34.935478
2025-10-23 14:00:00+00:00,2025-10-23 10:00:00-04:00,35.722612,82.601551,test,41.69654,41.69654,40.164493
2025-10-23 15:00:00+00:00,2025-10-23 11:00:00-04:00,31.604421,90.829297,test,35.722612,35.722612,78.62263
2025-10-23 16:00:00+00:00,2025-10-23 12:00:00-04:00,30.384186,94.603271,test,31.604421,31.604421,53.543939
2025-10-23 17:00:00+00:00,2025-10-23 13:00:00-04:00,34.991614,98.224171,test,30.384186,30.384186,61.816512
2025-10-23 18:00:00+00:00,2025-10-23 14:00:00-04:00,30.96236,94.110051,test,34.991614,34.991614,33.542305
2025-10-23 19:00:00+00:00,2025-10-23 15:00:00-04:00,28.535156,99.444572,test,30.96236,30.96236,37.304816
2025-10-23 20:00:00+00:00,2025-10-23 16:00:00-04:00,28.213474,129.2,test,28.535156,28.535156,33.603007
2025-10-23 21:00:00+00:00,2025-10-23 17:00:00-04:00,56.057553,195.0,test,28.213474,28.213474,93.551388
2025-10-23 22:00:00+00:00,2025-10-23 18:00:00-04:00,174.937773,215.0,test,56.057553,56.057553,118.833117
2025-10-23 23:00:00+00:00,2025-10-23 19:00:00-04:00,163.809351,204.899999,test,174.937773,174.937773,168.467004
2025-10-24 00:00:00+00:00,2025-10-23 20:00:00-04:00,202.359992,150.0,test,163.809351,163.809351,74.083921
2025-10-24 01:00:00+00:00,2025-10-23 21:00:00-04:00,80.061608,115.838141,test,202.359992,202.359992,74.599595
2025-10-24 02:00:00+00:00,2025-10-23 22:00:00-04:00,68.165834,83.77,test,80.061608,80.061608,43.765097
2025-10-24 03:00:00+00:00,2025-10-23 23:00:00-04:00,49.784035,68.349168,test,68.165834,68.165834,35.954068
2025-10-24 04:00:00+00:00,2025-10-24 00:00:00-04:00,43.715179,61.360001,test,49.784035,49.784035,34.41963
2025-10-24 05:00:00+00:00,2025-10-24 01:00:00-04:00,38.869195,52.990001,test,43.715179,43.715179,31.699449
2025-10-24 06:00:00+00:00,2025-10-24 02:00:00-04:00,40.039919,51.815707,test,38.869195,38.869195,33.126426
2025-10-24 07:00:00+00:00,2025-10-24 03:00:00-04:00,39.985475,55.768508,test,40.039919,40.039919,32.425475
2025-10-24 08:00:00+00:00,2025-10-24 04:00:00-04:00,49.883299,64.25616,test,39.985475,39.985475,31.835329
2025-10-24 09:00:00+00:00,2025-10-24 05:00:00-04:00,41.114505,111.127898,test,49.883299,49.883299,41.441622
2025-10-24 10:00:00+00:00,2025-10-24 06:00:00-04:00,80.037359,195.697796,test,41.114505,41.114505,69.88929
2025-10-24 11:00:00+00:00,2025-10-24 07:00:00-04:00,257.546676,276.679049,test,80.037359,80.037359,94.376393
2025-10-24 12:00:00+00:00,2025-10-24 08:00:00-04:00,105.274395,138.296732,test,257.546676,257.546676,72.852887
2025-10-24 13:00:00+00:00,2025-10-24 09:00:00-04:00,38.995318,68.0,test,105.274395,105.274395,41.69654
2025-10-24 14:00:00+00:00,2025-10-24 10:00:00-04:00,36.078055,56.757004,test,38.995318,38.995318,35.722612
2025-10-24 15:00:00+00:00,2025-10-24 11:00:00-04:00,38.602635,72.416836,test,36.078055,36.078055,31.604421
2025-10-24 16:00:00+00:00,2025-10-24 12:00:00-04:00,35.623012,77.67,test,38.602635,38.602635,30.384186
2025-10-24 17:00:00+00:00,2025-10-24 13:00:00-04:00,33.173066,87.38088,test,35.623012,35.623012,34.991614
2025-10-24 18:00:00+00:00,2025-10-24 14:00:00-04:00,34.594381,82.989233,test,33.173066,33.173066,30.96236
2025-10-24 19:00:00+00:00,2025-10-24 15:00:00-04:00,37.44859,86.918869,test,34.594381,34.594381,28.535156
2025-10-24 20:00:00+00:00,2025-10-24 16:00:00-04:00,35.423657,88.282315,test,37.44859,37.44859,28.213474
2025-10-24 21:00:00+00:00,2025-10-24 17:00:00-04:00,56.799738,108.0,test,35.423657,35.423657,56.057553
2025-10-24 22:00:00+00:00,2025-10-24 18:00:00-04:00,71.258929,141.999143,test,56.799738,56.799738,174.937773
2025-10-24 23:00:00+00:00,2025-10-24 19:00:00-04:00,92.89046,144.303772,test,71.258929,71.258929,163.809351
2025-10-25 00:00:00+00:00,2025-10-24 20:00:00-04:00,50.482383,105.160001,test,92.89046,92.89046,202.359992
2025-10-25 01:00:00+00:00,2025-10-24 21:00:00-04:00,59.737282,82.750001,test,50.482383,50.482383,80.061608
2025-10-25 02:00:00+00:00,2025-10-24 22:00:00-04:00,85.359449,66.698481,test,59.737282,59.737282,68.165834
2025-10-25 03:00:00+00:00,2025-10-24 23:00:00-04:00,57.130497,53.911425,test,85.359449,85.359449,49.784035
2025-10-25 04:00:00+00:00,2025-10-25 00:00:00-04:00,60.810602,76.940598,test,57.130497,57.130497,43.715179
2025-10-25 05:00:00+00:00,2025-10-25 01:00:00-04:00,55.401243,67.233844,test,60.810602,60.810602,38.869195
2025-10-25 06:00:00+00:00,2025-10-25 02:00:00-04:00,42.876766,60.177858,test,55.401243,55.401243,40.039919
2025-10-25 07:00:00+00:00,2025-10-25 03:00:00-04:00,53.809002,61.329868,test,42.876766,42.876766,39.985475
2025-10-25 08:00:00+00:00,2025-10-25 04:00:00-04:00,62.844838,66.428354,test,53.809002,53.809002,49.883299
2025-10-25 09:00:00+00:00,2025-10-25 05:00:00-04:00,38.213586,77.35484,test,62.844838,62.844838,41.114505
2025-10-25 10:00:00+00:00,2025-10-25 06:00:00-04:00,42.896903,117.278689,test,38.213586,38.213586,80.037359
2025-10-25 11:00:00+00:00,2025-10-25 07:00:00-04:00,90.271057,190.879682,test,42.896903,42.896903,257.546676
2025-10-25 12:00:00+00:00,2025-10-25 08:00:00-04:00,194.826311,126.795563,test,90.271057,90.271057,105.274395
2025-10-25 13:00:00+00:00,2025-10-25 09:00:00-04:00,45.029018,78.56805,test,194.826311,194.826311,38.995318
2025-10-25 14:00:00+00:00,2025-10-25 10:00:00-04:00,46.566851,71.36,test,45.029018,45.029018,36.078055
2025-10-25 15:00:00+00:00,2025-10-25 11:00:00-04:00,34.072703,67.970759,test,46.566851,46.566851,38.602635
2025-10-25 16:00:00+00:00,2025-10-25 12:00:00-04:00,33.852951,75.744735,test,34.072703,34.072703,35.623012
2025-10-25 17:00:00+00:00,2025-10-25 13:00:00-04:00,38.024901,73.621934,test,33.852951,33.852951,33.173066
2025-10-25 18:00:00+00:00,2025-10-25 14:00:00-04:00,33.094826,72.827469,test,38.024901,38.024901,34.594381
2025-10-25 19:00:00+00:00,2025-10-25 15:00:00-04:00,40.996286,77.394559,test,33.094826,33.094826,37.44859
2025-10-25 20:00:00+00:00,2025-10-25 16:00:00-04:00,45.607359,86.492573,test,40.996286,40.996286,35.423657
2025-10-25 21:00:00+00:00,2025-10-25 17:00:00-04:00,47.613359,98.83,test,45.607359,45.607359,56.799738
2025-10-25 22:00:00+00:00,2025-10-25 18:00:00-04:00,105.622021,128.711437,test,47.613359,47.613359,71.258929
2025-10-25 23:00:00+00:00,2025-10-25 19:00:00-04:00,64.786275,133.906299,test,105.622021,105.622021,92.89046
2025-10-26 00:00:00+00:00,2025-10-25 20:00:00-04:00,49.646218,117.121693,test,64.786275,64.786275,50.482383
2025-10-26 01:00:00+00:00,2025-10-25 21:00:00-04:00,63.514097,84.999999,test,49.646218,49.646218,59.737282
2025-10-26 02:00:00+00:00,2025-10-25 22:00:00-04:00,55.836225,75.178577,test,63.514097,63.514097,85.359449
2025-10-26 03:00:00+00:00,2025-10-25 23:00:00-04:00,46.350756,63.991123,test,55.836225,55.836225,57.130497
2025-10-26 04:00:00+00:00,2025-10-26 00:00:00-04:00,38.974894,63.676624,test,46.350756,46.350756,60.810602
2025-10-26 05:00:00+00:00,2025-10-26 01:00:00-04:00,33.5457,59.913915,test,38.974894,38.974894,55.401243
2025-10-26 06:00:00+00:00,2025-10-26 02:00:00-04:00,37.126366,51.82,test,33.5457,33.5457,42.876766
2025-10-26 07:00:00+00:00,2025-10-26 03:00:00-04:00,37.203153,49.52851,test,37.126366,37.126366,53.809002
2025-10-26 08:00:00+00:00,2025-10-26 04:00:00-04:00,39.338428,58.651534,test,37.203153,37.203153,62.844838
2025-10-26 09:00:00+00:00,2025-10-26 05:00:00-04:00,30.892764,63.695663,test,39.338428,39.338428,38.213586
2025-10-26 10:00:00+00:00,2025-10-26 06:00:00-04:00,34.178927,87.006172,test,30.892764,30.892764,42.896903
2025-10-26 11:00:00+00:00,2025-10-26 07:00:00-04:00,44.106003,125.363099,test,34.178927,34.178927,90.271057
2025-10-26 12:00:00+00:00,2025-10-26 08:00:00-04:00,133.539037,111.688009,test,44.106003,44.106003,194.826311
2025-10-26 13:00:00+00:00,2025-10-26 09:00:00-04:00,101.10279,77.0,test,133.539037,133.539037,45.029018
2025-10-26 14:00:00+00:00,2025-10-26 10:00:00-04:00,34.948403,65.867864,test,101.10279,101.10279,46.566851
2025-10-26 15:00:00+00:00,2025-10-26 11:00:00-04:00,25.975803,60.04033,test,34.948403,34.948403,34.072703
2025-10-26 16:00:00+00:00,2025-10-26 12:00:00-04:00,25.972584,65.180963,test,25.975803,25.975803,33.852951
2025-10-26 17:00:00+00:00,2025-10-26 13:00:00-04:00,25.980851,65.654437,test,25.972584,25.972584,38.024901
2025-10-26 18:00:00+00:00,2025-10-26 14:00:00-04:00,29.75878,65.587539,test,25.980851,25.980851,33.094826
2025-10-26 19:00:00+00:00,2025-10-26 15:00:00-04:00,53.223626,65.0,test,29.75878,29.75878,40.996286
2025-10-26 20:00:00+00:00,2025-10-26 16:00:00-04:00,99.259458,73.621388,test,53.223626,53.223626,45.607359
2025-10-26 21:00:00+00:00,2025-10-26 17:00:00-04:00,91.904757,90.251693,test,99.259458,99.259458,47.613359
2025-10-26 22:00:00+00:00,2025-10-26 18:00:00-04:00,167.495045,117.946,test,91.904757,91.904757,105.622021
2025-10-26 23:00:00+00:00,2025-10-26 19:00:00-04:00,51.242825,118.287713,test,167.495045,167.495045,64.786275
2025-10-27 00:00:00+00:00,2025-10-26 20:00:00-04:00,44.327426,96.760958,test,51.242825,51.242825,49.646218
2025-10-27 01:00:00+00:00,2025-10-26 21:00:00-04:00,48.452371,69.940008,test,44.327426,44.327426,63.514097
2025-10-27 02:00:00+00:00,2025-10-26 22:00:00-04:00,37.343432,58.766412,test,48.452371,48.452371,55.836225
2025-10-27 03:00:00+00:00,2025-10-26 23:00:00-04:00,38.98759,47.488433,test,37.343432,37.343432,46.350756
2025-10-27 04:00:00+00:00,2025-10-27 00:00:00-04:00,33.967377,46.895993,test,38.98759,38.98759,38.974894
2025-10-27 05:00:00+00:00,2025-10-27 01:00:00-04:00,35.360796,44.019999,test,33.967377,33.967377,33.5457
2025-10-27 06:00:00+00:00,2025-10-27 02:00:00-04:00,34.920655,42.554598,test,35.360796,35.360796,37.126366
2025-10-27 07:00:00+00:00,2025-10-27 03:00:00-04:00,35.716726,42.438102,test,34.920655,34.920655,37.203153
2025-10-27 08:00:00+00:00,2025-10-27 04:00:00-04:00,37.82483,50.884126,test,35.716726,35.716726,39.338428
2025-10-27 09:00:00+00:00,2025-10-27 05:00:00-04:00,38.47611,72.884374,test,37.82483,37.82483,30.892764
2025-10-27 10:00:00+00:00,2025-10-27 06:00:00-04:00,53.274718,131.063571,test,38.47611,38.47611,34.178927
2025-10-27 11:00:00+00:00,2025-10-27 07:00:00-04:00,227.217215,240.62,test,53.274718,53.274718,44.106003
2025-10-27 12:00:00+00:00,2025-10-27 08:00:00-04:00,180.348779,177.159714,test,227.217215,227.217215,133.539037
2025-10-27 13:00:00+00:00,2025-10-27 09:00:00-04:00,59.398127,125.036957,test,180.348779,180.348779,101.10279
2025-10-27 14:00:00+00:00,2025-10-27 10:00:00-04:00,148.864394,99.3,test,59.398127,59.398127,34.948403
2025-10-27 15:00:00+00:00,2025-10-27 11:00:00-04:00,147.819364,236.270706,test,148.864394,148.864394,25.975803
2025-10-27 16:00:00+00:00,2025-10-27 12:00:00-04:00,228.371477,92.66628,test,147.819364,147.819364,25.972584
2025-10-27 17:00:00+00:00,2025-10-27 13:00:00-04:00,407.833692,90.255291,test,228.371477,228.371477,25.980851
2025-10-27 18:00:00+00:00,2025-10-27 14:00:00-04:00,127.556526,90.29,test,407.833692,407.833692,29.75878
2025-10-27 19:00:00+00:00,2025-10-27 15:00:00-04:00,455.477129,91.567249,test,127.556526,127.556526,53.223626
2025-10-27 20:00:00+00:00,2025-10-27 16:00:00-04:00,503.497116,94.902286,test,455.477129,455.477129,99.259458
2025-10-27 21:00:00+00:00,2025-10-27 17:00:00-04:00,402.320858,113.829437,test,503.497116,503.497116,91.904757
2025-10-27 22:00:00+00:00,2025-10-27 18:00:00-04:00,407.714617,137.915707,test,402.320858,402.320858,167.495045
2025-10-27 23:00:00+00:00,2025-10-27 19:00:00-04:00,138.025647,135.25,test,407.714617,407.714617,51.242825
2025-10-28 00:00:00+00:00,2025-10-27 20:00:00-04:00,74.951185,99.540001,test,138.025647,138.025647,44.327426
2025-10-28 01:00:00+00:00,2025-10-27 21:00:00-04:00,37.011237,66.404671,test,74.951185,74.951185,48.452371
2025-10-28 02:00:00+00:00,2025-10-27 22:00:00-04:00,39.688454,56.235215,test,37.011237,37.011237,37.343432
2025-10-28 03:00:00+00:00,2025-10-27 23:00:00-04:00,33.96665,46.994339,test,39.688454,39.688454,38.98759
2025-10-28 04:00:00+00:00,2025-10-28 00:00:00-04:00,32.74453,42.523029,test,33.96665,33.96665,33.967377
2025-10-28 05:00:00+00:00,2025-10-28 01:00:00-04:00,30.391989,39.059354,test,32.74453,32.74453,35.360796
2025-10-28 06:00:00+00:00,2025-10-28 02:00:00-04:00,29.063998,35.668674,test,30.391989,30.391989,34.920655
2025-10-28 07:00:00+00:00,2025-10-28 03:00:00-04:00,28.701248,36.884487,test,29.063998,29.063998,35.716726
2025-10-28 08:00:00+00:00,2025-10-28 04:00:00-04:00,31.092652,41.551428,test,28.701248,28.701248,37.82483
2025-10-28 09:00:00+00:00,2025-10-28 05:00:00-04:00,36.493489,56.996831,test,31.092652,31.092652,38.47611
2025-10-28 10:00:00+00:00,2025-10-28 06:00:00-04:00,102.426365,92.72,test,36.493489,36.493489,53.274718
2025-10-28 11:00:00+00:00,2025-10-28 07:00:00-04:00,128.683766,149.690001,test,102.426365,102.426365,227.217215
2025-10-28 12:00:00+00:00,2025-10-28 08:00:00-04:00,130.027101,118.675039,test,128.683766,128.683766,180.348779
2025-10-28 13:00:00+00:00,2025-10-28 09:00:00-04:00,118.480913,102.023552,test,130.027101,130.027101,59.398127
2025-10-28 14:00:00+00:00,2025-10-28 10:00:00-04:00,67.08875,101.13305,test,118.480913,118.480913,148.864394
2025-10-28 15:00:00+00:00,2025-10-28 11:00:00-04:00,86.99376,97.230039,test,67.08875,67.08875,147.819364
2025-10-28 16:00:00+00:00,2025-10-28 12:00:00-04:00,51.249479,101.0,test,86.99376,86.99376,228.371477
2025-10-28 17:00:00+00:00,2025-10-28 13:00:00-04:00,44.267347,94.967142,test,51.249479,51.249479,407.833692
2025-10-28 18:00:00+00:00,2025-10-28 14:00:00-04:00,42.50224,93.364192,test,44.267347,44.267347,127.556526
2025-10-28 19:00:00+00:00,2025-10-28 15:00:00-04:00,46.035342,93.141791,test,42.50224,42.50224,455.477129
2025-10-28 20:00:00+00:00,2025-10-28 16:00:00-04:00,49.443303,95.34317,test,46.035342,46.035342,503.497116
2025-10-28 21:00:00+00:00,2025-10-28 17:00:00-04:00,98.490811,110.868699,test,49.443303,49.443303,402.320858
2025-10-28 22:00:00+00:00,2025-10-28 18:00:00-04:00,55.912174,149.829676,test,98.490811,98.490811,407.714617
2025-10-28 23:00:00+00:00,2025-10-28 19:00:00-04:00,165.450075,142.294882,test,55.912174,55.912174,138.025647
2025-10-29 00:00:00+00:00,2025-10-28 20:00:00-04:00,53.466663,95.381529,test,165.450075,165.450075,74.951185
2025-10-29 01:00:00+00:00,2025-10-28 21:00:00-04:00,44.487548,69.648471,test,53.466663,53.466663,37.011237
2025-10-29 02:00:00+00:00,2025-10-28 22:00:00-04:00,40.411238,55.88,test,44.487548,44.487548,39.688454
2025-10-29 03:00:00+00:00,2025-10-28 23:00:00-04:00,39.217148,49.2423,test,40.411238,40.411238,33.96665
2025-10-29 04:00:00+00:00,2025-10-29 00:00:00-04:00,33.476717,42.534012,test,39.217148,39.217148,32.74453
2025-10-29 05:00:00+00:00,2025-10-29 01:00:00-04:00,35.343057,40.06885,test,33.476717,33.476717,30.391989
2025-10-29 06:00:00+00:00,2025-10-29 02:00:00-04:00,32.93753,37.236555,test,35.343057,35.343057,29.063998
2025-10-29 07:00:00+00:00,2025-10-29 03:00:00-04:00,33.159181,37.403617,test,32.93753,32.93753,28.701248
2025-10-29 08:00:00+00:00,2025-10-29 04:00:00-04:00,34.700896,41.461683,test,33.159181,33.159181,31.092652
2025-10-29 09:00:00+00:00,2025-10-29 05:00:00-04:00,36.352673,51.309347,test,34.700896,34.700896,36.493489
2025-10-29 10:00:00+00:00,2025-10-29 06:00:00-04:00,98.394619,93.903081,test,36.352673,36.352673,102.426365
2025-10-29 11:00:00+00:00,2025-10-29 07:00:00-04:00,104.181982,128.45,test,98.394619,98.394619,128.683766
2025-10-29 12:00:00+00:00,2025-10-29 08:00:00-04:00,143.677039,117.807132,test,104.181982,104.181982,130.027101
2025-10-29 13:00:00+00:00,2025-10-29 09:00:00-04:00,140.425356,95.0,test,143.677039,143.677039,118.480913
2025-10-29 14:00:00+00:00,2025-10-29 10:00:00-04:00,71.666666,99.627795,test,140.425356,140.425356,67.08875
2025-10-29 15:00:00+00:00,2025-10-29 11:00:00-04:00,50.643875,101.909509,test,71.666666,71.666666,86.99376
2025-10-29 16:00:00+00:00,2025-10-29 12:00:00-04:00,34.932331,104.02,test,50.643875,50.643875,51.249479
2025-10-29 17:00:00+00:00,2025-10-29 13:00:00-04:00,40.4112,111.372672,test,34.932331,34.932331,44.267347
2025-10-29 18:00:00+00:00,2025-10-29 14:00:00-04:00,41.596465,108.559593,test,40.4112,40.4112,42.50224
2025-10-29 19:00:00+00:00,2025-10-29 15:00:00-04:00,111.682623,111.66332,test,41.596465,41.596465,46.035342
2025-10-29 20:00:00+00:00,2025-10-29 16:00:00-04:00,70.855279,118.470001,test,111.682623,111.682623,49.443303
2025-10-29 21:00:00+00:00,2025-10-29 17:00:00-04:00,51.252933,130.016463,test,70.855279,70.855279,98.490811
2025-10-29 22:00:00+00:00,2025-10-29 18:00:00-04:00,55.790109,147.503866,test,51.252933,51.252933,55.912174
2025-10-29 23:00:00+00:00,2025-10-29 19:00:00-04:00,82.324949,144.646412,test,55.790109,55.790109,165.450075
2025-10-30 00:00:00+00:00,2025-10-29 20:00:00-04:00,60.224011,84.07595,test,82.324949,82.324949,53.466663
2025-10-30 01:00:00+00:00,2025-10-29 21:00:00-04:00,63.591859,65.971476,test,60.224011,60.224011,44.487548
2025-10-30 02:00:00+00:00,2025-10-29 22:00:00-04:00,47.827716,56.392671,test,63.591859,63.591859,40.411238
2025-10-30 03:00:00+00:00,2025-10-29 23:00:00-04:00,33.844975,46.518648,test,47.827716,47.827716,39.217148
2025-10-30 04:00:00+00:00,2025-10-30 00:00:00-04:00,34.229282,47.055677,test,33.844975,33.844975,33.476717
2025-10-30 05:00:00+00:00,2025-10-30 01:00:00-04:00,32.205774,41.817673,test,34.229282,34.229282,35.343057
2025-10-30 06:00:00+00:00,2025-10-30 02:00:00-04:00,30.232706,38.560905,test,32.205774,32.205774,32.93753
2025-10-30 07:00:00+00:00,2025-10-30 03:00:00-04:00,32.764276,38.157232,test,30.232706,30.232706,33.159181
2025-10-30 08:00:00+00:00,2025-10-30 04:00:00-04:00,35.130144,42.331062,test,32.764276,32.764276,34.700896
2025-10-30 09:00:00+00:00,2025-10-30 05:00:00-04:00,32.682232,53.689999,test,35.130144,35.130144,36.352673
2025-10-30 10:00:00+00:00,2025-10-30 06:00:00-04:00,98.059073,87.649999,test,32.682232,32.682232,98.394619
2025-10-30 11:00:00+00:00,2025-10-30 07:00:00-04:00,187.859583,114.606568,test,98.059073,98.059073,104.181982
2025-10-30 12:00:00+00:00,2025-10-30 08:00:00-04:00,57.989685,112.908128,test,187.859583,187.859583,143.677039
2025-10-30 13:00:00+00:00,2025-10-30 09:00:00-04:00,102.004096,103.420776,test,57.989685,57.989685,140.425356
2025-10-30 14:00:00+00:00,2025-10-30 10:00:00-04:00,140.714855,101.989999,test,102.004096,102.004096,71.666666
2025-10-30 15:00:00+00:00,2025-10-30 11:00:00-04:00,45.757357,93.467609,test,140.714855,140.714855,50.643875
2025-10-30 16:00:00+00:00,2025-10-30 12:00:00-04:00,36.860084,85.184518,test,45.757357,45.757357,34.932331
2025-10-30 17:00:00+00:00,2025-10-30 13:00:00-04:00,39.070653,84.172745,test,36.860084,36.860084,40.4112
2025-10-30 18:00:00+00:00,2025-10-30 14:00:00-04:00,37.017449,71.948227,test,39.070653,39.070653,41.596465
2025-10-30 19:00:00+00:00,2025-10-30 15:00:00-04:00,34.806938,71.29,test,37.017449,37.017449,111.682623
2025-10-30 20:00:00+00:00,2025-10-30 16:00:00-04:00,39.529585,87.637535,test,34.806938,34.806938,70.855279
2025-10-30 21:00:00+00:00,2025-10-30 17:00:00-04:00,53.174827,109.492347,test,39.529585,39.529585,51.252933
2025-10-30 22:00:00+00:00,2025-10-30 18:00:00-04:00,133.519469,132.976188,test,53.174827,53.174827,55.790109
2025-10-30 23:00:00+00:00,2025-10-30 19:00:00-04:00,62.105036,125.438471,test,133.519469,133.519469,82.324949
2025-10-31 00:00:00+00:00,2025-10-30 20:00:00-04:00,56.477851,87.759999,test,62.105036,62.105036,60.224011
2025-10-31 01:00:00+00:00,2025-10-30 21:00:00-04:00,44.500231,67.815159,test,56.477851,56.477851,63.591859
2025-10-31 02:00:00+00:00,2025-10-30 22:00:00-04:00,42.191983,57.064161,test,44.500231,44.500231,47.827716
2025-10-31 03:00:00+00:00,2025-10-30 23:00:00-04:00,34.972944,48.864371,test,42.191983,42.191983,33.844975
2025-10-31 04:00:00+00:00,2025-10-31 00:00:00-04:00,34.919021,42.011398,test,34.972944,34.972944,34.229282
2025-10-31 05:00:00+00:00,2025-10-31 01:00:00-04:00,29.080359,37.768606,test,34.919021,34.919021,32.205774
2025-10-31 06:00:00+00:00,2025-10-31 02:00:00-04:00,28.614751,36.478314,test,29.080359,29.080359,30.232706
2025-10-31 07:00:00+00:00,2025-10-31 03:00:00-04:00,29.200015,36.864494,test,28.614751,28.614751,32.764276
2025-10-31 08:00:00+00:00,2025-10-31 04:00:00-04:00,28.693002,38.572213,test,29.200015,29.200015,35.130144
2025-10-31 09:00:00+00:00,2025-10-31 05:00:00-04:00,28.541109,49.776732,test,28.693002,28.693002,32.682232
2025-10-31 10:00:00+00:00,2025-10-31 06:00:00-04:00,41.840441,79.935045,test,28.541109,28.541109,98.059073
2025-10-31 11:00:00+00:00,2025-10-31 07:00:00-04:00,112.253878,115.136809,test,41.840441,41.840441,187.859583
2025-10-31 12:00:00+00:00,2025-10-31 08:00:00-04:00,42.237534,84.359889,test,112.253878,112.253878,57.989685
2025-10-31 13:00:00+00:00,2025-10-31 09:00:00-04:00,29.794395,44.398522,test,42.237534,42.237534,102.004096
2025-10-31 14:00:00+00:00,2025-10-31 10:00:00-04:00,38.380712,40.757888,test,29.794395,29.794395,140.714855
2025-10-31 15:00:00+00:00,2025-10-31 11:00:00-04:00,33.346791,40.596726,test,38.380712,38.380712,45.757357
2025-10-31 16:00:00+00:00,2025-10-31 12:00:00-04:00,30.286795,38.864725,test,33.346791,33.346791,36.860084
2025-10-31 17:00:00+00:00,2025-10-31 13:00:00-04:00,30.725496,38.469767,test,30.286795,30.286795,39.070653
2025-10-31 18:00:00+00:00,2025-10-31 14:00:00-04:00,30.011698,35.312753,test,30.725496,30.725496,37.017449
2025-10-31 19:00:00+00:00,2025-10-31 15:00:00-04:00,28.772176,37.085285,test,30.011698,30.011698,34.806938
2025-10-31 20:00:00+00:00,2025-10-31 16:00:00-04:00,31.280169,43.991448,test,28.772176,28.772176,39.529585
2025-10-31 21:00:00+00:00,2025-10-31 17:00:00-04:00,43.770737,65.327337,test,31.280169,31.280169,53.174827
2025-10-31 22:00:00+00:00,2025-10-31 18:00:00-04:00,40.252092,79.705507,test,43.770737,43.770737,133.519469
2025-10-31 23:00:00+00:00,2025-10-31 19:00:00-04:00,37.330829,68.467278,test,40.252092,40.252092,62.105036
2025-11-01 00:00:00+00:00,2025-10-31 20:00:00-04:00,40.761555,55.175373,test,37.330829,37.330829,56.477851
2025-11-01 01:00:00+00:00,2025-10-31 21:00:00-04:00,40.362397,53.487784,test,40.761555,40.761555,44.500231
2025-11-01 02:00:00+00:00,2025-10-31 22:00:00-04:00,34.948804,49.726444,test,40.362397,40.362397,42.191983
2025-11-01 03:00:00+00:00,2025-10-31 23:00:00-04:00,37.696314,42.549298,test,34.948804,34.948804,34.972944
2025-11-01 04:00:00+00:00,2025-11-01 00:00:00-04:00,81.525851,48.790838,test,37.696314,37.696314,34.919021
2025-11-01 05:00:00+00:00,2025-11-01 01:00:00-04:00,68.759432,43.539994,test,81.525851,81.525851,29.080359
2025-11-01 06:00:00+00:00,2025-11-01 02:00:00-04:00,42.983491,40.987111,test,68.759432,68.759432,28.614751
2025-11-01 07:00:00+00:00,2025-11-01 03:00:00-04:00,50.436284,41.903974,test,42.983491,42.983491,29.200015
2025-11-01 08:00:00+00:00,2025-11-01 04:00:00-04:00,58.855799,43.314899,test,50.436284,50.436284,28.693002
2025-11-01 09:00:00+00:00,2025-11-01 05:00:00-04:00,49.176291,46.958933,test,58.855799,58.855799,28.541109
2025-11-01 10:00:00+00:00,2025-11-01 06:00:00-04:00,80.548822,61.416273,test,49.176291,49.176291,41.840441
2025-11-01 11:00:00+00:00,2025-11-01 07:00:00-04:00,49.738181,98.322304,test,80.548822,80.548822,112.253878
2025-11-01 12:00:00+00:00,2025-11-01 08:00:00-04:00,84.473632,86.656628,test,49.738181,49.738181,42.237534
2025-11-01 13:00:00+00:00,2025-11-01 09:00:00-04:00,50.997888,43.862364,test,84.473632,84.473632,29.794395
2025-11-01 14:00:00+00:00,2025-11-01 10:00:00-04:00,49.119977,37.086297,test,50.997888,50.997888,38.380712
2025-11-01 15:00:00+00:00,2025-11-01 11:00:00-04:00,35.308542,36.743988,test,49.119977,49.119977,33.346791
2025-11-01 16:00:00+00:00,2025-11-01 12:00:00-04:00,29.236558,34.454976,test,35.308542,35.308542,30.286795
2025-11-01 17:00:00+00:00,2025-11-01 13:00:00-04:00,31.821012,33.120249,test,29.236558,29.236558,30.725496
2025-11-01 18:00:00+00:00,2025-11-01 14:00:00-04:00,34.143298,32.698197,test,31.821012,31.821012,30.011698
2025-11-01 19:00:00+00:00,2025-11-01 15:00:00-04:00,42.808786,35.051262,test,34.143298,34.143298,28.772176
2025-11-01 20:00:00+00:00,2025-11-01 16:00:00-04:00,51.93333,49.008221,test,42.808786,42.808786,31.280169
2025-11-01 21:00:00+00:00,2025-11-01 17:00:00-04:00,56.684578,77.837907,test,51.93333,51.93333,43.770737
2025-11-01 22:00:00+00:00,2025-11-01 18:00:00-04:00,70.724889,99.10634,test,56.684578,56.684578,40.252092
2025-11-01 23:00:00+00:00,2025-11-01 19:00:00-04:00,58.787163,91.481668,test,70.724889,70.724889,37.330829
2025-11-02 00:00:00+00:00,2025-11-01 20:00:00-04:00,57.755723,76.57375,test,58.787163,58.787163,40.761555
2025-11-02 01:00:00+00:00,2025-11-01 21:00:00-04:00,58.099622,70.433998,test,57.755723,57.755723,40.362397
2025-11-02 02:00:00+00:00,2025-11-01 22:00:00-04:00,58.448159,70.127682,test,58.099622,58.099622,34.948804
2025-11-02 03:00:00+00:00,2025-11-01 23:00:00-04:00,55.371696,59.887758,test,58.448159,58.448159,37.696314
2025-11-02 04:00:00+00:00,2025-11-02 00:00:00-04:00,45.829716,50.559167,test,55.371696,55.371696,81.525851
2025-11-02 05:00:00+00:00,2025-11-02 01:00:00-04:00,44.394444,45.394839,test,45.829716,45.829716,68.759432
2025-11-02 06:00:00+00:00,2025-11-02 01:00:00-05:00,44.203006,41.039216,test,44.394444,44.394444,42.983491
2025-11-02 07:00:00+00:00,2025-11-02 02:00:00-05:00,45.660711,43.97789,test,44.203006,44.203006,50.436284
2025-11-02 08:00:00+00:00,2025-11-02 03:00:00-05:00,45.561246,44.071935,test,45.660711,45.660711,58.855799
2025-11-02 09:00:00+00:00,2025-11-02 04:00:00-05:00,38.785851,45.365683,test,45.561246,45.561246,49.176291
2025-11-02 10:00:00+00:00,2025-11-02 05:00:00-05:00,41.560584,46.876455,test,38.785851,38.785851,80.548822
2025-11-02 11:00:00+00:00,2025-11-02 06:00:00-05:00,66.155531,64.484819,test,41.560584,41.560584,49.738181
2025-11-02 12:00:00+00:00,2025-11-02 07:00:00-05:00,46.814165,76.100101,test,66.155531,66.155531,84.473632
2025-11-02 13:00:00+00:00,2025-11-02 08:00:00-05:00,35.029357,56.292991,test,46.814165,46.814165,50.997888
2025-11-02 14:00:00+00:00,2025-11-02 09:00:00-05:00,37.921195,43.144096,test,35.029357,35.029357,49.119977
2025-11-02 15:00:00+00:00,2025-11-02 10:00:00-05:00,35.046971,39.997787,test,37.921195,37.921195,35.308542
2025-11-02 16:00:00+00:00,2025-11-02 11:00:00-05:00,28.946121,38.445154,test,35.046971,35.046971,29.236558
2025-11-02 17:00:00+00:00,2025-11-02 12:00:00-05:00,27.838096,38.411636,test,28.946121,28.946121,31.821012
2025-11-02 18:00:00+00:00,2025-11-02 13:00:00-05:00,29.901331,39.009263,test,27.838096,27.838096,34.143298
2025-11-02 19:00:00+00:00,2025-11-02 14:00:00-05:00,39.932555,40.58892,test,29.901331,29.901331,42.808786
2025-11-02 20:00:00+00:00,2025-11-02 15:00:00-05:00,43.286227,49.130287,test,39.932555,39.932555,51.93333
2025-11-02 21:00:00+00:00,2025-11-02 16:00:00-05:00,53.318053,70.569748,test,43.286227,43.286227,56.684578
2025-11-02 22:00:00+00:00,2025-11-02 17:00:00-05:00,59.684435,91.199227,test,53.318053,53.318053,70.724889
2025-11-02 23:00:00+00:00,2025-11-02 18:00:00-05:00,50.194608,88.992207,test,59.684435,59.684435,58.787163
2025-11-03 00:00:00+00:00,2025-11-02 19:00:00-05:00,52.906559,80.692114,test,50.194608,50.194608,57.755723
2025-11-03 01:00:00+00:00,2025-11-02 20:00:00-05:00,47.335033,64.331608,test,52.906559,52.906559,58.099622
2025-11-03 02:00:00+00:00,2025-11-02 21:00:00-05:00,36.267791,53.474476,test,47.335033,47.335033,58.448159
2025-11-03 03:00:00+00:00,2025-11-02 22:00:00-05:00,34.791848,44.593909,test,36.267791,36.267791,55.371696
2025-11-03 04:00:00+00:00,2025-11-02 23:00:00-05:00,32.554732,42.492063,test,34.791848,34.791848,45.829716
2025-11-03 05:00:00+00:00,2025-11-03 00:00:00-05:00,34.712671,41.03619,test,32.554732,32.554732,44.394444
2025-11-03 06:00:00+00:00,2025-11-03 01:00:00-05:00,33.063352,36.86043,test,34.712671,34.712671,44.203006
2025-11-03 07:00:00+00:00,2025-11-03 02:00:00-05:00,29.656637,35.871462,test,33.063352,33.063352,45.660711
2025-11-03 08:00:00+00:00,2025-11-03 03:00:00-05:00,31.952705,35.505685,test,29.656637,29.656637,45.561246
2025-11-03 09:00:00+00:00,2025-11-03 04:00:00-05:00,30.905198,39.716927,test,31.952705,31.952705,38.785851
2025-11-03 10:00:00+00:00,2025-11-03 05:00:00-05:00,39.797594,53.677956,test,30.905198,30.905198,41.560584
2025-11-03 11:00:00+00:00,2025-11-03 06:00:00-05:00,43.793845,84.084666,test,39.797594,39.797594,66.155531
2025-11-03 12:00:00+00:00,2025-11-03 07:00:00-05:00,52.828543,116.221993,test,43.793845,43.793845,46.814165
2025-11-03 13:00:00+00:00,2025-11-03 08:00:00-05:00,51.813875,68.492545,test,52.828543,52.828543,35.029357
2025-11-03 14:00:00+00:00,2025-11-03 09:00:00-05:00,54.784031,49.280695,test,51.813875,51.813875,37.921195
2025-11-03 15:00:00+00:00,2025-11-03 10:00:00-05:00,39.737355,42.764521,test,54.784031,54.784031,35.046971
2025-11-03 16:00:00+00:00,2025-11-03 11:00:00-05:00,36.773373,44.04608,test,39.737355,39.737355,28.946121
2025-11-03 17:00:00+00:00,2025-11-03 12:00:00-05:00,50.815773,43.760833,test,36.773373,36.773373,27.838096
2025-11-03 18:00:00+00:00,2025-11-03 13:00:00-05:00,38.028004,44.306272,test,50.815773,50.815773,29.901331
2025-11-03 19:00:00+00:00,2025-11-03 14:00:00-05:00,27.255383,43.342922,test,38.028004,38.028004,39.932555
2025-11-03 20:00:00+00:00,2025-11-03 15:00:00-05:00,31.494435,48.279738,test,27.255383,27.255383,43.286227
2025-11-03 21:00:00+00:00,2025-11-03 16:00:00-05:00,91.148713,74.557011,test,31.494435,31.494435,53.318053
2025-11-03 22:00:00+00:00,2025-11-03 17:00:00-05:00,72.536373,115.626325,test,91.148713,91.148713,59.684435
2025-11-03 23:00:00+00:00,2025-11-03 18:00:00-05:00,51.054369,112.617101,test,72.536373,72.536373,50.194608
2025-11-04 00:00:00+00:00,2025-11-03 19:00:00-05:00,56.166556,92.279839,test,51.054369,51.054369,52.906559
2025-11-04 01:00:00+00:00,2025-11-03 20:00:00-05:00,66.339354,73.371274,test,56.166556,56.166556,47.335033
2025-11-04 02:00:00+00:00,2025-11-03 21:00:00-05:00,42.472734,59.574777,test,66.339354,66.339354,36.267791
2025-11-04 03:00:00+00:00,2025-11-03 22:00:00-05:00,37.367737,58.767522,test,42.472734,42.472734,34.791848
2025-11-04 04:00:00+00:00,2025-11-03 23:00:00-05:00,37.972544,50.412006,test,37.367737,37.367737,32.554732
2025-11-04 05:00:00+00:00,2025-11-04 00:00:00-05:00,37.818474,44.444061,test,37.972544,37.972544,34.712671
2025-11-04 06:00:00+00:00,2025-11-04 01:00:00-05:00,33.164196,42.054184,test,37.818474,37.818474,33.063352
2025-11-04 07:00:00+00:00,2025-11-04 02:00:00-05:00,39.012516,41.602401,test,33.164196,33.164196,29.656637
2025-11-04 08:00:00+00:00,2025-11-04 03:00:00-05:00,55.576275,44.857065,test,39.012516,39.012516,31.952705
2025-11-04 09:00:00+00:00,2025-11-04 04:00:00-05:00,71.43092,49.860001,test,55.576275,55.576275,30.905198
2025-11-04 10:00:00+00:00,2025-11-04 05:00:00-05:00,54.914865,60.125458,test,71.43092,71.43092,39.797594
2025-11-04 11:00:00+00:00,2025-11-04 06:00:00-05:00,91.777744,116.160001,test,54.914865,54.914865,43.793845
2025-11-04 12:00:00+00:00,2025-11-04 07:00:00-05:00,61.526521,103.888106,test,91.777744,91.777744,52.828543
2025-11-04 13:00:00+00:00,2025-11-04 08:00:00-05:00,34.465633,49.968218,test,61.526521,61.526521,51.813875
2025-11-04 14:00:00+00:00,2025-11-04 09:00:00-05:00,34.369901,40.673467,test,34.465633,34.465633,54.784031
2025-11-04 15:00:00+00:00,2025-11-04 10:00:00-05:00,31.711641,41.430175,test,34.369901,34.369901,39.737355
2025-11-04 16:00:00+00:00,2025-11-04 11:00:00-05:00,38.108929,37.099009,test,31.711641,31.711641,36.773373
2025-11-04 17:00:00+00:00,2025-11-04 12:00:00-05:00,40.851218,36.256916,test,38.108929,38.108929,50.815773
2025-11-04 18:00:00+00:00,2025-11-04 13:00:00-05:00,34.968145,34.760609,test,40.851218,40.851218,38.028004
2025-11-04 19:00:00+00:00,2025-11-04 14:00:00-05:00,27.057461,35.702457,test,34.968145,34.968145,27.255383
2025-11-04 20:00:00+00:00,2025-11-04 15:00:00-05:00,38.443956,44.832242,test,27.057461,27.057461,31.494435
2025-11-04 21:00:00+00:00,2025-11-04 16:00:00-05:00,81.990371,63.993338,test,38.443956,38.443956,91.148713
2025-11-04 22:00:00+00:00,2025-11-04 17:00:00-05:00,85.25013,103.363674,test,81.990371,81.990371,72.536373
2025-11-04 23:00:00+00:00,2025-11-04 18:00:00-05:00,53.687124,84.695149,test,85.25013,85.25013,51.054369
2025-11-05 00:00:00+00:00,2025-11-04 19:00:00-05:00,52.147932,71.134564,test,53.687124,53.687124,56.166556
2025-11-05 01:00:00+00:00,2025-11-04 20:00:00-05:00,69.922014,53.894483,test,52.147932,52.147932,66.339354
2025-11-05 02:00:00+00:00,2025-11-04 21:00:00-05:00,338.914105,51.949999,test,69.922014,69.922014,42.472734
2025-11-05 03:00:00+00:00,2025-11-04 22:00:00-05:00,43.922936,49.17195,test,338.914105,338.914105,37.367737
2025-11-05 04:00:00+00:00,2025-11-04 23:00:00-05:00,34.320804,42.442593,test,43.922936,43.922936,37.972544
2025-11-05 05:00:00+00:00,2025-11-05 00:00:00-05:00,36.265412,41.436489,test,34.320804,34.320804,37.818474
2025-11-05 06:00:00+00:00,2025-11-05 01:00:00-05:00,32.670185,38.420556,test,36.265412,36.265412,33.164196
2025-11-05 07:00:00+00:00,2025-11-05 02:00:00-05:00,30.81559,36.766657,test,32.670185,32.670185,39.012516
2025-11-05 08:00:00+00:00,2025-11-05 03:00:00-05:00,45.602187,41.851579,test,30.81559,30.81559,55.576275
2025-11-05 09:00:00+00:00,2025-11-05 04:00:00-05:00,90.76084,48.329678,test,45.602187,45.602187,71.43092
2025-11-05 10:00:00+00:00,2025-11-05 05:00:00-05:00,37.174903,57.971919,test,90.76084,90.76084,54.914865
2025-11-05 11:00:00+00:00,2025-11-05 06:00:00-05:00,193.329277,96.554138,test,37.174903,37.174903,91.777744
2025-11-05 12:00:00+00:00,2025-11-05 07:00:00-05:00,87.563824,78.80323,test,193.329277,193.329277,61.526521
2025-11-05 13:00:00+00:00,2025-11-05 08:00:00-05:00,29.721415,40.151441,test,87.563824,87.563824,34.465633
2025-11-05 14:00:00+00:00,2025-11-05 09:00:00-05:00,24.436172,31.52908,test,29.721415,29.721415,34.369901
2025-11-05 15:00:00+00:00,2025-11-05 10:00:00-05:00,28.4029,33.68616,test,24.436172,24.436172,31.711641
2025-11-05 16:00:00+00:00,2025-11-05 11:00:00-05:00,28.412022,35.222499,test,28.4029,28.4029,38.108929
2025-11-05 17:00:00+00:00,2025-11-05 12:00:00-05:00,37.60842,35.772754,test,28.412022,28.412022,40.851218
2025-11-05 18:00:00+00:00,2025-11-05 13:00:00-05:00,34.485635,37.179808,test,37.60842,37.60842,34.968145
2025-11-05 19:00:00+00:00,2025-11-05 14:00:00-05:00,34.361089,35.981654,test,34.485635,34.485635,27.057461
2025-11-05 20:00:00+00:00,2025-11-05 15:00:00-05:00,32.905036,45.312551,test,34.361089,34.361089,38.443956
2025-11-05 21:00:00+00:00,2025-11-05 16:00:00-05:00,45.49327,74.252062,test,32.905036,32.905036,81.990371
2025-11-05 22:00:00+00:00,2025-11-05 17:00:00-05:00,121.769971,112.992523,test,45.49327,45.49327,85.25013
2025-11-05 23:00:00+00:00,2025-11-05 18:00:00-05:00,92.010552,88.000001,test,121.769971,121.769971,53.687124
2025-11-06 00:00:00+00:00,2025-11-05 19:00:00-05:00,38.128357,77.492967,test,92.010552,92.010552,52.147932
2025-11-06 01:00:00+00:00,2025-11-05 20:00:00-05:00,51.973272,62.65219,test,38.128357,38.128357,69.922014
2025-11-06 02:00:00+00:00,2025-11-05 21:00:00-05:00,95.645354,57.50406,test,51.973272,51.973272,338.914105
2025-11-06 03:00:00+00:00,2025-11-05 22:00:00-05:00,58.700586,49.579076,test,95.645354,95.645354,43.922936
2025-11-06 04:00:00+00:00,2025-11-05 23:00:00-05:00,32.346342,42.07836,test,58.700586,58.700586,34.320804
2025-11-06 05:00:00+00:00,2025-11-06 00:00:00-05:00,51.858586,41.868654,test,32.346342,32.346342,36.265412
2025-11-06 06:00:00+00:00,2025-11-06 01:00:00-05:00,76.377406,38.213141,test,51.858586,51.858586,32.670185
2025-11-06 07:00:00+00:00,2025-11-06 02:00:00-05:00,41.922968,38.692035,test,76.377406,76.377406,30.81559
2025-11-06 08:00:00+00:00,2025-11-06 03:00:00-05:00,45.360712,42.649525,test,41.922968,41.922968,45.602187
2025-11-06 09:00:00+00:00,2025-11-06 04:00:00-05:00,72.85971,46.703192,test,45.360712,45.360712,90.76084
2025-11-06 10:00:00+00:00,2025-11-06 05:00:00-05:00,53.318438,53.097256,test,72.85971,72.85971,37.174903
2025-11-06 11:00:00+00:00,2025-11-06 06:00:00-05:00,86.648503,97.465348,test,53.318438,53.318438,193.329277
2025-11-06 12:00:00+00:00,2025-11-06 07:00:00-05:00,115.292346,103.40423,test,86.648503,86.648503,87.563824
2025-11-06 13:00:00+00:00,2025-11-06 08:00:00-05:00,26.638009,50.423436,test,115.292346,115.292346,29.721415
2025-11-06 14:00:00+00:00,2025-11-06 09:00:00-05:00,27.84181,36.736699,test,26.638009,26.638009,24.436172
2025-11-06 15:00:00+00:00,2025-11-06 10:00:00-05:00,41.201636,37.634129,test,27.84181,27.84181,28.4029
2025-11-06 16:00:00+00:00,2025-11-06 11:00:00-05:00,34.683395,38.371673,test,41.201636,41.201636,28.412022
2025-11-06 17:00:00+00:00,2025-11-06 12:00:00-05:00,33.209318,37.133019,test,34.683395,34.683395,37.60842
2025-11-06 18:00:00+00:00,2025-11-06 13:00:00-05:00,30.147048,37.0,test,33.209318,33.209318,34.485635
2025-11-06 19:00:00+00:00,2025-11-06 14:00:00-05:00,27.281132,35.988588,test,30.147048,30.147048,34.361089
2025-11-06 20:00:00+00:00,2025-11-06 15:00:00-05:00,31.329554,43.856732,test,27.281132,27.281132,32.905036
2025-11-06 21:00:00+00:00,2025-11-06 16:00:00-05:00,63.267447,70.379078,test,31.329554,31.329554,45.49327
2025-11-06 22:00:00+00:00,2025-11-06 17:00:00-05:00,71.239314,106.805608,test,63.267447,63.267447,121.769971
2025-11-06 23:00:00+00:00,2025-11-06 18:00:00-05:00,49.065737,99.191099,test,71.239314,71.239314,92.010552
2025-11-07 00:00:00+00:00,2025-11-06 19:00:00-05:00,37.523317,89.051884,test,49.065737,49.065737,38.128357
2025-11-07 01:00:00+00:00,2025-11-06 20:00:00-05:00,50.036536,84.695199,test,37.523317,37.523317,51.973272
2025-11-07 02:00:00+00:00,2025-11-06 21:00:00-05:00,77.570886,80.638562,test,50.036536,50.036536,95.645354
2025-11-07 03:00:00+00:00,2025-11-06 22:00:00-05:00,63.965227,65.327813,test,77.570886,77.570886,58.700586
2025-11-07 04:00:00+00:00,2025-11-06 23:00:00-05:00,39.153336,56.429575,test,63.965227,63.965227,32.346342
2025-11-07 05:00:00+00:00,2025-11-07 00:00:00-05:00,48.506117,61.139119,test,39.153336,39.153336,51.858586
2025-11-07 06:00:00+00:00,2025-11-07 01:00:00-05:00,40.341517,56.53586,test,48.506117,48.506117,76.377406
2025-11-07 07:00:00+00:00,2025-11-07 02:00:00-05:00,37.800868,53.097921,test,40.341517,40.341517,41.922968
2025-11-07 08:00:00+00:00,2025-11-07 03:00:00-05:00,35.149949,56.19535,test,37.800868,37.800868,45.360712
2025-11-07 09:00:00+00:00,2025-11-07 04:00:00-05:00,46.465972,64.32048,test,35.149949,35.149949,72.85971
2025-11-07 10:00:00+00:00,2025-11-07 05:00:00-05:00,51.478992,75.50819,test,46.465972,46.465972,53.318438
2025-11-07 11:00:00+00:00,2025-11-07 06:00:00-05:00,134.266048,127.717589,test,51.478992,51.478992,86.648503
2025-11-07 12:00:00+00:00,2025-11-07 07:00:00-05:00,162.238267,116.628457,test,134.266048,134.266048,115.292346
2025-11-07 13:00:00+00:00,2025-11-07 08:00:00-05:00,52.280102,57.023427,test,162.238267,162.238267,26.638009
2025-11-07 14:00:00+00:00,2025-11-07 09:00:00-05:00,92.371969,45.408979,test,52.280102,52.280102,27.84181
2025-11-07 15:00:00+00:00,2025-11-07 10:00:00-05:00,110.59625,45.510687,test,92.371969,92.371969,41.201636
2025-11-07 16:00:00+00:00,2025-11-07 11:00:00-05:00,57.924198,45.8,test,110.59625,110.59625,34.683395
2025-11-07 17:00:00+00:00,2025-11-07 12:00:00-05:00,94.066122,47.12,test,57.924198,57.924198,33.209318
2025-11-07 18:00:00+00:00,2025-11-07 13:00:00-05:00,38.988623,48.585769,test,94.066122,94.066122,30.147048
2025-11-07 19:00:00+00:00,2025-11-07 14:00:00-05:00,42.462207,50.901466,test,38.988623,38.988623,27.281132
2025-11-07 20:00:00+00:00,2025-11-07 15:00:00-05:00,62.886844,56.341111,test,42.462207,42.462207,31.329554
2025-11-07 21:00:00+00:00,2025-11-07 16:00:00-05:00,47.014425,80.517844,test,62.886844,62.886844,63.267447
2025-11-07 22:00:00+00:00,2025-11-07 17:00:00-05:00,273.951888,95.103638,test,47.014425,47.014425,71.239314
2025-11-07 23:00:00+00:00,2025-11-07 18:00:00-05:00,47.51422,80.004908,test,273.951888,273.951888,49.065737
2025-11-08 00:00:00+00:00,2025-11-07 19:00:00-05:00,43.038194,62.070848,test,47.51422,47.51422,37.523317
2025-11-08 01:00:00+00:00,2025-11-07 20:00:00-05:00,77.046659,56.076728,test,43.038194,43.038194,50.036536
2025-11-08 02:00:00+00:00,2025-11-07 21:00:00-05:00,48.22934,58.299581,test,77.046659,77.046659,77.570886
2025-11-08 03:00:00+00:00,2025-11-07 22:00:00-05:00,30.856428,48.708106,test,48.22934,48.22934,63.965227
2025-11-08 04:00:00+00:00,2025-11-07 23:00:00-05:00,37.918733,45.622657,test,30.856428,30.856428,39.153336
2025-11-08 05:00:00+00:00,2025-11-08 00:00:00-05:00,157.773963,57.855527,test,37.918733,37.918733,48.506117
2025-11-08 06:00:00+00:00,2025-11-08 01:00:00-05:00,27.373454,51.948651,test,157.773963,157.773963,40.341517
2025-11-08 07:00:00+00:00,2025-11-08 02:00:00-05:00,32.395883,47.160273,test,27.373454,27.373454,37.800868
2025-11-08 08:00:00+00:00,2025-11-08 03:00:00-05:00,64.282788,48.442356,test,32.395883,32.395883,35.149949
2025-11-08 09:00:00+00:00,2025-11-08 04:00:00-05:00,68.185213,49.527913,test,64.282788,64.282788,46.465972
2025-11-08 10:00:00+00:00,2025-11-08 05:00:00-05:00,35.712114,53.987379,test,68.185213,68.185213,51.478992
2025-11-08 11:00:00+00:00,2025-11-08 06:00:00-05:00,54.003973,68.023627,test,35.712114,35.712114,134.266048
2025-11-08 12:00:00+00:00,2025-11-08 07:00:00-05:00,75.578841,73.524181,test,54.003973,54.003973,162.238267
2025-11-08 13:00:00+00:00,2025-11-08 08:00:00-05:00,27.521118,51.271597,test,75.578841,75.578841,52.280102
2025-11-08 14:00:00+00:00,2025-11-08 09:00:00-05:00,30.135691,48.564583,test,27.521118,27.521118,92.371969
2025-11-08 15:00:00+00:00,2025-11-08 10:00:00-05:00,38.439055,48.948323,test,30.135691,30.135691,110.59625
2025-11-08 16:00:00+00:00,2025-11-08 11:00:00-05:00,98.125093,47.737807,test,38.439055,38.439055,57.924198
2025-11-08 17:00:00+00:00,2025-11-08 12:00:00-05:00,32.06479,47.646854,test,98.125093,98.125093,94.066122
2025-11-08 18:00:00+00:00,2025-11-08 13:00:00-05:00,40.759753,47.051793,test,32.06479,32.06479,38.988623
2025-11-08 19:00:00+00:00,2025-11-08 14:00:00-05:00,149.003831,48.335694,test,40.759753,40.759753,42.462207
2025-11-08 20:00:00+00:00,2025-11-08 15:00:00-05:00,33.810113,56.558743,test,149.003831,149.003831,62.886844
2025-11-08 21:00:00+00:00,2025-11-08 16:00:00-05:00,50.221866,91.052772,test,33.810113,33.810113,47.014425
2025-11-08 22:00:00+00:00,2025-11-08 17:00:00-05:00,79.297988,104.371057,test,50.221866,50.221866,273.951888
2025-11-08 23:00:00+00:00,2025-11-08 18:00:00-05:00,67.611972,87.005624,test,79.297988,79.297988,47.51422
2025-11-09 00:00:00+00:00,2025-11-08 19:00:00-05:00,64.114695,76.419832,test,67.611972,67.611972,43.038194
2025-11-09 01:00:00+00:00,2025-11-08 20:00:00-05:00,48.560487,73.634361,test,64.114695,64.114695,77.046659
2025-11-09 02:00:00+00:00,2025-11-08 21:00:00-05:00,52.287914,64.461559,test,48.560487,48.560487,48.22934
2025-11-09 03:00:00+00:00,2025-11-08 22:00:00-05:00,61.235,52.605109,test,52.287914,52.287914,30.856428
2025-11-09 04:00:00+00:00,2025-11-08 23:00:00-05:00,37.890437,47.546238,test,61.235,61.235,37.918733
2025-11-09 05:00:00+00:00,2025-11-09 00:00:00-05:00,29.096904,45.302484,test,37.890437,37.890437,157.773963
2025-11-09 06:00:00+00:00,2025-11-09 01:00:00-05:00,59.176891,40.46104,test,29.096904,29.096904,27.373454
2025-11-09 07:00:00+00:00,2025-11-09 02:00:00-05:00,34.115534,36.25107,test,59.176891,59.176891,32.395883
2025-11-09 08:00:00+00:00,2025-11-09 03:00:00-05:00,35.250184,35.346658,test,34.115534,34.115534,64.282788
2025-11-09 09:00:00+00:00,2025-11-09 04:00:00-05:00,31.008065,35.724734,test,35.250184,35.250184,68.185213
2025-11-09 10:00:00+00:00,2025-11-09 05:00:00-05:00,34.541561,36.717465,test,31.008065,31.008065,35.712114
2025-11-09 11:00:00+00:00,2025-11-09 06:00:00-05:00,65.513947,43.455803,test,34.541561,34.541561,54.003973
2025-11-09 12:00:00+00:00,2025-11-09 07:00:00-05:00,85.541745,49.363928,test,65.513947,65.513947,75.578841
2025-11-09 13:00:00+00:00,2025-11-09 08:00:00-05:00,35.00793,47.238958,test,85.541745,85.541745,27.521118
2025-11-09 14:00:00+00:00,2025-11-09 09:00:00-05:00,35.4349,47.12107,test,35.00793,35.00793,30.135691
2025-11-09 15:00:00+00:00,2025-11-09 10:00:00-05:00,32.128491,46.819835,test,35.4349,35.4349,38.439055
2025-11-09 16:00:00+00:00,2025-11-09 11:00:00-05:00,29.274537,48.093127,test,32.128491,32.128491,98.125093
2025-11-09 17:00:00+00:00,2025-11-09 12:00:00-05:00,29.240088,49.428751,test,29.274537,29.274537,32.06479
2025-11-09 18:00:00+00:00,2025-11-09 13:00:00-05:00,30.729921,48.070147,test,29.240088,29.240088,40.759753
2025-11-09 19:00:00+00:00,2025-11-09 14:00:00-05:00,40.573085,48.645074,test,30.729921,30.729921,149.003831
2025-11-09 20:00:00+00:00,2025-11-09 15:00:00-05:00,77.994838,54.065716,test,40.573085,40.573085,33.810113
2025-11-09 21:00:00+00:00,2025-11-09 16:00:00-05:00,37.399672,72.17987,test,77.994838,77.994838,50.221866
2025-11-09 22:00:00+00:00,2025-11-09 17:00:00-05:00,58.343775,94.242592,test,37.399672,37.399672,79.297988
2025-11-09 23:00:00+00:00,2025-11-09 18:00:00-05:00,52.777226,88.115087,test,58.343775,58.343775,67.611972
2025-11-10 00:00:00+00:00,2025-11-09 19:00:00-05:00,50.23197,79.21,test,52.777226,52.777226,64.114695
2025-11-10 01:00:00+00:00,2025-11-09 20:00:00-05:00,52.584442,75.002292,test,50.23197,50.23197,48.560487
2025-11-10 02:00:00+00:00,2025-11-09 21:00:00-05:00,54.385994,67.021634,test,52.584442,52.584442,52.287914
2025-11-10 03:00:00+00:00,2025-11-09 22:00:00-05:00,42.19086,56.473479,test,54.385994,54.385994,61.235
2025-11-10 04:00:00+00:00,2025-11-09 23:00:00-05:00,32.975862,50.224038,test,42.19086,42.19086,37.890437
2025-11-10 05:00:00+00:00,2025-11-10 00:00:00-05:00,37.316173,50.18292,test,32.975862,32.975862,29.096904
2025-11-10 06:00:00+00:00,2025-11-10 01:00:00-05:00,60.731062,45.406897,test,37.316173,37.316173,59.176891
2025-11-10 07:00:00+00:00,2025-11-10 02:00:00-05:00,41.971539,42.351324,test,60.731062,60.731062,34.115534
2025-11-10 08:00:00+00:00,2025-11-10 03:00:00-05:00,46.641703,46.292817,test,41.971539,41.971539,35.250184
2025-11-10 09:00:00+00:00,2025-11-10 04:00:00-05:00,86.722348,56.127579,test,46.641703,46.641703,31.008065
2025-11-10 10:00:00+00:00,2025-11-10 05:00:00-05:00,51.154015,64.069121,test,86.722348,86.722348,34.541561
2025-11-10 11:00:00+00:00,2025-11-10 06:00:00-05:00,58.991788,101.855493,test,51.154015,51.154015,65.513947
2025-11-10 12:00:00+00:00,2025-11-10 07:00:00-05:00,64.125666,118.602522,test,58.991788,58.991788,85.541745
2025-11-10 13:00:00+00:00,2025-11-10 08:00:00-05:00,59.78699,90.044202,test,64.125666,64.125666,35.00793
2025-11-10 14:00:00+00:00,2025-11-10 09:00:00-05:00,48.409752,74.173549,test,59.78699,59.78699,35.4349
2025-11-10 15:00:00+00:00,2025-11-10 10:00:00-05:00,45.849424,72.102049,test,48.409752,48.409752,32.128491
2025-11-10 16:00:00+00:00,2025-11-10 11:00:00-05:00,50.080487,68.25,test,45.849424,45.849424,29.274537
2025-11-10 17:00:00+00:00,2025-11-10 12:00:00-05:00,46.240821,74.728231,test,50.080487,50.080487,29.240088
2025-11-10 18:00:00+00:00,2025-11-10 13:00:00-05:00,36.180623,71.717889,test,46.240821,46.240821,30.729921
2025-11-10 19:00:00+00:00,2025-11-10 14:00:00-05:00,37.50405,70.38,test,36.180623,36.180623,40.573085
2025-11-10 20:00:00+00:00,2025-11-10 15:00:00-05:00,38.506015,83.710592,test,37.50405,37.50405,77.994838
2025-11-10 21:00:00+00:00,2025-11-10 16:00:00-05:00,52.675699,125.106801,test,38.506015,38.506015,37.399672
2025-11-10 22:00:00+00:00,2025-11-10 17:00:00-05:00,81.778282,208.70592,test,52.675699,52.675699,58.343775
2025-11-10 23:00:00+00:00,2025-11-10 18:00:00-05:00,70.299847,195.941339,test,81.778282,81.778282,52.777226
2025-11-11 00:00:00+00:00,2025-11-10 19:00:00-05:00,72.763487,185.224543,test,70.299847,70.299847,50.23197
2025-11-11 01:00:00+00:00,2025-11-10 20:00:00-05:00,68.378061,176.591033,test,72.763487,72.763487,52.584442
2025-11-11 02:00:00+00:00,2025-11-10 21:00:00-05:00,48.249939,130.357468,test,68.378061,68.378061,54.385994
2025-11-11 03:00:00+00:00,2025-11-10 22:00:00-05:00,66.029307,119.35048,test,48.249939,48.249939,42.19086
2025-11-11 04:00:00+00:00,2025-11-10 23:00:00-05:00,65.223268,113.650587,test,66.029307,66.029307,32.975862
2025-11-11 05:00:00+00:00,2025-11-11 00:00:00-05:00,45.345468,104.386981,test,65.223268,65.223268,37.316173
2025-11-11 06:00:00+00:00,2025-11-11 01:00:00-05:00,43.388559,100.347305,test,45.345468,45.345468,60.731062
2025-11-11 07:00:00+00:00,2025-11-11 02:00:00-05:00,45.800897,95.049159,test,43.388559,43.388559,41.971539
2025-11-11 08:00:00+00:00,2025-11-11 03:00:00-05:00,42.279858,108.624692,test,45.800897,45.800897,46.641703
2025-11-11 09:00:00+00:00,2025-11-11 04:00:00-05:00,45.481773,116.050794,test,42.279858,42.279858,86.722348
2025-11-11 10:00:00+00:00,2025-11-11 05:00:00-05:00,37.492482,144.59,test,45.481773,45.481773,51.154015
2025-11-11 11:00:00+00:00,2025-11-11 06:00:00-05:00,54.651082,299.999999,test,37.492482,37.492482,58.991788
2025-11-11 12:00:00+00:00,2025-11-11 07:00:00-05:00,78.227939,319.884696,test,54.651082,54.651082,64.125666
2025-11-11 13:00:00+00:00,2025-11-11 08:00:00-05:00,41.87962,129.865182,test,78.227939,78.227939,59.78699
2025-11-11 14:00:00+00:00,2025-11-11 09:00:00-05:00,40.437769,88.317871,test,41.87962,41.87962,48.409752
2025-11-11 15:00:00+00:00,2025-11-11 10:00:00-05:00,48.121895,81.010001,test,40.437769,40.437769,45.849424
2025-11-11 16:00:00+00:00,2025-11-11 11:00:00-05:00,40.844582,72.759523,test,48.121895,48.121895,50.080487
2025-11-11 17:00:00+00:00,2025-11-11 12:00:00-05:00,41.405373,63.154134,test,40.844582,40.844582,46.240821
2025-11-11 18:00:00+00:00,2025-11-11 13:00:00-05:00,40.804771,65.548552,test,41.405373,41.405373,36.180623
2025-11-11 19:00:00+00:00,2025-11-11 14:00:00-05:00,41.5625,64.342766,test,40.804771,40.804771,37.50405
2025-11-11 20:00:00+00:00,2025-11-11 15:00:00-05:00,68.484226,81.812786,test,41.5625,41.5625,38.506015
2025-11-11 21:00:00+00:00,2025-11-11 16:00:00-05:00,59.414696,150.111692,test,68.484226,68.484226,52.675699
2025-11-11 22:00:00+00:00,2025-11-11 17:00:00-05:00,71.832366,241.203316,test,59.414696,59.414696,81.778282
2025-11-11 23:00:00+00:00,2025-11-11 18:00:00-05:00,72.410972,238.249999,test,71.832366,71.832366,70.299847
2025-11-12 00:00:00+00:00,2025-11-11 19:00:00-05:00,64.978434,207.570266,test,72.410972,72.410972,72.763487
2025-11-12 01:00:00+00:00,2025-11-11 20:00:00-05:00,67.745169,173.104081,test,64.978434,64.978434,68.378061
2025-11-12 02:00:00+00:00,2025-11-11 21:00:00-05:00,71.493552,140.04051,test,67.745169,67.745169,48.249939
2025-11-12 03:00:00+00:00,2025-11-11 22:00:00-05:00,44.932657,132.7379,test,71.493552,71.493552,66.029307
2025-11-12 04:00:00+00:00,2025-11-11 23:00:00-05:00,44.235311,124.837708,test,44.932657,44.932657,65.223268
2025-11-12 05:00:00+00:00,2025-11-12 00:00:00-05:00,48.201576,81.365592,test,44.235311,44.235311,45.345468
2025-11-12 06:00:00+00:00,2025-11-12 01:00:00-05:00,43.212076,64.100615,test,48.201576,48.201576,43.388559
2025-11-12 07:00:00+00:00,2025-11-12 02:00:00-05:00,41.429191,60.990284,test,43.212076,43.212076,45.800897
2025-11-12 08:00:00+00:00,2025-11-12 03:00:00-05:00,39.923433,58.90866,test,41.429191,41.429191,42.279858
2025-11-12 09:00:00+00:00,2025-11-12 04:00:00-05:00,40.980716,75.380613,test,39.923433,39.923433,45.481773
2025-11-12 10:00:00+00:00,2025-11-12 05:00:00-05:00,45.26372,87.345069,test,40.980716,40.980716,37.492482
2025-11-12 11:00:00+00:00,2025-11-12 06:00:00-05:00,131.487222,166.629388,test,45.26372,45.26372,54.651082
2025-11-12 12:00:00+00:00,2025-11-12 07:00:00-05:00,91.842483,163.057328,test,131.487222,131.487222,78.227939
2025-11-12 13:00:00+00:00,2025-11-12 08:00:00-05:00,44.808766,72.328829,test,91.842483,91.842483,41.87962
2025-11-12 14:00:00+00:00,2025-11-12 09:00:00-05:00,59.845856,50.589999,test,44.808766,44.808766,40.437769
2025-11-12 15:00:00+00:00,2025-11-12 10:00:00-05:00,42.829172,48.219491,test,59.845856,59.845856,48.121895
2025-11-12 16:00:00+00:00,2025-11-12 11:00:00-05:00,32.167374,44.66941,test,42.829172,42.829172,40.844582
2025-11-12 17:00:00+00:00,2025-11-12 12:00:00-05:00,39.446424,42.914233,test,32.167374,32.167374,41.405373
2025-11-12 18:00:00+00:00,2025-11-12 13:00:00-05:00,32.092073,41.861297,test,39.446424,39.446424,40.804771
2025-11-12 19:00:00+00:00,2025-11-12 14:00:00-05:00,29.499659,38.57751,test,32.092073,32.092073,41.5625
2025-11-12 20:00:00+00:00,2025-11-12 15:00:00-05:00,45.889765,48.279999,test,29.499659,29.499659,68.484226
2025-11-12 21:00:00+00:00,2025-11-12 16:00:00-05:00,95.53162,79.795713,test,45.889765,45.889765,59.414696
2025-11-12 22:00:00+00:00,2025-11-12 17:00:00-05:00,88.490243,112.804797,test,95.53162,95.53162,71.832366
2025-11-12 23:00:00+00:00,2025-11-12 18:00:00-05:00,55.131137,84.298457,test,88.490243,88.490243,72.410972
2025-11-13 00:00:00+00:00,2025-11-12 19:00:00-05:00,72.567252,71.303196,test,55.131137,55.131137,64.978434
2025-11-13 01:00:00+00:00,2025-11-12 20:00:00-05:00,82.823444,63.29,test,72.567252,72.567252,67.745169
2025-11-13 02:00:00+00:00,2025-11-12 21:00:00-05:00,101.777304,65.403654,test,82.823444,82.823444,71.493552
2025-11-13 03:00:00+00:00,2025-11-12 22:00:00-05:00,53.599144,52.54816,test,101.777304,101.777304,44.932657
2025-11-13 04:00:00+00:00,2025-11-12 23:00:00-05:00,44.74209,48.943218,test,53.599144,53.599144,44.235311
2025-11-13 05:00:00+00:00,2025-11-13 00:00:00-05:00,48.180742,45.927182,test,44.74209,44.74209,48.201576
2025-11-13 06:00:00+00:00,2025-11-13 01:00:00-05:00,46.833102,43.960028,test,48.180742,48.180742,43.212076
2025-11-13 07:00:00+00:00,2025-11-13 02:00:00-05:00,47.566462,42.850379,test,46.833102,46.833102,41.429191
2025-11-13 08:00:00+00:00,2025-11-13 03:00:00-05:00,101.466544,45.492426,test,47.566462,47.566462,39.923433
2025-11-13 09:00:00+00:00,2025-11-13 04:00:00-05:00,58.410115,50.520001,test,101.466544,101.466544,40.980716
2025-11-13 10:00:00+00:00,2025-11-13 05:00:00-05:00,364.561341,58.219128,test,58.410115,58.410115,45.26372
2025-11-13 11:00:00+00:00,2025-11-13 06:00:00-05:00,345.325939,100.360739,test,364.561341,364.561341,131.487222
2025-11-13 12:00:00+00:00,2025-11-13 07:00:00-05:00,126.209484,108.787324,test,345.325939,345.325939,91.842483
2025-11-13 13:00:00+00:00,2025-11-13 08:00:00-05:00,60.784598,53.08954,test,126.209484,126.209484,44.808766
2025-11-13 14:00:00+00:00,2025-11-13 09:00:00-05:00,40.079525,41.973455,test,60.784598,60.784598,59.845856
2025-11-13 15:00:00+00:00,2025-11-13 10:00:00-05:00,41.719853,46.940362,test,40.079525,40.079525,42.829172
2025-11-13 16:00:00+00:00,2025-11-13 11:00:00-05:00,41.521949,43.537294,test,41.719853,41.719853,32.167374
2025-11-13 17:00:00+00:00,2025-11-13 12:00:00-05:00,36.998559,41.218774,test,41.521949,41.521949,39.446424
2025-11-13 18:00:00+00:00,2025-11-13 13:00:00-05:00,35.913587,38.815848,test,36.998559,36.998559,32.092073
2025-11-13 19:00:00+00:00,2025-11-13 14:00:00-05:00,33.399317,38.069962,test,35.913587,35.913587,29.499659
2025-11-13 20:00:00+00:00,2025-11-13 15:00:00-05:00,30.90068,46.370001,test,33.399317,33.399317,45.889765
2025-11-13 21:00:00+00:00,2025-11-13 16:00:00-05:00,50.513005,67.999653,test,30.90068,30.90068,95.53162
2025-11-13 22:00:00+00:00,2025-11-13 17:00:00-05:00,64.918884,87.551586,test,50.513005,50.513005,88.490243
2025-11-13 23:00:00+00:00,2025-11-13 18:00:00-05:00,51.298757,82.405828,test,64.918884,64.918884,55.131137
2025-11-14 00:00:00+00:00,2025-11-13 19:00:00-05:00,47.532036,79.809429,test,51.298757,51.298757,72.567252
2025-11-14 01:00:00+00:00,2025-11-13 20:00:00-05:00,56.964587,70.701548,test,47.532036,47.532036,82.823444
2025-11-14 02:00:00+00:00,2025-11-13 21:00:00-05:00,45.285114,66.532677,test,56.964587,56.964587,101.777304
2025-11-14 03:00:00+00:00,2025-11-13 22:00:00-05:00,48.853339,62.881995,test,45.285114,45.285114,53.599144
2025-11-14 04:00:00+00:00,2025-11-13 23:00:00-05:00,64.121218,54.150997,test,48.853339,48.853339,44.74209
2025-11-14 05:00:00+00:00,2025-11-14 00:00:00-05:00,50.737744,58.758366,test,64.121218,64.121218,48.180742
2025-11-14 06:00:00+00:00,2025-11-14 01:00:00-05:00,59.547915,61.505994,test,50.737744,50.737744,46.833102
2025-11-14 07:00:00+00:00,2025-11-14 02:00:00-05:00,48.148034,57.307152,test,59.547915,59.547915,47.566462
2025-11-14 08:00:00+00:00,2025-11-14 03:00:00-05:00,41.392265,57.293884,test,48.148034,48.148034,101.466544
2025-11-14 09:00:00+00:00,2025-11-14 04:00:00-05:00,85.625297,69.493426,test,41.392265,41.392265,58.410115
2025-11-14 10:00:00+00:00,2025-11-14 05:00:00-05:00,125.255728,92.759782,test,85.625297,85.625297,364.561341
2025-11-14 11:00:00+00:00,2025-11-14 06:00:00-05:00,310.938539,162.552003,test,125.255728,125.255728,345.325939
2025-11-14 12:00:00+00:00,2025-11-14 07:00:00-05:00,142.433374,162.661048,test,310.938539,310.938539,126.209484
2025-11-14 13:00:00+00:00,2025-11-14 08:00:00-05:00,38.081092,59.16063,test,142.433374,142.433374,60.784598
2025-11-14 14:00:00+00:00,2025-11-14 09:00:00-05:00,31.307943,44.190578,test,38.081092,38.081092,40.079525
2025-11-14 15:00:00+00:00,2025-11-14 10:00:00-05:00,44.577071,45.797998,test,31.307943,31.307943,41.719853
2025-11-14 16:00:00+00:00,2025-11-14 11:00:00-05:00,50.514069,43.534936,test,44.577071,44.577071,41.521949
2025-11-14 17:00:00+00:00,2025-11-14 12:00:00-05:00,43.931189,42.216873,test,50.514069,50.514069,36.998559
2025-11-14 18:00:00+00:00,2025-11-14 13:00:00-05:00,34.964636,39.585914,test,43.931189,43.931189,35.913587
2025-11-14 19:00:00+00:00,2025-11-14 14:00:00-05:00,40.826675,40.123291,test,34.964636,34.964636,33.399317
2025-11-14 20:00:00+00:00,2025-11-14 15:00:00-05:00,40.080912,50.181778,test,40.826675,40.826675,30.90068
2025-11-14 21:00:00+00:00,2025-11-14 16:00:00-05:00,53.491929,79.868452,test,40.080912,40.080912,50.513005
2025-11-14 22:00:00+00:00,2025-11-14 17:00:00-05:00,63.696753,112.79092,test,53.491929,53.491929,64.918884
2025-11-14 23:00:00+00:00,2025-11-14 18:00:00-05:00,57.062472,87.950245,test,63.696753,63.696753,51.298757
2025-11-15 00:00:00+00:00,2025-11-14 19:00:00-05:00,53.386318,80.899442,test,57.062472,57.062472,47.532036
2025-11-15 01:00:00+00:00,2025-11-14 20:00:00-05:00,53.171611,91.252574,test,53.386318,53.386318,56.964587
2025-11-15 02:00:00+00:00,2025-11-14 21:00:00-05:00,40.83062,84.697291,test,53.171611,53.171611,45.285114
2025-11-15 03:00:00+00:00,2025-11-14 22:00:00-05:00,30.467978,75.918173,test,40.83062,40.83062,48.853339
2025-11-15 04:00:00+00:00,2025-11-14 23:00:00-05:00,43.690287,68.335075,test,30.467978,30.467978,64.121218
2025-11-15 05:00:00+00:00,2025-11-15 00:00:00-05:00,114.139143,46.380172,test,43.690287,43.690287,50.737744
2025-11-15 06:00:00+00:00,2025-11-15 01:00:00-05:00,38.885891,42.175303,test,114.139143,114.139143,59.547915
2025-11-15 07:00:00+00:00,2025-11-15 02:00:00-05:00,32.045894,39.878232,test,38.885891,38.885891,48.148034
2025-11-15 08:00:00+00:00,2025-11-15 03:00:00-05:00,53.121346,39.273864,test,32.045894,32.045894,41.392265
2025-11-15 09:00:00+00:00,2025-11-15 04:00:00-05:00,52.802557,41.519694,test,53.121346,53.121346,85.625297
2025-11-15 10:00:00+00:00,2025-11-15 05:00:00-05:00,31.387759,43.631357,test,52.802557,52.802557,125.255728
2025-11-15 11:00:00+00:00,2025-11-15 06:00:00-05:00,32.398025,50.620089,test,31.387759,31.387759,310.938539
2025-11-15 12:00:00+00:00,2025-11-15 07:00:00-05:00,30.164095,52.538819,test,32.398025,32.398025,142.433374
2025-11-15 13:00:00+00:00,2025-11-15 08:00:00-05:00,32.593208,41.637303,test,30.164095,30.164095,38.081092
2025-11-15 14:00:00+00:00,2025-11-15 09:00:00-05:00,28.656566,40.661294,test,32.593208,32.593208,31.307943
2025-11-15 15:00:00+00:00,2025-11-15 10:00:00-05:00,40.726959,40.923449,test,28.656566,28.656566,44.577071
2025-11-15 16:00:00+00:00,2025-11-15 11:00:00-05:00,32.324024,41.054922,test,40.726959,40.726959,50.514069
2025-11-15 17:00:00+00:00,2025-11-15 12:00:00-05:00,30.677296,41.446031,test,32.324024,32.324024,43.931189
2025-11-15 18:00:00+00:00,2025-11-15 13:00:00-05:00,30.844497,40.700855,test,30.677296,30.677296,34.964636
2025-11-15 19:00:00+00:00,2025-11-15 14:00:00-05:00,49.555124,41.659095,test,30.844497,30.844497,40.826675
2025-11-15 20:00:00+00:00,2025-11-15 15:00:00-05:00,47.748745,45.051621,test,49.555124,49.555124,40.080912
2025-11-15 21:00:00+00:00,2025-11-15 16:00:00-05:00,42.291157,50.067055,test,47.748745,47.748745,53.491929
2025-11-15 22:00:00+00:00,2025-11-15 17:00:00-05:00,38.369298,58.127026,test,42.291157,42.291157,63.696753
2025-11-15 23:00:00+00:00,2025-11-15 18:00:00-05:00,41.994609,50.618067,test,38.369298,38.369298,57.062472
2025-11-16 00:00:00+00:00,2025-11-15 19:00:00-05:00,41.628784,45.64446,test,41.994609,41.994609,53.386318
2025-11-16 01:00:00+00:00,2025-11-15 20:00:00-05:00,32.73395,44.368974,test,41.628784,41.628784,53.171611
2025-11-16 02:00:00+00:00,2025-11-15 21:00:00-05:00,32.511057,41.114633,test,32.73395,32.73395,40.83062
2025-11-16 03:00:00+00:00,2025-11-15 22:00:00-05:00,31.887723,39.796326,test,32.511057,32.511057,30.467978
2025-11-16 04:00:00+00:00,2025-11-15 23:00:00-05:00,30.08769,34.920665,test,31.887723,31.887723,43.690287
2025-11-16 05:00:00+00:00,2025-11-16 00:00:00-05:00,33.13999,32.396534,test,30.08769,30.08769,114.139143
2025-11-16 06:00:00+00:00,2025-11-16 01:00:00-05:00,29.288227,30.833203,test,33.13999,33.13999,38.885891
2025-11-16 07:00:00+00:00,2025-11-16 02:00:00-05:00,23.193288,28.932832,test,29.288227,29.288227,32.045894
2025-11-16 08:00:00+00:00,2025-11-16 03:00:00-05:00,23.344197,29.37707,test,23.193288,23.193288,53.121346
2025-11-16 09:00:00+00:00,2025-11-16 04:00:00-05:00,23.956523,29.925496,test,23.344197,23.344197,52.802557
2025-11-16 10:00:00+00:00,2025-11-16 05:00:00-05:00,25.494533,32.210712,test,23.956523,23.956523,31.387759
2025-11-16 11:00:00+00:00,2025-11-16 06:00:00-05:00,28.973919,35.305469,test,25.494533,25.494533,32.398025
2025-11-16 12:00:00+00:00,2025-11-16 07:00:00-05:00,33.403525,37.716332,test,28.973919,28.973919,30.164095
2025-11-16 13:00:00+00:00,2025-11-16 08:00:00-05:00,29.360851,29.662848,test,33.403525,33.403525,32.593208
2025-11-16 14:00:00+00:00,2025-11-16 09:00:00-05:00,23.257296,28.69975,test,29.360851,29.360851,28.656566
2025-11-16 15:00:00+00:00,2025-11-16 10:00:00-05:00,23.129959,27.840387,test,23.257296,23.257296,40.726959
2025-11-16 16:00:00+00:00,2025-11-16 11:00:00-05:00,26.189549,27.712745,test,23.129959,23.129959,32.324024
2025-11-16 17:00:00+00:00,2025-11-16 12:00:00-05:00,25.724232,27.805836,test,26.189549,26.189549,30.677296
2025-11-16 18:00:00+00:00,2025-11-16 13:00:00-05:00,24.217163,27.518812,test,25.724232,25.724232,30.844497
2025-11-16 19:00:00+00:00,2025-11-16 14:00:00-05:00,22.451749,28.984414,test,24.217163,24.217163,49.555124
2025-11-16 20:00:00+00:00,2025-11-16 15:00:00-05:00,25.002665,31.714245,test,22.451749,22.451749,47.748745
2025-11-16 21:00:00+00:00,2025-11-16 16:00:00-05:00,45.206099,51.659999,test,25.002665,25.002665,42.291157
2025-11-16 22:00:00+00:00,2025-11-16 17:00:00-05:00,98.420591,73.038114,test,45.206099,45.206099,38.369298
2025-11-16 23:00:00+00:00,2025-11-16 18:00:00-05:00,38.602157,72.611822,test,98.420591,98.420591,41.994609
2025-11-17 00:00:00+00:00,2025-11-16 19:00:00-05:00,34.960233,67.080901,test,38.602157,38.602157,41.628784
2025-11-17 01:00:00+00:00,2025-11-16 20:00:00-05:00,40.838077,62.986866,test,34.960233,34.960233,32.73395
2025-11-17 02:00:00+00:00,2025-11-16 21:00:00-05:00,38.426091,57.805335,test,40.838077,40.838077,32.511057
2025-11-17 03:00:00+00:00,2025-11-16 22:00:00-05:00,42.847565,50.844726,test,38.426091,38.426091,31.887723
2025-11-17 04:00:00+00:00,2025-11-16 23:00:00-05:00,34.764619,44.884592,test,42.847565,42.847565,30.08769
2025-11-17 05:00:00+00:00,2025-11-17 00:00:00-05:00,27.687379,46.608766,test,34.764619,34.764619,33.13999
2025-11-17 06:00:00+00:00,2025-11-17 01:00:00-05:00,32.103639,44.036187,test,27.687379,27.687379,29.288227
2025-11-17 07:00:00+00:00,2025-11-17 02:00:00-05:00,32.434993,43.695769,test,32.103639,32.103639,23.193288
2025-11-17 08:00:00+00:00,2025-11-17 03:00:00-05:00,31.741304,46.957011,test,32.434993,32.434993,23.344197
2025-11-17 09:00:00+00:00,2025-11-17 04:00:00-05:00,33.201174,51.183767,test,31.741304,31.741304,23.956523
2025-11-17 10:00:00+00:00,2025-11-17 05:00:00-05:00,49.576306,71.300206,test,33.201174,33.201174,25.494533
2025-11-17 11:00:00+00:00,2025-11-17 06:00:00-05:00,415.900563,126.134795,test,49.576306,49.576306,28.973919
2025-11-17 12:00:00+00:00,2025-11-17 07:00:00-05:00,567.814187,107.99705,test,415.900563,415.900563,33.403525
2025-11-17 13:00:00+00:00,2025-11-17 08:00:00-05:00,48.176219,45.466081,test,567.814187,567.814187,29.360851
2025-11-17 14:00:00+00:00,2025-11-17 09:00:00-05:00,37.629055,35.941684,test,48.176219,48.176219,23.257296
2025-11-17 15:00:00+00:00,2025-11-17 10:00:00-05:00,42.154188,38.079688,test,37.629055,37.629055,23.129959
2025-11-17 16:00:00+00:00,2025-11-17 11:00:00-05:00,39.402271,37.523543,test,42.154188,42.154188,26.189549
2025-11-17 17:00:00+00:00,2025-11-17 12:00:00-05:00,36.849147,35.151618,test,39.402271,39.402271,25.724232
2025-11-17 18:00:00+00:00,2025-11-17 13:00:00-05:00,36.287533,33.070644,test,36.849147,36.849147,24.217163
2025-11-17 19:00:00+00:00,2025-11-17 14:00:00-05:00,33.224558,33.345421,test,36.287533,36.287533,22.451749
2025-11-17 20:00:00+00:00,2025-11-17 15:00:00-05:00,36.494564,40.063004,test,33.224558,33.224558,25.002665
2025-11-17 21:00:00+00:00,2025-11-17 16:00:00-05:00,60.717734,61.769931,test,36.494564,36.494564,45.206099
2025-11-17 22:00:00+00:00,2025-11-17 17:00:00-05:00,86.987912,101.227524,test,60.717734,60.717734,98.420591
2025-11-17 23:00:00+00:00,2025-11-17 18:00:00-05:00,130.329954,89.560925,test,86.987912,86.987912,38.602157
2025-11-18 00:00:00+00:00,2025-11-17 19:00:00-05:00,123.299865,83.275442,test,130.329954,130.329954,34.960233
2025-11-18 01:00:00+00:00,2025-11-17 20:00:00-05:00,119.859977,75.270992,test,123.299865,123.299865,40.838077
2025-11-18 02:00:00+00:00,2025-11-17 21:00:00-05:00,108.112255,70.786576,test,119.859977,119.859977,38.426091
2025-11-18 03:00:00+00:00,2025-11-17 22:00:00-05:00,219.918589,67.087114,test,108.112255,108.112255,42.847565
2025-11-18 04:00:00+00:00,2025-11-17 23:00:00-05:00,234.82648,60.137496,test,219.918589,219.918589,34.764619
2025-11-18 05:00:00+00:00,2025-11-18 00:00:00-05:00,162.151793,76.189493,test,234.82648,234.82648,27.687379
2025-11-18 06:00:00+00:00,2025-11-18 01:00:00-05:00,55.672358,74.626411,test,162.151793,162.151793,32.103639
2025-11-18 07:00:00+00:00,2025-11-18 02:00:00-05:00,140.292253,68.046924,test,55.672358,55.672358,32.434993
2025-11-18 08:00:00+00:00,2025-11-18 03:00:00-05:00,73.803749,71.624116,test,140.292253,140.292253,31.741304
2025-11-18 09:00:00+00:00,2025-11-18 04:00:00-05:00,54.707411,76.030728,test,73.803749,73.803749,33.201174
2025-11-18 10:00:00+00:00,2025-11-18 05:00:00-05:00,117.924916,105.96389,test,54.707411,54.707411,49.576306
2025-11-18 11:00:00+00:00,2025-11-18 06:00:00-05:00,640.912972,220.614739,test,117.924916,117.924916,415.900563
2025-11-18 12:00:00+00:00,2025-11-18 07:00:00-05:00,929.538332,214.412241,test,640.912972,640.912972,567.814187
2025-11-18 13:00:00+00:00,2025-11-18 08:00:00-05:00,162.77864,83.547562,test,929.538332,929.538332,48.176219
2025-11-18 14:00:00+00:00,2025-11-18 09:00:00-05:00,110.67099,70.031829,test,162.77864,162.77864,37.629055
2025-11-18 15:00:00+00:00,2025-11-18 10:00:00-05:00,392.630651,68.710108,test,110.67099,110.67099,42.154188
2025-11-18 16:00:00+00:00,2025-11-18 11:00:00-05:00,43.900509,67.764932,test,392.630651,392.630651,39.402271
2025-11-18 17:00:00+00:00,2025-11-18 12:00:00-05:00,323.37165,67.303529,test,43.900509,43.900509,36.849147
2025-11-18 18:00:00+00:00,2025-11-18 13:00:00-05:00,84.935831,67.886669,test,323.37165,323.37165,36.287533
2025-11-18 19:00:00+00:00,2025-11-18 14:00:00-05:00,69.559742,66.484105,test,84.935831,84.935831,33.224558
2025-11-18 20:00:00+00:00,2025-11-18 15:00:00-05:00,58.029614,71.781234,test,69.559742,69.559742,36.494564
2025-11-18 21:00:00+00:00,2025-11-18 16:00:00-05:00,71.106076,94.00727,test,58.029614,58.029614,60.717734
2025-11-18 22:00:00+00:00,2025-11-18 17:00:00-05:00,105.500393,126.573964,test,71.106076,71.106076,86.987912
2025-11-18 23:00:00+00:00,2025-11-18 18:00:00-05:00,57.385891,109.603295,test,105.500393,105.500393,130.329954
2025-11-19 00:00:00+00:00,2025-11-18 19:00:00-05:00,77.630719,97.332216,test,57.385891,57.385891,123.299865
2025-11-19 01:00:00+00:00,2025-11-18 20:00:00-05:00,83.501361,90.626371,test,77.630719,77.630719,119.859977
2025-11-19 02:00:00+00:00,2025-11-18 21:00:00-05:00,50.490319,81.734401,test,83.501361,83.501361,108.112255
2025-11-19 03:00:00+00:00,2025-11-18 22:00:00-05:00,57.8406,68.135226,test,50.490319,50.490319,219.918589
2025-11-19 04:00:00+00:00,2025-11-18 23:00:00-05:00,44.388467,65.057127,test,57.8406,57.8406,234.82648
2025-11-19 05:00:00+00:00,2025-11-19 00:00:00-05:00,34.272758,68.715619,test,44.388467,44.388467,162.151793
2025-11-19 06:00:00+00:00,2025-11-19 01:00:00-05:00,36.675347,63.642062,test,34.272758,34.272758,55.672358
2025-11-19 07:00:00+00:00,2025-11-19 02:00:00-05:00,36.088202,54.364696,test,36.675347,36.675347,140.292253
2025-11-19 08:00:00+00:00,2025-11-19 03:00:00-05:00,36.5107,53.626598,test,36.088202,36.088202,73.803749
2025-11-19 09:00:00+00:00,2025-11-19 04:00:00-05:00,43.020927,59.961812,test,36.5107,36.5107,54.707411
2025-11-19 10:00:00+00:00,2025-11-19 05:00:00-05:00,35.882412,72.982506,test,43.020927,43.020927,117.924916
2025-11-19 11:00:00+00:00,2025-11-19 06:00:00-05:00,42.839997,138.633849,test,35.882412,35.882412,640.912972
2025-11-19 12:00:00+00:00,2025-11-19 07:00:00-05:00,331.990938,146.820114,test,42.839997,42.839997,929.538332
2025-11-19 13:00:00+00:00,2025-11-19 08:00:00-05:00,125.091661,87.074458,test,331.990938,331.990938,162.77864
2025-11-19 14:00:00+00:00,2025-11-19 09:00:00-05:00,73.867553,70.783743,test,125.091661,125.091661,110.67099
2025-11-19 15:00:00+00:00,2025-11-19 10:00:00-05:00,55.387889,67.660022,test,73.867553,73.867553,392.630651
2025-11-19 16:00:00+00:00,2025-11-19 11:00:00-05:00,292.722383,62.857622,test,55.387889,55.387889,43.900509
2025-11-19 17:00:00+00:00,2025-11-19 12:00:00-05:00,76.623662,58.524036,test,292.722383,292.722383,323.37165
2025-11-19 18:00:00+00:00,2025-11-19 13:00:00-05:00,55.961383,57.909612,test,76.623662,76.623662,84.935831
2025-11-19 19:00:00+00:00,2025-11-19 14:00:00-05:00,59.406117,56.637203,test,55.961383,55.961383,69.559742
2025-11-19 20:00:00+00:00,2025-11-19 15:00:00-05:00,55.722565,62.277132,test,59.406117,59.406117,58.029614
2025-11-19 21:00:00+00:00,2025-11-19 16:00:00-05:00,93.307179,85.92114,test,55.722565,55.722565,71.106076
2025-11-19 22:00:00+00:00,2025-11-19 17:00:00-05:00,85.82428,116.959919,test,93.307179,93.307179,105.500393
2025-11-19 23:00:00+00:00,2025-11-19 18:00:00-05:00,68.653745,103.05685,test,85.82428,85.82428,57.385891
2025-11-20 00:00:00+00:00,2025-11-19 19:00:00-05:00,52.577583,94.508238,test,68.653745,68.653745,77.630719
2025-11-20 01:00:00+00:00,2025-11-19 20:00:00-05:00,94.13831,88.703147,test,52.577583,52.577583,83.501361
2025-11-20 02:00:00+00:00,2025-11-19 21:00:00-05:00,71.866656,76.338963,test,94.13831,94.13831,50.490319
2025-11-20 03:00:00+00:00,2025-11-19 22:00:00-05:00,71.449371,67.943586,test,71.866656,71.866656,57.8406
2025-11-20 04:00:00+00:00,2025-11-19 23:00:00-05:00,41.848303,62.525985,test,71.449371,71.449371,44.388467
2025-11-20 05:00:00+00:00,2025-11-20 00:00:00-05:00,45.302369,65.193671,test,41.848303,41.848303,34.272758
2025-11-20 06:00:00+00:00,2025-11-20 01:00:00-05:00,41.319183,55.145921,test,45.302369,45.302369,36.675347
2025-11-20 07:00:00+00:00,2025-11-20 02:00:00-05:00,38.749849,50.095659,test,41.319183,41.319183,36.088202
2025-11-20 08:00:00+00:00,2025-11-20 03:00:00-05:00,38.65565,51.592444,test,38.749849,38.749849,36.5107
2025-11-20 09:00:00+00:00,2025-11-20 04:00:00-05:00,39.753303,54.750807,test,38.65565,38.65565,43.020927
2025-11-20 10:00:00+00:00,2025-11-20 05:00:00-05:00,32.998319,68.156309,test,39.753303,39.753303,35.882412
2025-11-20 11:00:00+00:00,2025-11-20 06:00:00-05:00,49.1337,148.3721,test,32.998319,32.998319,42.839997
2025-11-20 12:00:00+00:00,2025-11-20 07:00:00-05:00,150.22596,175.564261,test,49.1337,49.1337,331.990938
2025-11-20 13:00:00+00:00,2025-11-20 08:00:00-05:00,103.076688,103.828429,test,150.22596,150.22596,125.091661
2025-11-20 14:00:00+00:00,2025-11-20 09:00:00-05:00,246.581787,94.745433,test,103.076688,103.076688,73.867553
2025-11-20 15:00:00+00:00,2025-11-20 10:00:00-05:00,385.309398,90.179758,test,246.581787,246.581787,55.387889
2025-11-20 16:00:00+00:00,2025-11-20 11:00:00-05:00,116.980257,76.959138,test,385.309398,385.309398,292.722383
2025-11-20 17:00:00+00:00,2025-11-20 12:00:00-05:00,90.568622,73.927115,test,116.980257,116.980257,76.623662
2025-11-20 18:00:00+00:00,2025-11-20 13:00:00-05:00,100.849237,71.440521,test,90.568622,90.568622,55.961383
2025-11-20 19:00:00+00:00,2025-11-20 14:00:00-05:00,131.176353,70.276256,test,100.849237,100.849237,59.406117
2025-11-20 20:00:00+00:00,2025-11-20 15:00:00-05:00,70.420173,74.32347,test,131.176353,131.176353,55.722565
2025-11-20 21:00:00+00:00,2025-11-20 16:00:00-05:00,172.742638,78.276183,test,70.420173,70.420173,93.307179
2025-11-20 22:00:00+00:00,2025-11-20 17:00:00-05:00,105.643135,96.31289,test,172.742638,172.742638,85.82428
2025-11-20 23:00:00+00:00,2025-11-20 18:00:00-05:00,53.559045,82.165014,test,105.643135,105.643135,68.653745
2025-11-21 00:00:00+00:00,2025-11-20 19:00:00-05:00,69.927363,71.723904,test,53.559045,53.559045,52.577583
2025-11-21 01:00:00+00:00,2025-11-20 20:00:00-05:00,68.553928,65.332605,test,69.927363,69.927363,94.13831
2025-11-21 02:00:00+00:00,2025-11-20 21:00:00-05:00,57.410889,61.557023,test,68.553928,68.553928,71.866656
2025-11-21 03:00:00+00:00,2025-11-20 22:00:00-05:00,58.207527,56.947417,test,57.410889,57.410889,71.449371
2025-11-21 04:00:00+00:00,2025-11-20 23:00:00-05:00,37.262485,55.109661,test,58.207527,58.207527,41.848303
2025-11-21 05:00:00+00:00,2025-11-21 00:00:00-05:00,37.222972,49.218894,test,37.262485,37.262485,45.302369
2025-11-21 06:00:00+00:00,2025-11-21 01:00:00-05:00,36.884749,44.729955,test,37.222972,37.222972,41.319183
2025-11-21 07:00:00+00:00,2025-11-21 02:00:00-05:00,34.356464,39.567285,test,36.884749,36.884749,38.749849
2025-11-21 08:00:00+00:00,2025-11-21 03:00:00-05:00,35.250938,41.802358,test,34.356464,34.356464,38.65565
2025-11-21 09:00:00+00:00,2025-11-21 04:00:00-05:00,41.137672,46.648145,test,35.250938,35.250938,39.753303
2025-11-21 10:00:00+00:00,2025-11-21 05:00:00-05:00,41.248726,48.648022,test,41.137672,41.137672,32.998319
2025-11-21 11:00:00+00:00,2025-11-21 06:00:00-05:00,51.275328,86.454108,test,41.248726,41.248726,49.1337
2025-11-21 12:00:00+00:00,2025-11-21 07:00:00-05:00,55.628294,98.337559,test,51.275328,51.275328,150.22596
2025-11-21 13:00:00+00:00,2025-11-21 08:00:00-05:00,68.545921,86.633659,test,55.628294,55.628294,103.076688
2025-11-21 14:00:00+00:00,2025-11-21 09:00:00-05:00,55.977179,91.277087,test,68.545921,68.545921,246.581787
2025-11-21 15:00:00+00:00,2025-11-21 10:00:00-05:00,89.641793,90.070946,test,55.977179,55.977179,385.309398
2025-11-21 16:00:00+00:00,2025-11-21 11:00:00-05:00,42.859144,83.551595,test,89.641793,89.641793,116.980257
2025-11-21 17:00:00+00:00,2025-11-21 12:00:00-05:00,46.641908,79.741719,test,42.859144,42.859144,90.568622
2025-11-21 18:00:00+00:00,2025-11-21 13:00:00-05:00,62.894481,67.220792,test,46.641908,46.641908,100.849237
2025-11-21 19:00:00+00:00,2025-11-21 14:00:00-05:00,55.594172,69.69799,test,62.894481,62.894481,131.176353
2025-11-21 20:00:00+00:00,2025-11-21 15:00:00-05:00,54.737179,64.02,test,55.594172,55.594172,70.420173
2025-11-21 21:00:00+00:00,2025-11-21 16:00:00-05:00,55.253337,70.111039,test,54.737179,54.737179,172.742638
2025-11-21 22:00:00+00:00,2025-11-21 17:00:00-05:00,84.815746,77.577846,test,55.253337,55.253337,105.643135
2025-11-21 23:00:00+00:00,2025-11-21 18:00:00-05:00,47.410804,66.275867,test,84.815746,84.815746,53.559045
2025-11-22 00:00:00+00:00,2025-11-21 19:00:00-05:00,43.168514,59.33982,test,47.410804,47.410804,69.927363
2025-11-22 01:00:00+00:00,2025-11-21 20:00:00-05:00,50.50563,57.819314,test,43.168514,43.168514,68.553928
2025-11-22 02:00:00+00:00,2025-11-21 21:00:00-05:00,54.583766,50.977138,test,50.50563,50.50563,57.410889
2025-11-22 03:00:00+00:00,2025-11-21 22:00:00-05:00,40.048128,48.111411,test,54.583766,54.583766,58.207527
2025-11-22 04:00:00+00:00,2025-11-21 23:00:00-05:00,33.625414,42.188103,test,40.048128,40.048128,37.262485
2025-11-22 05:00:00+00:00,2025-11-22 00:00:00-05:00,32.489798,41.532038,test,33.625414,33.625414,37.222972
2025-11-22 06:00:00+00:00,2025-11-22 01:00:00-05:00,33.08222,38.989805,test,32.489798,32.489798,36.884749
2025-11-22 07:00:00+00:00,2025-11-22 02:00:00-05:00,29.029511,34.981776,test,33.08222,33.08222,34.356464
2025-11-22 08:00:00+00:00,2025-11-22 03:00:00-05:00,29.208748,34.377119,test,29.029511,29.029511,35.250938
2025-11-22 09:00:00+00:00,2025-11-22 04:00:00-05:00,30.01652,35.846036,test,29.208748,29.208748,41.137672
2025-11-22 10:00:00+00:00,2025-11-22 05:00:00-05:00,33.803483,37.465968,test,30.01652,30.01652,41.248726
2025-11-22 11:00:00+00:00,2025-11-22 06:00:00-05:00,42.72319,41.679972,test,33.803483,33.803483,51.275328
2025-11-22 12:00:00+00:00,2025-11-22 07:00:00-05:00,39.537162,45.180834,test,42.72319,42.72319,55.628294
2025-11-22 13:00:00+00:00,2025-11-22 08:00:00-05:00,37.117389,48.348194,test,39.537162,39.537162,68.545921
2025-11-22 14:00:00+00:00,2025-11-22 09:00:00-05:00,42.992616,48.701944,test,37.117389,37.117389,55.977179
2025-11-22 15:00:00+00:00,2025-11-22 10:00:00-05:00,42.515264,47.763547,test,42.992616,42.992616,89.641793
2025-11-22 16:00:00+00:00,2025-11-22 11:00:00-05:00,36.33459,44.138095,test,42.515264,42.515264,42.859144
2025-11-22 17:00:00+00:00,2025-11-22 12:00:00-05:00,35.835776,42.57224,test,36.33459,36.33459,46.641908
2025-11-22 18:00:00+00:00,2025-11-22 13:00:00-05:00,30.404823,40.670061,test,35.835776,35.835776,62.894481
2025-11-22 19:00:00+00:00,2025-11-22 14:00:00-05:00,28.523601,40.30599,test,30.404823,30.404823,55.594172
2025-11-22 20:00:00+00:00,2025-11-22 15:00:00-05:00,31.200784,42.920438,test,28.523601,28.523601,54.737179
2025-11-22 21:00:00+00:00,2025-11-22 16:00:00-05:00,39.799808,57.805678,test,31.200784,31.200784,55.253337
2025-11-22 22:00:00+00:00,2025-11-22 17:00:00-05:00,44.551443,67.944649,test,39.799808,39.799808,84.815746
2025-11-22 23:00:00+00:00,2025-11-22 18:00:00-05:00,37.937432,58.364362,test,44.551443,44.551443,47.410804
2025-11-23 00:00:00+00:00,2025-11-22 19:00:00-05:00,37.177758,57.105244,test,37.937432,37.937432,43.168514
2025-11-23 01:00:00+00:00,2025-11-22 20:00:00-05:00,39.416686,56.982849,test,37.177758,37.177758,50.50563
2025-11-23 02:00:00+00:00,2025-11-22 21:00:00-05:00,31.550644,50.911194,test,39.416686,39.416686,54.583766
2025-11-23 03:00:00+00:00,2025-11-22 22:00:00-05:00,28.426215,45.513848,test,31.550644,31.550644,40.048128
2025-11-23 04:00:00+00:00,2025-11-22 23:00:00-05:00,27.776132,41.544626,test,28.426215,28.426215,33.625414
2025-11-23 05:00:00+00:00,2025-11-23 00:00:00-05:00,29.025228,35.881219,test,27.776132,27.776132,32.489798
2025-11-23 06:00:00+00:00,2025-11-23 01:00:00-05:00,29.502235,33.624929,test,29.025228,29.025228,33.08222
2025-11-23 07:00:00+00:00,2025-11-23 02:00:00-05:00,29.417513,31.971656,test,29.502235,29.502235,29.029511
2025-11-23 08:00:00+00:00,2025-11-23 03:00:00-05:00,32.400705,31.607343,test,29.417513,29.417513,29.208748
2025-11-23 09:00:00+00:00,2025-11-23 04:00:00-05:00,32.871778,32.962772,test,32.400705,32.400705,30.01652
2025-11-23 10:00:00+00:00,2025-11-23 05:00:00-05:00,36.780924,33.812035,test,32.871778,32.871778,33.803483
2025-11-23 11:00:00+00:00,2025-11-23 06:00:00-05:00,51.558929,39.116545,test,36.780924,36.780924,42.72319
2025-11-23 12:00:00+00:00,2025-11-23 07:00:00-05:00,33.644672,44.326742,test,51.558929,51.558929,39.537162
2025-11-23 13:00:00+00:00,2025-11-23 08:00:00-05:00,29.670987,36.854616,test,33.644672,33.644672,37.117389
2025-11-23 14:00:00+00:00,2025-11-23 09:00:00-05:00,25.986626,33.355173,test,29.670987,29.670987,42.992616
2025-11-23 15:00:00+00:00,2025-11-23 10:00:00-05:00,26.769122,34.263333,test,25.986626,25.986626,42.515264
2025-11-23 16:00:00+00:00,2025-11-23 11:00:00-05:00,26.894031,34.914259,test,26.769122,26.769122,36.33459
2025-11-23 17:00:00+00:00,2025-11-23 12:00:00-05:00,27.117352,33.53891,test,26.894031,26.894031,35.835776
2025-11-23 18:00:00+00:00,2025-11-23 13:00:00-05:00,25.923472,32.383165,test,27.117352,27.117352,30.404823
2025-11-23 19:00:00+00:00,2025-11-23 14:00:00-05:00,25.573609,32.096927,test,25.923472,25.923472,28.523601
2025-11-23 20:00:00+00:00,2025-11-23 15:00:00-05:00,28.082886,34.026768,test,25.573609,25.573609,31.200784
2025-11-23 21:00:00+00:00,2025-11-23 16:00:00-05:00,37.295833,49.767498,test,28.082886,28.082886,39.799808
2025-11-23 22:00:00+00:00,2025-11-23 17:00:00-05:00,55.656322,65.891487,test,37.295833,37.295833,44.551443
2025-11-23 23:00:00+00:00,2025-11-23 18:00:00-05:00,35.274652,56.70915,test,55.656322,55.656322,37.937432
2025-11-24 00:00:00+00:00,2025-11-23 19:00:00-05:00,36.229829,54.650316,test,35.274652,35.274652,37.177758
2025-11-24 01:00:00+00:00,2025-11-23 20:00:00-05:00,39.082491,53.388685,test,36.229829,36.229829,39.416686
2025-11-24 02:00:00+00:00,2025-11-23 21:00:00-05:00,37.595201,48.312367,test,39.082491,39.082491,31.550644
2025-11-24 03:00:00+00:00,2025-11-23 22:00:00-05:00,33.167185,43.708219,test,37.595201,37.595201,28.426215
2025-11-24 04:00:00+00:00,2025-11-23 23:00:00-05:00,39.868183,39.065218,test,33.167185,33.167185,27.776132
2025-11-24 05:00:00+00:00,2025-11-24 00:00:00-05:00,31.38584,38.627328,test,39.868183,39.868183,29.025228
2025-11-24 06:00:00+00:00,2025-11-24 01:00:00-05:00,33.21865,38.580143,test,31.38584,31.38584,29.502235
2025-11-24 07:00:00+00:00,2025-11-24 02:00:00-05:00,34.592049,38.12794,test,33.21865,33.21865,29.417513
2025-11-24 08:00:00+00:00,2025-11-24 03:00:00-05:00,32.41836,39.28558,test,34.592049,34.592049,32.400705
2025-11-24 09:00:00+00:00,2025-11-24 04:00:00-05:00,29.551239,39.8587,test,32.41836,32.41836,32.871778
2025-11-24 10:00:00+00:00,2025-11-24 05:00:00-05:00,37.704486,52.896357,test,29.551239,29.551239,36.780924
2025-11-24 11:00:00+00:00,2025-11-24 06:00:00-05:00,42.426988,88.084554,test,37.704486,37.704486,51.558929
2025-11-24 12:00:00+00:00,2025-11-24 07:00:00-05:00,46.435104,101.433531,test,42.426988,42.426988,33.644672
2025-11-24 13:00:00+00:00,2025-11-24 08:00:00-05:00,32.735114,47.977444,test,46.435104,46.435104,29.670987
2025-11-24 14:00:00+00:00,2025-11-24 09:00:00-05:00,28.148567,37.973759,test,32.735114,32.735114,25.986626
2025-11-24 15:00:00+00:00,2025-11-24 10:00:00-05:00,33.46365,37.580296,test,28.148567,28.148567,26.769122
2025-11-24 16:00:00+00:00,2025-11-24 11:00:00-05:00,32.402593,37.892005,test,33.46365,33.46365,26.894031
2025-11-24 17:00:00+00:00,2025-11-24 12:00:00-05:00,31.762134,37.625482,test,32.402593,32.402593,27.117352
2025-11-24 18:00:00+00:00,2025-11-24 13:00:00-05:00,32.868698,38.114379,test,31.762134,31.762134,25.923472
2025-11-24 19:00:00+00:00,2025-11-24 14:00:00-05:00,34.704951,39.410383,test,32.868698,32.868698,25.573609
2025-11-24 20:00:00+00:00,2025-11-24 15:00:00-05:00,44.795174,40.342888,test,34.704951,34.704951,28.082886
2025-11-24 21:00:00+00:00,2025-11-24 16:00:00-05:00,43.963612,55.0,test,44.795174,44.795174,37.295833
2025-11-24 22:00:00+00:00,2025-11-24 17:00:00-05:00,37.892826,69.152469,test,43.963612,43.963612,55.656322
2025-11-24 23:00:00+00:00,2025-11-24 18:00:00-05:00,36.792821,64.066805,test,37.892826,37.892826,35.274652
2025-11-25 00:00:00+00:00,2025-11-24 19:00:00-05:00,37.327111,54.674649,test,36.792821,36.792821,36.229829
2025-11-25 01:00:00+00:00,2025-11-24 20:00:00-05:00,38.712689,53.54565,test,37.327111,37.327111,39.082491
2025-11-25 02:00:00+00:00,2025-11-24 21:00:00-05:00,35.292447,48.008312,test,38.712689,38.712689,37.595201
2025-11-25 03:00:00+00:00,2025-11-24 22:00:00-05:00,30.976965,47.125404,test,35.292447,35.292447,33.167185
2025-11-25 04:00:00+00:00,2025-11-24 23:00:00-05:00,32.739557,42.305607,test,30.976965,30.976965,39.868183
2025-11-25 05:00:00+00:00,2025-11-25 00:00:00-05:00,36.35181,36.662728,test,32.739557,32.739557,31.38584
2025-11-25 06:00:00+00:00,2025-11-25 01:00:00-05:00,34.748498,34.821331,test,36.35181,36.35181,33.21865
2025-11-25 07:00:00+00:00,2025-11-25 02:00:00-05:00,31.020559,34.481884,test,34.748498,34.748498,34.592049
2025-11-25 08:00:00+00:00,2025-11-25 03:00:00-05:00,30.614084,35.115753,test,31.020559,31.020559,32.41836
2025-11-25 09:00:00+00:00,2025-11-25 04:00:00-05:00,30.494411,36.585268,test,30.614084,30.614084,29.551239
2025-11-25 10:00:00+00:00,2025-11-25 05:00:00-05:00,38.619687,40.18141,test,30.494411,30.494411,37.704486
2025-11-25 11:00:00+00:00,2025-11-25 06:00:00-05:00,103.109129,54.900637,test,38.619687,38.619687,42.426988
2025-11-25 12:00:00+00:00,2025-11-25 07:00:00-05:00,39.009074,60.125123,test,103.109129,103.109129,46.435104
2025-11-25 13:00:00+00:00,2025-11-25 08:00:00-05:00,36.988537,53.589056,test,39.009074,39.009074,32.735114
2025-11-25 14:00:00+00:00,2025-11-25 09:00:00-05:00,39.802298,51.406371,test,36.988537,36.988537,28.148567
2025-11-25 15:00:00+00:00,2025-11-25 10:00:00-05:00,39.265554,52.824526,test,39.802298,39.802298,33.46365
2025-11-25 16:00:00+00:00,2025-11-25 11:00:00-05:00,134.997632,52.030605,test,39.265554,39.265554,32.402593
2025-11-25 17:00:00+00:00,2025-11-25 12:00:00-05:00,41.17212,50.247464,test,134.997632,134.997632,31.762134
2025-11-25 18:00:00+00:00,2025-11-25 13:00:00-05:00,52.101692,49.119607,test,41.17212,41.17212,32.868698
2025-11-25 19:00:00+00:00,2025-11-25 14:00:00-05:00,43.150376,44.841546,test,52.101692,52.101692,34.704951
2025-11-25 20:00:00+00:00,2025-11-25 15:00:00-05:00,45.006577,46.529994,test,43.150376,43.150376,44.795174
2025-11-25 21:00:00+00:00,2025-11-25 16:00:00-05:00,38.343404,53.95904,test,45.006577,45.006577,43.963612
2025-11-25 22:00:00+00:00,2025-11-25 17:00:00-05:00,38.763419,60.035606,test,38.343404,38.343404,37.892826
2025-11-25 23:00:00+00:00,2025-11-25 18:00:00-05:00,44.832794,50.950633,test,38.763419,38.763419,36.792821
2025-11-26 00:00:00+00:00,2025-11-25 19:00:00-05:00,39.897561,48.908323,test,44.832794,44.832794,37.327111
2025-11-26 01:00:00+00:00,2025-11-25 20:00:00-05:00,40.750545,44.581644,test,39.897561,39.897561,38.712689
2025-11-26 02:00:00+00:00,2025-11-25 21:00:00-05:00,41.09762,40.002497,test,40.750545,40.750545,35.292447
2025-11-26 03:00:00+00:00,2025-11-25 22:00:00-05:00,30.488713,35.349619,test,41.09762,41.09762,30.976965
2025-11-26 04:00:00+00:00,2025-11-25 23:00:00-05:00,27.379962,31.998253,test,30.488713,30.488713,32.739557
2025-11-26 05:00:00+00:00,2025-11-26 00:00:00-05:00,25.087795,30.0088,test,27.379962,27.379962,36.35181
2025-11-26 06:00:00+00:00,2025-11-26 01:00:00-05:00,27.431418,28.903457,test,25.087795,25.087795,34.748498
2025-11-26 07:00:00+00:00,2025-11-26 02:00:00-05:00,25.156474,27.987011,test,27.431418,27.431418,31.020559
2025-11-26 08:00:00+00:00,2025-11-26 03:00:00-05:00,22.025173,28.00129,test,25.156474,25.156474,30.614084
2025-11-26 09:00:00+00:00,2025-11-26 04:00:00-05:00,26.19313,28.464253,test,22.025173,22.025173,30.494411
2025-11-26 10:00:00+00:00,2025-11-26 05:00:00-05:00,26.105253,30.036843,test,26.19313,26.19313,38.619687
2025-11-26 11:00:00+00:00,2025-11-26 06:00:00-05:00,29.0207,39.590877,test,26.105253,26.105253,103.109129
2025-11-26 12:00:00+00:00,2025-11-26 07:00:00-05:00,39.806366,40.190093,test,29.0207,29.0207,39.009074
2025-11-26 13:00:00+00:00,2025-11-26 08:00:00-05:00,36.14752,35.638674,test,39.806366,39.806366,36.988537
2025-11-26 14:00:00+00:00,2025-11-26 09:00:00-05:00,35.272101,34.33241,test,36.14752,36.14752,39.802298
2025-11-26 15:00:00+00:00,2025-11-26 10:00:00-05:00,40.846542,35.659588,test,35.272101,35.272101,39.265554
2025-11-26 16:00:00+00:00,2025-11-26 11:00:00-05:00,37.88239,36.057474,test,40.846542,40.846542,134.997632
2025-11-26 17:00:00+00:00,2025-11-26 12:00:00-05:00,28.989613,34.699097,test,37.88239,37.88239,41.17212
2025-11-26 18:00:00+00:00,2025-11-26 13:00:00-05:00,30.992739,35.371915,test,28.989613,28.989613,52.101692
2025-11-26 19:00:00+00:00,2025-11-26 14:00:00-05:00,30.777024,32.658853,test,30.992739,30.992739,43.150376
2025-11-26 20:00:00+00:00,2025-11-26 15:00:00-05:00,33.23031,35.189589,test,30.777024,30.777024,45.006577
2025-11-26 21:00:00+00:00,2025-11-26 16:00:00-05:00,36.195849,39.896809,test,33.23031,33.23031,38.343404
2025-11-26 22:00:00+00:00,2025-11-26 17:00:00-05:00,33.991806,44.547163,test,36.195849,36.195849,38.763419
2025-11-26 23:00:00+00:00,2025-11-26 18:00:00-05:00,30.995797,43.025079,test,33.991806,33.991806,44.832794
2025-11-27 00:00:00+00:00,2025-11-26 19:00:00-05:00,30.805343,41.38288,test,30.995797,30.995797,39.897561
2025-11-27 01:00:00+00:00,2025-11-26 20:00:00-05:00,29.233765,40.978868,test,30.805343,30.805343,40.750545
2025-11-27 02:00:00+00:00,2025-11-26 21:00:00-05:00,29.819884,37.417315,test,29.233765,29.233765,41.09762
2025-11-27 03:00:00+00:00,2025-11-26 22:00:00-05:00,28.545589,34.379045,test,29.819884,29.819884,30.488713
2025-11-27 04:00:00+00:00,2025-11-26 23:00:00-05:00,27.51004,33.649836,test,28.545589,28.545589,27.379962
2025-11-27 05:00:00+00:00,2025-11-27 00:00:00-05:00,27.049269,31.747278,test,27.51004,27.51004,25.087795
2025-11-27 06:00:00+00:00,2025-11-27 01:00:00-05:00,26.420513,31.208603,test,27.049269,27.049269,27.431418
2025-11-27 07:00:00+00:00,2025-11-27 02:00:00-05:00,26.157669,30.61132,test,26.420513,26.420513,25.156474
2025-11-27 08:00:00+00:00,2025-11-27 03:00:00-05:00,26.751107,30.960672,test,26.157669,26.157669,22.025173
2025-11-27 09:00:00+00:00,2025-11-27 04:00:00-05:00,26.133803,31.276621,test,26.751107,26.751107,26.19313
2025-11-27 10:00:00+00:00,2025-11-27 05:00:00-05:00,26.93112,31.623047,test,26.133803,26.133803,26.105253
2025-11-27 11:00:00+00:00,2025-11-27 06:00:00-05:00,30.150257,35.494606,test,26.93112,26.93112,29.0207
2025-11-27 12:00:00+00:00,2025-11-27 07:00:00-05:00,32.210956,41.445576,test,30.150257,30.150257,39.806366
2025-11-27 13:00:00+00:00,2025-11-27 08:00:00-05:00,28.45232,34.278665,test,32.210956,32.210956,36.14752
2025-11-27 14:00:00+00:00,2025-11-27 09:00:00-05:00,29.210003,34.109073,test,28.45232,28.45232,35.272101
2025-11-27 15:00:00+00:00,2025-11-27 10:00:00-05:00,31.154122,33.457972,test,29.210003,29.210003,40.846542
2025-11-27 16:00:00+00:00,2025-11-27 11:00:00-05:00,30.529988,32.318847,test,31.154122,31.154122,37.88239
2025-11-27 17:00:00+00:00,2025-11-27 12:00:00-05:00,30.433311,31.684341,test,30.529988,30.529988,28.989613
2025-11-27 18:00:00+00:00,2025-11-27 13:00:00-05:00,30.706662,30.994867,test,30.433311,30.433311,30.992739
2025-11-27 19:00:00+00:00,2025-11-27 14:00:00-05:00,29.458948,31.466341,test,30.706662,30.706662,30.777024
2025-11-27 20:00:00+00:00,2025-11-27 15:00:00-05:00,30.008182,32.604445,test,29.458948,29.458948,33.23031
2025-11-27 21:00:00+00:00,2025-11-27 16:00:00-05:00,32.396732,44.41156,test,30.008182,30.008182,36.195849
2025-11-27 22:00:00+00:00,2025-11-27 17:00:00-05:00,34.267949,51.254867,test,32.396732,32.396732,33.991806
2025-11-27 23:00:00+00:00,2025-11-27 18:00:00-05:00,33.757848,50.772433,test,34.267949,34.267949,30.995797
2025-11-28 00:00:00+00:00,2025-11-27 19:00:00-05:00,32.652869,51.730001,test,33.757848,33.757848,30.805343
2025-11-28 01:00:00+00:00,2025-11-27 20:00:00-05:00,30.771556,51.755702,test,32.652869,32.652869,29.233765
2025-11-28 02:00:00+00:00,2025-11-27 21:00:00-05:00,33.004675,50.595719,test,30.771556,30.771556,29.819884
2025-11-28 03:00:00+00:00,2025-11-27 22:00:00-05:00,31.258525,49.720394,test,33.004675,33.004675,28.545589
2025-11-28 04:00:00+00:00,2025-11-27 23:00:00-05:00,30.700184,42.204365,test,31.258525,31.258525,27.51004
2025-11-28 05:00:00+00:00,2025-11-28 00:00:00-05:00,30.009059,39.146722,test,30.700184,30.700184,27.049269
2025-11-28 06:00:00+00:00,2025-11-28 01:00:00-05:00,32.585926,39.218776,test,30.009059,30.009059,26.420513
2025-11-28 07:00:00+00:00,2025-11-28 02:00:00-05:00,30.209468,39.346172,test,32.585926,32.585926,26.157669
2025-11-28 08:00:00+00:00,2025-11-28 03:00:00-05:00,33.939334,39.669733,test,30.209468,30.209468,26.751107
2025-11-28 09:00:00+00:00,2025-11-28 04:00:00-05:00,35.71512,43.792869,test,33.939334,33.939334,26.133803
2025-11-28 10:00:00+00:00,2025-11-28 05:00:00-05:00,43.746237,51.492534,test,35.71512,35.71512,26.93112
2025-11-28 11:00:00+00:00,2025-11-28 06:00:00-05:00,38.973572,55.39903,test,43.746237,43.746237,30.150257
2025-11-28 12:00:00+00:00,2025-11-28 07:00:00-05:00,52.780749,73.170719,test,38.973572,38.973572,32.210956
2025-11-28 13:00:00+00:00,2025-11-28 08:00:00-05:00,34.520332,46.055924,test,52.780749,52.780749,28.45232
2025-11-28 14:00:00+00:00,2025-11-28 09:00:00-05:00,29.823345,39.461186,test,34.520332,34.520332,29.210003
2025-11-28 15:00:00+00:00,2025-11-28 10:00:00-05:00,30.283999,39.723039,test,29.823345,29.823345,31.154122
2025-11-28 16:00:00+00:00,2025-11-28 11:00:00-05:00,35.816119,39.870973,test,30.283999,30.283999,30.529988
2025-11-28 17:00:00+00:00,2025-11-28 12:00:00-05:00,34.60371,38.395942,test,35.816119,35.816119,30.433311
2025-11-28 18:00:00+00:00,2025-11-28 13:00:00-05:00,35.429354,38.170112,test,34.60371,34.60371,30.706662
2025-11-28 19:00:00+00:00,2025-11-28 14:00:00-05:00,32.914334,37.209177,test,35.429354,35.429354,29.458948
2025-11-28 20:00:00+00:00,2025-11-28 15:00:00-05:00,32.372073,41.510608,test,32.914334,32.914334,30.008182
2025-11-28 21:00:00+00:00,2025-11-28 16:00:00-05:00,86.618567,60.091048,test,32.372073,32.372073,32.396732
2025-11-28 22:00:00+00:00,2025-11-28 17:00:00-05:00,44.295716,77.230824,test,86.618567,86.618567,34.267949
2025-11-28 23:00:00+00:00,2025-11-28 18:00:00-05:00,43.340032,78.131371,test,44.295716,44.295716,33.757848
2025-11-29 00:00:00+00:00,2025-11-28 19:00:00-05:00,46.099096,78.436913,test,43.340032,43.340032,32.652869
2025-11-29 01:00:00+00:00,2025-11-28 20:00:00-05:00,71.851112,75.55491,test,46.099096,46.099096,30.771556
2025-11-29 02:00:00+00:00,2025-11-28 21:00:00-05:00,70.369107,77.081967,test,71.851112,71.851112,33.004675
2025-11-29 03:00:00+00:00,2025-11-28 22:00:00-05:00,43.813026,88.59,test,70.369107,70.369107,31.258525
2025-11-29 04:00:00+00:00,2025-11-28 23:00:00-05:00,56.559538,72.019999,test,43.813026,43.813026,30.700184
2025-11-29 05:00:00+00:00,2025-11-29 00:00:00-05:00,36.214796,80.658451,test,56.559538,56.559538,30.009059
2025-11-29 06:00:00+00:00,2025-11-29 01:00:00-05:00,39.044822,79.936914,test,36.214796,36.214796,32.585926
2025-11-29 07:00:00+00:00,2025-11-29 02:00:00-05:00,41.015185,77.133589,test,39.044822,39.044822,30.209468
2025-11-29 08:00:00+00:00,2025-11-29 03:00:00-05:00,41.013505,86.226737,test,41.015185,41.015185,33.939334
2025-11-29 09:00:00+00:00,2025-11-29 04:00:00-05:00,39.224341,88.988268,test,41.013505,41.013505,35.71512
2025-11-29 10:00:00+00:00,2025-11-29 05:00:00-05:00,33.710176,91.148589,test,39.224341,39.224341,43.746237
2025-11-29 11:00:00+00:00,2025-11-29 06:00:00-05:00,33.886462,105.511163,test,33.710176,33.710176,38.973572
2025-11-29 12:00:00+00:00,2025-11-29 07:00:00-05:00,45.892876,113.235682,test,33.886462,33.886462,52.780749
2025-11-29 13:00:00+00:00,2025-11-29 08:00:00-05:00,38.001435,66.03538,test,45.892876,45.892876,34.520332
2025-11-29 14:00:00+00:00,2025-11-29 09:00:00-05:00,33.125441,43.472544,test,38.001435,38.001435,29.823345
2025-11-29 15:00:00+00:00,2025-11-29 10:00:00-05:00,39.172488,43.125475,test,33.125441,33.125441,30.283999
2025-11-29 16:00:00+00:00,2025-11-29 11:00:00-05:00,36.071709,39.646262,test,39.172488,39.172488,35.816119
2025-11-29 17:00:00+00:00,2025-11-29 12:00:00-05:00,32.964092,38.484846,test,36.071709,36.071709,34.60371
2025-11-29 18:00:00+00:00,2025-11-29 13:00:00-05:00,33.137896,36.424619,test,32.964092,32.964092,35.429354
2025-11-29 19:00:00+00:00,2025-11-29 14:00:00-05:00,36.695369,34.436614,test,33.137896,33.137896,32.914334
2025-11-29 20:00:00+00:00,2025-11-29 15:00:00-05:00,37.143574,39.532481,test,36.695369,36.695369,32.372073
2025-11-29 21:00:00+00:00,2025-11-29 16:00:00-05:00,41.004131,50.804488,test,37.143574,37.143574,86.618567
2025-11-29 22:00:00+00:00,2025-11-29 17:00:00-05:00,36.985893,62.768491,test,41.004131,41.004131,44.295716
2025-11-29 23:00:00+00:00,2025-11-29 18:00:00-05:00,37.262142,61.800699,test,36.985893,36.985893,43.340032
2025-11-30 00:00:00+00:00,2025-11-29 19:00:00-05:00,40.476567,65.144487,test,37.262142,37.262142,46.099096
2025-11-30 01:00:00+00:00,2025-11-29 20:00:00-05:00,39.698493,58.115378,test,40.476567,40.476567,71.851112
2025-11-30 02:00:00+00:00,2025-11-29 21:00:00-05:00,58.33147,53.363902,test,39.698493,39.698493,70.369107
2025-11-30 03:00:00+00:00,2025-11-29 22:00:00-05:00,35.016796,49.523277,test,58.33147,58.33147,43.813026
2025-11-30 04:00:00+00:00,2025-11-29 23:00:00-05:00,36.409469,48.454381,test,35.016796,35.016796,56.559538
2025-11-30 05:00:00+00:00,2025-11-30 00:00:00-05:00,29.927115,44.0,test,36.409469,36.409469,36.214796
2025-11-30 06:00:00+00:00,2025-11-30 01:00:00-05:00,28.011897,41.942301,test,29.927115,29.927115,39.044822
2025-11-30 07:00:00+00:00,2025-11-30 02:00:00-05:00,30.193005,39.814334,test,28.011897,28.011897,41.015185
2025-11-30 08:00:00+00:00,2025-11-30 03:00:00-05:00,40.755583,36.151115,test,30.193005,30.193005,41.013505
2025-11-30 09:00:00+00:00,2025-11-30 04:00:00-05:00,28.386209,35.622238,test,40.755583,40.755583,39.224341
2025-11-30 10:00:00+00:00,2025-11-30 05:00:00-05:00,28.571886,38.802148,test,28.386209,28.386209,33.710176
2025-11-30 11:00:00+00:00,2025-11-30 06:00:00-05:00,29.398704,44.107021,test,28.571886,28.571886,33.886462
2025-11-30 12:00:00+00:00,2025-11-30 07:00:00-05:00,38.038121,47.800505,test,29.398704,29.398704,45.892876
2025-11-30 13:00:00+00:00,2025-11-30 08:00:00-05:00,42.17548,46.420253,test,38.038121,38.038121,38.001435
2025-11-30 14:00:00+00:00,2025-11-30 09:00:00-05:00,42.92671,49.961906,test,42.17548,42.17548,33.125441
2025-11-30 15:00:00+00:00,2025-11-30 10:00:00-05:00,42.406544,48.634519,test,42.92671,42.92671,39.172488
2025-11-30 16:00:00+00:00,2025-11-30 11:00:00-05:00,38.090955,46.79357,test,42.406544,42.406544,36.071709
2025-11-30 17:00:00+00:00,2025-11-30 12:00:00-05:00,89.534938,44.953623,test,38.090955,38.090955,32.964092
2025-11-30 18:00:00+00:00,2025-11-30 13:00:00-05:00,38.529754,41.927782,test,89.534938,89.534938,33.137896
2025-11-30 19:00:00+00:00,2025-11-30 14:00:00-05:00,36.972972,42.843907,test,38.529754,38.529754,36.695369
2025-11-30 20:00:00+00:00,2025-11-30 15:00:00-05:00,39.405592,41.753807,test,36.972972,36.972972,37.143574
2025-11-30 21:00:00+00:00,2025-11-30 16:00:00-05:00,43.861029,54.138326,test,39.405592,39.405592,41.004131
2025-11-30 22:00:00+00:00,2025-11-30 17:00:00-05:00,59.122231,69.628993,test,43.861029,43.861029,36.985893
2025-11-30 23:00:00+00:00,2025-11-30 18:00:00-05:00,46.089641,60.248115,test,59.122231,59.122231,37.262142
2025-12-01 00:00:00+00:00,2025-11-30 19:00:00-05:00,57.694745,60.931324,test,46.089641,46.089641,40.476567
2025-12-01 01:00:00+00:00,2025-11-30 20:00:00-05:00,56.599747,63.220321,test,57.694745,57.694745,39.698493
2025-12-01 02:00:00+00:00,2025-11-30 21:00:00-05:00,60.685964,63.70125,test,56.599747,56.599747,58.33147
2025-12-01 03:00:00+00:00,2025-11-30 22:00:00-05:00,42.408076,49.354377,test,60.685964,60.685964,35.016796
2025-12-01 04:00:00+00:00,2025-11-30 23:00:00-05:00,40.040071,46.837539,test,42.408076,42.408076,36.409469
2025-12-01 05:00:00+00:00,2025-12-01 00:00:00-05:00,34.745123,50.596438,test,40.040071,40.040071,29.927115
2025-12-01 06:00:00+00:00,2025-12-01 01:00:00-05:00,34.975982,50.956274,test,34.745123,34.745123,28.011897
2025-12-01 07:00:00+00:00,2025-12-01 02:00:00-05:00,35.081059,49.10597,test,34.975982,34.975982,30.193005
2025-12-01 08:00:00+00:00,2025-12-01 03:00:00-05:00,35.619443,53.306846,test,35.081059,35.081059,40.755583
2025-12-01 09:00:00+00:00,2025-12-01 04:00:00-05:00,41.72163,53.994368,test,35.619443,35.619443,28.386209
2025-12-01 10:00:00+00:00,2025-12-01 05:00:00-05:00,37.307688,64.306758,test,41.72163,41.72163,28.571886
2025-12-01 11:00:00+00:00,2025-12-01 06:00:00-05:00,94.672752,88.897046,test,37.307688,37.307688,29.398704
2025-12-01 12:00:00+00:00,2025-12-01 07:00:00-05:00,71.430687,136.383314,test,94.672752,94.672752,38.038121
2025-12-01 13:00:00+00:00,2025-12-01 08:00:00-05:00,39.32852,83.06206,test,71.430687,71.430687,42.17548
2025-12-01 14:00:00+00:00,2025-12-01 09:00:00-05:00,34.977232,58.689015,test,39.32852,39.32852,42.92671
2025-12-01 15:00:00+00:00,2025-12-01 10:00:00-05:00,39.62994,64.768231,test,34.977232,34.977232,42.406544
2025-12-01 16:00:00+00:00,2025-12-01 11:00:00-05:00,37.136247,58.313932,test,39.62994,39.62994,38.090955
2025-12-01 17:00:00+00:00,2025-12-01 12:00:00-05:00,37.051943,56.961399,test,37.136247,37.136247,89.534938
2025-12-01 18:00:00+00:00,2025-12-01 13:00:00-05:00,43.5506,54.604267,test,37.051943,37.051943,38.529754
2025-12-01 19:00:00+00:00,2025-12-01 14:00:00-05:00,42.037582,56.699603,test,43.5506,43.5506,36.972972
2025-12-01 20:00:00+00:00,2025-12-01 15:00:00-05:00,44.904127,57.791891,test,42.037582,42.037582,39.405592
2025-12-01 21:00:00+00:00,2025-12-01 16:00:00-05:00,69.787878,78.600481,test,44.904127,44.904127,43.861029
2025-12-01 22:00:00+00:00,2025-12-01 17:00:00-05:00,74.576551,94.696573,test,69.787878,69.787878,59.122231
2025-12-01 23:00:00+00:00,2025-12-01 18:00:00-05:00,86.632264,98.180329,test,74.576551,74.576551,46.089641
2025-12-02 00:00:00+00:00,2025-12-01 19:00:00-05:00,66.202697,91.850799,test,86.632264,86.632264,57.694745
2025-12-02 01:00:00+00:00,2025-12-01 20:00:00-05:00,82.938443,86.655549,test,66.202697,66.202697,56.599747
2025-12-02 02:00:00+00:00,2025-12-01 21:00:00-05:00,78.493531,78.509999,test,82.938443,82.938443,60.685964
2025-12-02 03:00:00+00:00,2025-12-01 22:00:00-05:00,52.872855,69.840589,test,78.493531,78.493531,42.408076
2025-12-02 04:00:00+00:00,2025-12-01 23:00:00-05:00,47.667293,61.507207,test,52.872855,52.872855,40.040071
2025-12-02 05:00:00+00:00,2025-12-02 00:00:00-05:00,70.220991,52.613424,test,47.667293,47.667293,34.745123
2025-12-02 06:00:00+00:00,2025-12-02 01:00:00-05:00,41.570804,48.598779,test,70.220991,70.220991,34.975982
2025-12-02 07:00:00+00:00,2025-12-02 02:00:00-05:00,40.51586,43.620322,test,41.570804,41.570804,35.081059
2025-12-02 08:00:00+00:00,2025-12-02 03:00:00-05:00,40.658938,42.23224,test,40.51586,40.51586,35.619443
2025-12-02 09:00:00+00:00,2025-12-02 04:00:00-05:00,44.334672,42.550609,test,40.658938,40.658938,41.72163
2025-12-02 10:00:00+00:00,2025-12-02 05:00:00-05:00,35.639556,47.728665,test,44.334672,44.334672,37.307688
2025-12-02 11:00:00+00:00,2025-12-02 06:00:00-05:00,40.413868,70.895863,test,35.639556,35.639556,94.672752
2025-12-02 12:00:00+00:00,2025-12-02 07:00:00-05:00,54.960472,90.509717,test,40.413868,40.413868,71.430687
2025-12-02 13:00:00+00:00,2025-12-02 08:00:00-05:00,56.501402,95.251546,test,54.960472,54.960472,39.32852
2025-12-02 14:00:00+00:00,2025-12-02 09:00:00-05:00,78.250475,105.790541,test,56.501402,56.501402,34.977232
2025-12-02 15:00:00+00:00,2025-12-02 10:00:00-05:00,84.672906,98.320001,test,78.250475,78.250475,39.62994
2025-12-02 16:00:00+00:00,2025-12-02 11:00:00-05:00,74.192598,89.88918,test,84.672906,84.672906,37.136247
2025-12-02 17:00:00+00:00,2025-12-02 12:00:00-05:00,55.934019,81.145177,test,74.192598,74.192598,37.051943
2025-12-02 18:00:00+00:00,2025-12-02 13:00:00-05:00,103.201493,76.678867,test,55.934019,55.934019,43.5506
2025-12-02 19:00:00+00:00,2025-12-02 14:00:00-05:00,46.615085,73.029507,test,103.201493,103.201493,42.037582
2025-12-02 20:00:00+00:00,2025-12-02 15:00:00-05:00,114.184777,74.551218,test,46.615085,46.615085,44.904127
2025-12-02 21:00:00+00:00,2025-12-02 16:00:00-05:00,58.168851,84.099754,test,114.184777,114.184777,69.787878
2025-12-02 22:00:00+00:00,2025-12-02 17:00:00-05:00,69.230546,113.999231,test,58.168851,58.168851,74.576551
2025-12-02 23:00:00+00:00,2025-12-02 18:00:00-05:00,57.1549,105.578434,test,69.230546,69.230546,86.632264
2025-12-03 00:00:00+00:00,2025-12-02 19:00:00-05:00,61.66343,92.576744,test,57.1549,57.1549,66.202697
2025-12-03 01:00:00+00:00,2025-12-02 20:00:00-05:00,52.458949,84.092045,test,61.66343,61.66343,82.938443
2025-12-03 02:00:00+00:00,2025-12-02 21:00:00-05:00,46.670953,73.557888,test,52.458949,52.458949,78.493531
2025-12-03 03:00:00+00:00,2025-12-02 22:00:00-05:00,47.487544,65.506484,test,46.670953,46.670953,52.872855
2025-12-03 04:00:00+00:00,2025-12-02 23:00:00-05:00,42.810157,57.809893,test,47.487544,47.487544,47.667293
2025-12-03 05:00:00+00:00,2025-12-03 00:00:00-05:00,48.414142,63.636991,test,42.810157,42.810157,70.220991
2025-12-03 06:00:00+00:00,2025-12-03 01:00:00-05:00,40.781541,63.354802,test,48.414142,48.414142,41.570804
2025-12-03 07:00:00+00:00,2025-12-03 02:00:00-05:00,38.352128,62.367888,test,40.781541,40.781541,40.51586
2025-12-03 08:00:00+00:00,2025-12-03 03:00:00-05:00,44.849359,64.166862,test,38.352128,38.352128,40.658938
2025-12-03 09:00:00+00:00,2025-12-03 04:00:00-05:00,44.541423,67.151453,test,44.849359,44.849359,44.334672
2025-12-03 10:00:00+00:00,2025-12-03 05:00:00-05:00,42.974645,79.468192,test,44.541423,44.541423,35.639556
2025-12-03 11:00:00+00:00,2025-12-03 06:00:00-05:00,63.195632,132.781678,test,42.974645,42.974645,40.413868
2025-12-03 12:00:00+00:00,2025-12-03 07:00:00-05:00,111.864859,173.676687,test,63.195632,63.195632,54.960472
2025-12-03 13:00:00+00:00,2025-12-03 08:00:00-05:00,40.32915,82.541379,test,111.864859,111.864859,56.501402
2025-12-03 14:00:00+00:00,2025-12-03 09:00:00-05:00,36.820337,56.409666,test,40.32915,40.32915,78.250475
2025-12-03 15:00:00+00:00,2025-12-03 10:00:00-05:00,44.45303,49.305912,test,36.820337,36.820337,84.672906
2025-12-03 16:00:00+00:00,2025-12-03 11:00:00-05:00,41.820243,45.960816,test,44.45303,44.45303,74.192598
2025-12-03 17:00:00+00:00,2025-12-03 12:00:00-05:00,42.348667,43.464638,test,41.820243,41.820243,55.934019
2025-12-03 18:00:00+00:00,2025-12-03 13:00:00-05:00,37.15239,41.817159,test,42.348667,42.348667,103.201493
2025-12-03 19:00:00+00:00,2025-12-03 14:00:00-05:00,35.328527,42.550162,test,37.15239,37.15239,46.615085
2025-12-03 20:00:00+00:00,2025-12-03 15:00:00-05:00,39.675992,47.327225,test,35.328527,35.328527,114.184777
2025-12-03 21:00:00+00:00,2025-12-03 16:00:00-05:00,60.270833,65.562779,test,39.675992,39.675992,58.168851
2025-12-03 22:00:00+00:00,2025-12-03 17:00:00-05:00,67.746695,94.88402,test,60.270833,60.270833,69.230546
2025-12-03 23:00:00+00:00,2025-12-03 18:00:00-05:00,58.773211,95.036627,test,67.746695,67.746695,57.1549
2025-12-04 00:00:00+00:00,2025-12-03 19:00:00-05:00,76.045861,90.5972,test,58.773211,58.773211,61.66343
2025-12-04 01:00:00+00:00,2025-12-03 20:00:00-05:00,68.550554,83.897885,test,76.045861,76.045861,52.458949
2025-12-04 02:00:00+00:00,2025-12-03 21:00:00-05:00,59.079182,81.921251,test,68.550554,68.550554,46.670953
2025-12-04 03:00:00+00:00,2025-12-03 22:00:00-05:00,55.189831,61.5508,test,59.079182,59.079182,47.487544
2025-12-04 04:00:00+00:00,2025-12-03 23:00:00-05:00,54.07675,62.221091,test,55.189831,55.189831,42.810157
2025-12-04 05:00:00+00:00,2025-12-04 00:00:00-05:00,50.788948,58.98448,test,54.07675,54.07675,48.414142
2025-12-04 06:00:00+00:00,2025-12-04 01:00:00-05:00,47.190983,55.674416,test,50.788948,50.788948,40.781541
2025-12-04 07:00:00+00:00,2025-12-04 02:00:00-05:00,45.862655,54.92472,test,47.190983,47.190983,38.352128
2025-12-04 08:00:00+00:00,2025-12-04 03:00:00-05:00,48.504031,56.068917,test,45.862655,45.862655,44.849359
2025-12-04 09:00:00+00:00,2025-12-04 04:00:00-05:00,60.769794,59.12994,test,48.504031,48.504031,44.541423
2025-12-04 10:00:00+00:00,2025-12-04 05:00:00-05:00,48.511381,63.560843,test,60.769794,60.769794,42.974645
2025-12-04 11:00:00+00:00,2025-12-04 06:00:00-05:00,56.437527,105.194545,test,48.511381,48.511381,63.195632
2025-12-04 12:00:00+00:00,2025-12-04 07:00:00-05:00,74.21899,148.003712,test,56.437527,56.437527,111.864859
2025-12-04 13:00:00+00:00,2025-12-04 08:00:00-05:00,65.807591,87.913732,test,74.21899,74.21899,40.32915
2025-12-04 14:00:00+00:00,2025-12-04 09:00:00-05:00,44.800276,60.584026,test,65.807591,65.807591,36.820337
2025-12-04 15:00:00+00:00,2025-12-04 10:00:00-05:00,47.483512,65.213076,test,44.800276,44.800276,44.45303
2025-12-04 16:00:00+00:00,2025-12-04 11:00:00-05:00,47.931917,61.722956,test,47.483512,47.483512,41.820243
2025-12-04 17:00:00+00:00,2025-12-04 12:00:00-05:00,44.968723,59.085729,test,47.931917,47.931917,42.348667
2025-12-04 18:00:00+00:00,2025-12-04 13:00:00-05:00,43.629246,54.397197,test,44.968723,44.968723,37.15239
2025-12-04 19:00:00+00:00,2025-12-04 14:00:00-05:00,44.229193,52.554217,test,43.629246,43.629246,35.328527
2025-12-04 20:00:00+00:00,2025-12-04 15:00:00-05:00,47.99337,61.768809,test,44.229193,44.229193,39.675992
2025-12-04 21:00:00+00:00,2025-12-04 16:00:00-05:00,105.262912,72.606384,test,47.99337,47.99337,60.270833
2025-12-04 22:00:00+00:00,2025-12-04 17:00:00-05:00,63.585149,98.988455,test,105.262912,105.262912,67.746695
2025-12-04 23:00:00+00:00,2025-12-04 18:00:00-05:00,63.834289,91.050129,test,63.585149,63.585149,58.773211
2025-12-05 00:00:00+00:00,2025-12-04 19:00:00-05:00,60.094044,90.464344,test,63.834289,63.834289,76.045861
2025-12-05 01:00:00+00:00,2025-12-04 20:00:00-05:00,61.655215,86.748119,test,60.094044,60.094044,68.550554
2025-12-05 02:00:00+00:00,2025-12-04 21:00:00-05:00,70.507943,84.929288,test,61.655215,61.655215,59.079182
2025-12-05 03:00:00+00:00,2025-12-04 22:00:00-05:00,63.401485,73.19863,test,70.507943,70.507943,55.189831
2025-12-05 04:00:00+00:00,2025-12-04 23:00:00-05:00,67.454034,69.224626,test,63.401485,63.401485,54.07675
2025-12-05 05:00:00+00:00,2025-12-05 00:00:00-05:00,43.787447,62.005585,test,67.454034,67.454034,50.788948
2025-12-05 06:00:00+00:00,2025-12-05 01:00:00-05:00,42.778987,58.231891,test,43.787447,43.787447,47.190983
2025-12-05 07:00:00+00:00,2025-12-05 02:00:00-05:00,42.042302,58.312951,test,42.778987,42.778987,45.862655
2025-12-05 08:00:00+00:00,2025-12-05 03:00:00-05:00,43.885949,56.19535,test,42.042302,42.042302,48.504031
2025-12-05 09:00:00+00:00,2025-12-05 04:00:00-05:00,50.643807,61.800861,test,43.885949,43.885949,60.769794
2025-12-05 10:00:00+00:00,2025-12-05 05:00:00-05:00,39.659341,61.756552,test,50.643807,50.643807,48.511381
2025-12-05 11:00:00+00:00,2025-12-05 06:00:00-05:00,42.438481,97.659953,test,39.659341,39.659341,56.437527
2025-12-05 12:00:00+00:00,2025-12-05 07:00:00-05:00,48.562168,131.879765,test,42.438481,42.438481,74.21899
2025-12-05 13:00:00+00:00,2025-12-05 08:00:00-05:00,59.621318,118.277753,test,48.562168,48.562168,65.807591
2025-12-05 14:00:00+00:00,2025-12-05 09:00:00-05:00,62.184341,129.500535,test,59.621318,59.621318,44.800276
2025-12-05 15:00:00+00:00,2025-12-05 10:00:00-05:00,69.072039,180.225586,test,62.184341,62.184341,47.483512
2025-12-05 16:00:00+00:00,2025-12-05 11:00:00-05:00,65.27892,179.19,test,69.072039,69.072039,47.931917
2025-12-05 17:00:00+00:00,2025-12-05 12:00:00-05:00,80.123278,184.690076,test,65.27892,65.27892,44.968723
2025-12-05 18:00:00+00:00,2025-12-05 13:00:00-05:00,73.879864,165.509999,test,80.123278,80.123278,43.629246
2025-12-05 19:00:00+00:00,2025-12-05 14:00:00-05:00,76.896073,160.509999,test,73.879864,73.879864,44.229193
2025-12-05 20:00:00+00:00,2025-12-05 15:00:00-05:00,75.009072,154.369964,test,76.896073,76.896073,47.99337
2025-12-05 21:00:00+00:00,2025-12-05 16:00:00-05:00,365.251336,139.467986,test,75.009072,75.009072,105.262912
2025-12-05 22:00:00+00:00,2025-12-05 17:00:00-05:00,83.855666,150.025246,test,365.251336,365.251336,63.585149
2025-12-05 23:00:00+00:00,2025-12-05 18:00:00-05:00,74.889496,136.555616,test,83.855666,83.855666,63.834289
2025-12-06 00:00:00+00:00,2025-12-05 19:00:00-05:00,71.210187,121.699759,test,74.889496,74.889496,60.094044
2025-12-06 01:00:00+00:00,2025-12-05 20:00:00-05:00,77.522042,104.138771,test,71.210187,71.210187,61.655215
2025-12-06 02:00:00+00:00,2025-12-05 21:00:00-05:00,70.729635,90.308752,test,77.522042,77.522042,70.507943
2025-12-06 03:00:00+00:00,2025-12-05 22:00:00-05:00,60.083934,75.921108,test,70.729635,70.729635,63.401485
2025-12-06 04:00:00+00:00,2025-12-05 23:00:00-05:00,58.184013,70.398636,test,60.083934,60.083934,67.454034
2025-12-06 05:00:00+00:00,2025-12-06 00:00:00-05:00,59.680218,57.639999,test,58.184013,58.184013,43.787447
2025-12-06 06:00:00+00:00,2025-12-06 01:00:00-05:00,54.344706,53.85,test,59.680218,59.680218,42.778987
2025-12-06 07:00:00+00:00,2025-12-06 02:00:00-05:00,44.628613,53.490744,test,54.344706,54.344706,42.042302
2025-12-06 08:00:00+00:00,2025-12-06 03:00:00-05:00,41.419057,49.225271,test,44.628613,44.628613,43.885949
2025-12-06 09:00:00+00:00,2025-12-06 04:00:00-05:00,47.60282,49.507869,test,41.419057,41.419057,50.643807
2025-12-06 10:00:00+00:00,2025-12-06 05:00:00-05:00,61.835167,53.351244,test,47.60282,47.60282,39.659341
2025-12-06 11:00:00+00:00,2025-12-06 06:00:00-05:00,48.832793,67.959144,test,61.835167,61.835167,42.438481
2025-12-06 12:00:00+00:00,2025-12-06 07:00:00-05:00,81.140668,85.740402,test,48.832793,48.832793,48.562168
2025-12-06 13:00:00+00:00,2025-12-06 08:00:00-05:00,123.795882,84.169999,test,81.140668,81.140668,59.621318
2025-12-06 14:00:00+00:00,2025-12-06 09:00:00-05:00,88.076948,67.36,test,123.795882,123.795882,62.184341
2025-12-06 15:00:00+00:00,2025-12-06 10:00:00-05:00,61.495799,66.196403,test,88.076948,88.076948,69.072039
2025-12-06 16:00:00+00:00,2025-12-06 11:00:00-05:00,53.397145,57.386154,test,61.495799,61.495799,65.27892
2025-12-06 17:00:00+00:00,2025-12-06 12:00:00-05:00,59.61241,55.238855,test,53.397145,53.397145,80.123278
2025-12-06 18:00:00+00:00,2025-12-06 13:00:00-05:00,53.928627,56.944712,test,59.61241,59.61241,73.879864
2025-12-06 19:00:00+00:00,2025-12-06 14:00:00-05:00,57.145506,57.548165,test,53.928627,53.928627,76.896073
2025-12-06 20:00:00+00:00,2025-12-06 15:00:00-05:00,64.127308,58.727557,test,57.145506,57.145506,75.009072
2025-12-06 21:00:00+00:00,2025-12-06 16:00:00-05:00,53.207112,70.027072,test,64.127308,64.127308,365.251336
2025-12-06 22:00:00+00:00,2025-12-06 17:00:00-05:00,71.207593,78.670745,test,53.207112,53.207112,83.855666
2025-12-06 23:00:00+00:00,2025-12-06 18:00:00-05:00,64.083934,77.837286,test,71.207593,71.207593,74.889496
2025-12-07 00:00:00+00:00,2025-12-06 19:00:00-05:00,69.650152,76.61475,test,64.083934,64.083934,71.210187
2025-12-07 01:00:00+00:00,2025-12-06 20:00:00-05:00,69.947348,75.271931,test,69.650152,69.650152,77.522042
2025-12-07 02:00:00+00:00,2025-12-06 21:00:00-05:00,131.19528,70.795852,test,69.947348,69.947348,70.729635
2025-12-07 03:00:00+00:00,2025-12-06 22:00:00-05:00,83.326685,61.495101,test,131.19528,131.19528,60.083934
2025-12-07 04:00:00+00:00,2025-12-06 23:00:00-05:00,62.321007,55.806267,test,83.326685,83.326685,58.184013
2025-12-07 05:00:00+00:00,2025-12-07 00:00:00-05:00,121.663108,61.800678,test,62.321007,62.321007,59.680218
2025-12-07 06:00:00+00:00,2025-12-07 01:00:00-05:00,52.805438,55.65973,test,121.663108,121.663108,54.344706
2025-12-07 07:00:00+00:00,2025-12-07 02:00:00-05:00,60.655017,51.156622,test,52.805438,52.805438,44.628613
2025-12-07 08:00:00+00:00,2025-12-07 03:00:00-05:00,54.163696,51.976115,test,60.655017,60.655017,41.419057
2025-12-07 09:00:00+00:00,2025-12-07 04:00:00-05:00,47.99928,52.164689,test,54.163696,54.163696,47.60282
2025-12-07 10:00:00+00:00,2025-12-07 05:00:00-05:00,54.682401,56.22951,test,47.99928,47.99928,61.835167
2025-12-07 11:00:00+00:00,2025-12-07 06:00:00-05:00,46.280873,64.248423,test,54.682401,54.682401,48.832793
2025-12-07 12:00:00+00:00,2025-12-07 07:00:00-05:00,71.393983,77.680554,test,46.280873,46.280873,81.140668
2025-12-07 13:00:00+00:00,2025-12-07 08:00:00-05:00,87.453993,60.956991,test,71.393983,71.393983,123.795882
2025-12-07 14:00:00+00:00,2025-12-07 09:00:00-05:00,64.274791,51.313565,test,87.453993,87.453993,88.076948
2025-12-07 15:00:00+00:00,2025-12-07 10:00:00-05:00,53.197886,48.643562,test,64.274791,64.274791,61.495799
2025-12-07 16:00:00+00:00,2025-12-07 11:00:00-05:00,43.458379,49.399385,test,53.197886,53.197886,53.397145
2025-12-07 17:00:00+00:00,2025-12-07 12:00:00-05:00,45.041407,47.872034,test,43.458379,43.458379,59.61241
2025-12-07 18:00:00+00:00,2025-12-07 13:00:00-05:00,43.373466,46.314948,test,45.041407,45.041407,53.928627
2025-12-07 19:00:00+00:00,2025-12-07 14:00:00-05:00,44.481852,47.510498,test,43.373466,43.373466,57.145506
2025-12-07 20:00:00+00:00,2025-12-07 15:00:00-05:00,48.268095,50.565721,test,44.481852,44.481852,64.127308
2025-12-07 21:00:00+00:00,2025-12-07 16:00:00-05:00,60.090079,54.885291,test,48.268095,48.268095,53.207112
2025-12-07 22:00:00+00:00,2025-12-07 17:00:00-05:00,71.422719,70.855413,test,60.090079,60.090079,71.207593
2025-12-07 23:00:00+00:00,2025-12-07 18:00:00-05:00,77.715166,68.118287,test,71.422719,71.422719,64.083934
2025-12-08 00:00:00+00:00,2025-12-07 19:00:00-05:00,76.77336,67.738103,test,77.715166,77.715166,69.650152
2025-12-08 01:00:00+00:00,2025-12-07 20:00:00-05:00,68.953703,65.946143,test,76.77336,76.77336,69.947348
2025-12-08 02:00:00+00:00,2025-12-07 21:00:00-05:00,56.072338,59.261787,test,68.953703,68.953703,131.19528
2025-12-08 03:00:00+00:00,2025-12-07 22:00:00-05:00,58.325727,51.661292,test,56.072338,56.072338,83.326685
2025-12-08 04:00:00+00:00,2025-12-07 23:00:00-05:00,48.591515,49.654232,test,58.325727,58.325727,62.321007
2025-12-08 05:00:00+00:00,2025-12-08 00:00:00-05:00,39.867067,48.595691,test,48.591515,48.591515,121.663108
2025-12-08 06:00:00+00:00,2025-12-08 01:00:00-05:00,41.646005,49.051442,test,39.867067,39.867067,52.805438
2025-12-08 07:00:00+00:00,2025-12-08 02:00:00-05:00,41.411267,47.283922,test,41.646005,41.646005,60.655017
2025-12-08 08:00:00+00:00,2025-12-08 03:00:00-05:00,42.764095,47.445254,test,41.411267,41.411267,54.163696
2025-12-08 09:00:00+00:00,2025-12-08 04:00:00-05:00,46.674884,49.219918,test,42.764095,42.764095,47.99928
2025-12-08 10:00:00+00:00,2025-12-08 05:00:00-05:00,51.393178,56.555921,test,46.674884,46.674884,54.682401
2025-12-08 11:00:00+00:00,2025-12-08 06:00:00-05:00,79.058723,73.129123,test,51.393178,51.393178,46.280873
2025-12-08 12:00:00+00:00,2025-12-08 07:00:00-05:00,120.698742,93.113304,test,79.058723,79.058723,71.393983
2025-12-08 13:00:00+00:00,2025-12-08 08:00:00-05:00,116.819924,91.909999,test,120.698742,120.698742,87.453993
2025-12-08 14:00:00+00:00,2025-12-08 09:00:00-05:00,114.681673,85.565759,test,116.819924,116.819924,64.274791
2025-12-08 15:00:00+00:00,2025-12-08 10:00:00-05:00,92.939188,91.429999,test,114.681673,114.681673,53.197886
2025-12-08 16:00:00+00:00,2025-12-08 11:00:00-05:00,74.085729,100.938055,test,92.939188,92.939188,43.458379
2025-12-08 17:00:00+00:00,2025-12-08 12:00:00-05:00,74.670254,87.105748,test,74.085729,74.085729,45.041407
2025-12-08 18:00:00+00:00,2025-12-08 13:00:00-05:00,64.91929,104.17947,test,74.670254,74.670254,43.373466
2025-12-08 19:00:00+00:00,2025-12-08 14:00:00-05:00,70.765515,101.113331,test,64.91929,64.91929,44.481852
2025-12-08 20:00:00+00:00,2025-12-08 15:00:00-05:00,89.297638,105.577535,test,70.765515,70.765515,48.268095
2025-12-08 21:00:00+00:00,2025-12-08 16:00:00-05:00,122.698064,131.627495,test,89.297638,89.297638,60.090079
2025-12-08 22:00:00+00:00,2025-12-08 17:00:00-05:00,417.056152,160.03,test,122.698064,122.698064,71.422719
2025-12-08 23:00:00+00:00,2025-12-08 18:00:00-05:00,110.089104,143.129673,test,417.056152,417.056152,77.715166
2025-12-09 00:00:00+00:00,2025-12-08 19:00:00-05:00,98.085524,132.135659,test,110.089104,110.089104,76.77336
2025-12-09 01:00:00+00:00,2025-12-08 20:00:00-05:00,94.803959,117.580485,test,98.085524,98.085524,68.953703
2025-12-09 02:00:00+00:00,2025-12-08 21:00:00-05:00,141.651428,118.108616,test,94.803959,94.803959,56.072338
2025-12-09 03:00:00+00:00,2025-12-08 22:00:00-05:00,119.003108,107.059649,test,141.651428,141.651428,58.325727
2025-12-09 04:00:00+00:00,2025-12-08 23:00:00-05:00,73.135847,86.031728,test,119.003108,119.003108,48.591515
2025-12-09 05:00:00+00:00,2025-12-09 00:00:00-05:00,68.498359,132.603118,test,73.135847,73.135847,39.867067
2025-12-09 06:00:00+00:00,2025-12-09 01:00:00-05:00,118.175522,112.77536,test,68.498359,68.498359,41.646005
2025-12-09 07:00:00+00:00,2025-12-09 02:00:00-05:00,88.919427,113.262416,test,118.175522,118.175522,41.411267
2025-12-09 08:00:00+00:00,2025-12-09 03:00:00-05:00,93.36807,112.466366,test,88.919427,88.919427,42.764095
2025-12-09 09:00:00+00:00,2025-12-09 04:00:00-05:00,186.486156,124.280946,test,93.36807,93.36807,46.674884
2025-12-09 10:00:00+00:00,2025-12-09 05:00:00-05:00,129.955066,142.25,test,186.486156,186.486156,51.393178
2025-12-09 11:00:00+00:00,2025-12-09 06:00:00-05:00,104.98596,219.654906,test,129.955066,129.955066,79.058723
2025-12-09 12:00:00+00:00,2025-12-09 07:00:00-05:00,172.744868,321.519231,test,104.98596,104.98596,120.698742
2025-12-09 13:00:00+00:00,2025-12-09 08:00:00-05:00,87.703791,142.301251,test,172.744868,172.744868,116.819924
2025-12-09 14:00:00+00:00,2025-12-09 09:00:00-05:00,88.708439,100.074632,test,87.703791,87.703791,114.681673
2025-12-09 15:00:00+00:00,2025-12-09 10:00:00-05:00,77.070737,76.329311,test,88.708439,88.708439,92.939188
2025-12-09 16:00:00+00:00,2025-12-09 11:00:00-05:00,51.746539,76.392566,test,77.070737,77.070737,74.085729
2025-12-09 17:00:00+00:00,2025-12-09 12:00:00-05:00,49.442949,72.542452,test,51.746539,51.746539,74.670254
2025-12-09 18:00:00+00:00,2025-12-09 13:00:00-05:00,57.299471,72.701749,test,49.442949,49.442949,64.91929
2025-12-09 19:00:00+00:00,2025-12-09 14:00:00-05:00,65.145722,65.041763,test,57.299471,57.299471,70.765515
2025-12-09 20:00:00+00:00,2025-12-09 15:00:00-05:00,112.030928,74.400181,test,65.145722,65.145722,89.297638
2025-12-09 21:00:00+00:00,2025-12-09 16:00:00-05:00,235.793493,138.27,test,112.030928,112.030928,122.698064
2025-12-09 22:00:00+00:00,2025-12-09 17:00:00-05:00,157.162583,150.0,test,235.793493,235.793493,417.056152
2025-12-09 23:00:00+00:00,2025-12-09 18:00:00-05:00,142.122348,119.299011,test,157.162583,157.162583,110.089104
2025-12-10 00:00:00+00:00,2025-12-09 19:00:00-05:00,143.92796,126.810374,test,142.122348,142.122348,98.085524
2025-12-10 01:00:00+00:00,2025-12-09 20:00:00-05:00,228.672696,130.01836,test,143.92796,143.92796,94.803959
2025-12-10 02:00:00+00:00,2025-12-09 21:00:00-05:00,106.221185,101.132451,test,228.672696,228.672696,141.651428
2025-12-10 03:00:00+00:00,2025-12-09 22:00:00-05:00,94.162535,96.978408,test,106.221185,106.221185,119.003108
2025-12-10 04:00:00+00:00,2025-12-09 23:00:00-05:00,67.385314,69.287002,test,94.162535,94.162535,73.135847
2025-12-10 05:00:00+00:00,2025-12-10 00:00:00-05:00,52.071126,75.08449,test,67.385314,67.385314,68.498359
2025-12-10 06:00:00+00:00,2025-12-10 01:00:00-05:00,77.872743,69.700705,test,52.071126,52.071126,118.175522
2025-12-10 07:00:00+00:00,2025-12-10 02:00:00-05:00,66.236213,67.437732,test,77.872743,77.872743,88.919427
2025-12-10 08:00:00+00:00,2025-12-10 03:00:00-05:00,91.900023,66.495827,test,66.236213,66.236213,93.36807
2025-12-10 09:00:00+00:00,2025-12-10 04:00:00-05:00,186.744006,67.967485,test,91.900023,91.900023,186.486156
2025-12-10 10:00:00+00:00,2025-12-10 05:00:00-05:00,72.259456,71.203662,test,186.744006,186.744006,129.955066
2025-12-10 11:00:00+00:00,2025-12-10 06:00:00-05:00,106.937137,99.264678,test,72.259456,72.259456,104.98596
2025-12-10 12:00:00+00:00,2025-12-10 07:00:00-05:00,86.065607,112.423529,test,106.937137,106.937137,172.744868
2025-12-10 13:00:00+00:00,2025-12-10 08:00:00-05:00,58.797682,91.426194,test,86.065607,86.065607,87.703791
2025-12-10 14:00:00+00:00,2025-12-10 09:00:00-05:00,48.350396,86.108522,test,58.797682,58.797682,88.708439
2025-12-10 15:00:00+00:00,2025-12-10 10:00:00-05:00,42.95575,72.703936,test,48.350396,48.350396,77.070737
2025-12-10 16:00:00+00:00,2025-12-10 11:00:00-05:00,43.205307,67.058833,test,42.95575,42.95575,51.746539
2025-12-10 17:00:00+00:00,2025-12-10 12:00:00-05:00,45.934417,63.026518,test,43.205307,43.205307,49.442949
2025-12-10 18:00:00+00:00,2025-12-10 13:00:00-05:00,69.880443,63.62906,test,45.934417,45.934417,57.299471
2025-12-10 19:00:00+00:00,2025-12-10 14:00:00-05:00,46.310887,60.687261,test,69.880443,69.880443,65.145722
2025-12-10 20:00:00+00:00,2025-12-10 15:00:00-05:00,52.739512,58.621541,test,46.310887,46.310887,112.030928
2025-12-10 21:00:00+00:00,2025-12-10 16:00:00-05:00,54.318268,72.259175,test,52.739512,52.739512,235.793493
2025-12-10 22:00:00+00:00,2025-12-10 17:00:00-05:00,54.972697,89.332064,test,54.318268,54.318268,157.162583
2025-12-10 23:00:00+00:00,2025-12-10 18:00:00-05:00,50.926034,77.264755,test,54.972697,54.972697,142.122348
2025-12-11 00:00:00+00:00,2025-12-10 19:00:00-05:00,76.339265,74.810981,test,50.926034,50.926034,143.92796
2025-12-11 01:00:00+00:00,2025-12-10 20:00:00-05:00,48.323025,58.885218,test,76.339265,76.339265,228.672696
2025-12-11 02:00:00+00:00,2025-12-10 21:00:00-05:00,51.841023,59.038023,test,48.323025,48.323025,106.221185
2025-12-11 03:00:00+00:00,2025-12-10 22:00:00-05:00,43.638886,48.694264,test,51.841023,51.841023,94.162535
2025-12-11 04:00:00+00:00,2025-12-10 23:00:00-05:00,47.228994,43.914433,test,43.638886,43.638886,67.385314
2025-12-11 05:00:00+00:00,2025-12-11 00:00:00-05:00,45.240246,45.821624,test,47.228994,47.228994,52.071126
2025-12-11 06:00:00+00:00,2025-12-11 01:00:00-05:00,41.825141,46.385072,test,45.240246,45.240246,77.872743
2025-12-11 07:00:00+00:00,2025-12-11 02:00:00-05:00,40.861969,46.065065,test,41.825141,41.825141,66.236213
2025-12-11 08:00:00+00:00,2025-12-11 03:00:00-05:00,49.850722,48.271584,test,40.861969,40.861969,91.900023
2025-12-11 09:00:00+00:00,2025-12-11 04:00:00-05:00,47.031959,53.181438,test,49.850722,49.850722,186.744006
2025-12-11 10:00:00+00:00,2025-12-11 05:00:00-05:00,49.992961,51.770323,test,47.031959,47.031959,72.259456
2025-12-11 11:00:00+00:00,2025-12-11 06:00:00-05:00,78.99721,79.614485,test,49.992961,49.992961,106.937137
2025-12-11 12:00:00+00:00,2025-12-11 07:00:00-05:00,88.82571,104.702663,test,78.99721,78.99721,86.065607
2025-12-11 13:00:00+00:00,2025-12-11 08:00:00-05:00,69.355544,71.427517,test,88.82571,88.82571,58.797682
2025-12-11 14:00:00+00:00,2025-12-11 09:00:00-05:00,54.447359,54.857372,test,69.355544,69.355544,48.350396
2025-12-11 15:00:00+00:00,2025-12-11 10:00:00-05:00,73.155144,59.032724,test,54.447359,54.447359,42.95575
2025-12-11 16:00:00+00:00,2025-12-11 11:00:00-05:00,67.716429,56.214789,test,73.155144,73.155144,43.205307
2025-12-11 17:00:00+00:00,2025-12-11 12:00:00-05:00,67.348867,55.493861,test,67.716429,67.716429,45.934417
2025-12-11 18:00:00+00:00,2025-12-11 13:00:00-05:00,64.907285,56.470856,test,67.348867,67.348867,69.880443
2025-12-11 19:00:00+00:00,2025-12-11 14:00:00-05:00,46.034177,56.308417,test,64.907285,64.907285,46.310887
2025-12-11 20:00:00+00:00,2025-12-11 15:00:00-05:00,48.948109,58.884857,test,46.034177,46.034177,52.739512
2025-12-11 21:00:00+00:00,2025-12-11 16:00:00-05:00,73.239503,99.12,test,48.948109,48.948109,54.318268
2025-12-11 22:00:00+00:00,2025-12-11 17:00:00-05:00,60.377281,126.975937,test,73.239503,73.239503,54.972697
2025-12-11 23:00:00+00:00,2025-12-11 18:00:00-05:00,69.207103,107.563651,test,60.377281,60.377281,50.926034
2025-12-12 00:00:00+00:00,2025-12-11 19:00:00-05:00,81.689484,110.453918,test,69.207103,69.207103,76.339265
2025-12-12 01:00:00+00:00,2025-12-11 20:00:00-05:00,89.95673,102.836605,test,81.689484,81.689484,48.323025
2025-12-12 02:00:00+00:00,2025-12-11 21:00:00-05:00,73.006298,93.58012,test,89.95673,89.95673,51.841023
2025-12-12 03:00:00+00:00,2025-12-11 22:00:00-05:00,70.655068,88.410054,test,73.006298,73.006298,43.638886
2025-12-12 04:00:00+00:00,2025-12-11 23:00:00-05:00,49.887439,74.129983,test,70.655068,70.655068,47.228994
2025-12-12 05:00:00+00:00,2025-12-12 00:00:00-05:00,45.351999,68.203123,test,49.887439,49.887439,45.240246
2025-12-12 06:00:00+00:00,2025-12-12 01:00:00-05:00,51.390458,65.621602,test,45.351999,45.351999,41.825141
2025-12-12 07:00:00+00:00,2025-12-12 02:00:00-05:00,54.029602,57.973405,test,51.390458,51.390458,40.861969
2025-12-12 08:00:00+00:00,2025-12-12 03:00:00-05:00,48.44779,60.289381,test,54.029602,54.029602,49.850722
2025-12-12 09:00:00+00:00,2025-12-12 04:00:00-05:00,52.879359,66.95845,test,48.44779,48.44779,47.031959
2025-12-12 10:00:00+00:00,2025-12-12 05:00:00-05:00,55.473502,70.759289,test,52.879359,52.879359,49.992961
2025-12-12 11:00:00+00:00,2025-12-12 06:00:00-05:00,120.515562,88.644913,test,55.473502,55.473502,78.99721
2025-12-12 12:00:00+00:00,2025-12-12 07:00:00-05:00,319.34226,113.729722,test,120.515562,120.515562,88.82571
2025-12-12 13:00:00+00:00,2025-12-12 08:00:00-05:00,178.637622,98.265826,test,319.34226,319.34226,69.355544
2025-12-12 14:00:00+00:00,2025-12-12 09:00:00-05:00,55.124847,76.780678,test,178.637622,178.637622,54.447359
2025-12-12 15:00:00+00:00,2025-12-12 10:00:00-05:00,51.447051,72.587535,test,55.124847,55.124847,73.155144
2025-12-12 16:00:00+00:00,2025-12-12 11:00:00-05:00,47.243207,64.559683,test,51.447051,51.447051,67.716429
2025-12-12 17:00:00+00:00,2025-12-12 12:00:00-05:00,44.137839,59.104905,test,47.243207,47.243207,67.348867
2025-12-12 18:00:00+00:00,2025-12-12 13:00:00-05:00,46.375226,56.690193,test,44.137839,44.137839,64.907285
2025-12-12 19:00:00+00:00,2025-12-12 14:00:00-05:00,42.556183,58.970871,test,46.375226,46.375226,46.034177
2025-12-12 20:00:00+00:00,2025-12-12 15:00:00-05:00,41.046991,58.066228,test,42.556183,42.556183,48.948109
2025-12-12 21:00:00+00:00,2025-12-12 16:00:00-05:00,82.873955,85.222289,test,41.046991,41.046991,73.239503
2025-12-12 22:00:00+00:00,2025-12-12 17:00:00-05:00,157.250247,88.36995,test,82.873955,82.873955,60.377281
2025-12-12 23:00:00+00:00,2025-12-12 18:00:00-05:00,64.959513,88.642066,test,157.250247,157.250247,69.207103
2025-12-13 00:00:00+00:00,2025-12-12 19:00:00-05:00,56.561972,88.060287,test,64.959513,64.959513,81.689484
2025-12-13 01:00:00+00:00,2025-12-12 20:00:00-05:00,60.759823,78.695522,test,56.561972,56.561972,89.95673
2025-12-13 02:00:00+00:00,2025-12-12 21:00:00-05:00,64.191913,69.23513,test,60.759823,60.759823,73.006298
2025-12-13 03:00:00+00:00,2025-12-12 22:00:00-05:00,56.693281,58.306778,test,64.191913,64.191913,70.655068
2025-12-13 04:00:00+00:00,2025-12-12 23:00:00-05:00,46.056782,59.82479,test,56.693281,56.693281,49.887439
2025-12-13 05:00:00+00:00,2025-12-13 00:00:00-05:00,51.833023,51.423449,test,46.056782,46.056782,45.351999
2025-12-13 06:00:00+00:00,2025-12-13 01:00:00-05:00,49.951225,47.72117,test,51.833023,51.833023,51.390458
2025-12-13 07:00:00+00:00,2025-12-13 02:00:00-05:00,46.361846,46.908112,test,49.951225,49.951225,54.029602
2025-12-13 08:00:00+00:00,2025-12-13 03:00:00-05:00,47.368883,48.136709,test,46.361846,46.361846,48.44779
2025-12-13 09:00:00+00:00,2025-12-13 04:00:00-05:00,48.057254,48.15552,test,47.368883,47.368883,52.879359
2025-12-13 10:00:00+00:00,2025-12-13 05:00:00-05:00,52.159914,47.78481,test,48.057254,48.057254,55.473502
2025-12-13 11:00:00+00:00,2025-12-13 06:00:00-05:00,51.235992,57.087521,test,52.159914,52.159914,120.515562
2025-12-13 12:00:00+00:00,2025-12-13 07:00:00-05:00,58.531694,66.49793,test,51.235992,51.235992,319.34226
2025-12-13 13:00:00+00:00,2025-12-13 08:00:00-05:00,45.426988,58.227141,test,58.531694,58.531694,178.637622
2025-12-13 14:00:00+00:00,2025-12-13 09:00:00-05:00,37.028872,47.197694,test,45.426988,45.426988,55.124847
2025-12-13 15:00:00+00:00,2025-12-13 10:00:00-05:00,34.98591,47.430766,test,37.028872,37.028872,51.447051
2025-12-13 16:00:00+00:00,2025-12-13 11:00:00-05:00,33.733579,45.537373,test,34.98591,34.98591,47.243207
2025-12-13 17:00:00+00:00,2025-12-13 12:00:00-05:00,33.978425,44.597066,test,33.733579,33.733579,44.137839
2025-12-13 18:00:00+00:00,2025-12-13 13:00:00-05:00,36.301123,43.219456,test,33.978425,33.978425,46.375226
2025-12-13 19:00:00+00:00,2025-12-13 14:00:00-05:00,33.654245,42.837542,test,36.301123,36.301123,42.556183
2025-12-13 20:00:00+00:00,2025-12-13 15:00:00-05:00,34.854623,46.024924,test,33.654245,33.654245,41.046991
2025-12-13 21:00:00+00:00,2025-12-13 16:00:00-05:00,36.805502,54.609256,test,34.854623,34.854623,82.873955
2025-12-13 22:00:00+00:00,2025-12-13 17:00:00-05:00,38.622729,65.647777,test,36.805502,36.805502,157.250247
2025-12-13 23:00:00+00:00,2025-12-13 18:00:00-05:00,39.057541,62.174907,test,38.622729,38.622729,64.959513
2025-12-14 00:00:00+00:00,2025-12-13 19:00:00-05:00,41.708684,60.703738,test,39.057541,39.057541,56.561972
2025-12-14 01:00:00+00:00,2025-12-13 20:00:00-05:00,34.388155,57.909568,test,41.708684,41.708684,60.759823
2025-12-14 02:00:00+00:00,2025-12-13 21:00:00-05:00,38.844549,55.796848,test,34.388155,34.388155,64.191913
2025-12-14 03:00:00+00:00,2025-12-13 22:00:00-05:00,35.928793,50.366642,test,38.844549,38.844549,56.693281
2025-12-14 04:00:00+00:00,2025-12-13 23:00:00-05:00,30.429287,46.825055,test,35.928793,35.928793,46.056782
2025-12-14 05:00:00+00:00,2025-12-14 00:00:00-05:00,30.729759,48.693228,test,30.429287,30.429287,51.833023
2025-12-14 06:00:00+00:00,2025-12-14 01:00:00-05:00,29.027359,49.436149,test,30.729759,30.729759,49.951225
2025-12-14 07:00:00+00:00,2025-12-14 02:00:00-05:00,28.060402,48.714034,test,29.027359,29.027359,46.361846
2025-12-14 08:00:00+00:00,2025-12-14 03:00:00-05:00,28.157995,48.378963,test,28.060402,28.060402,47.368883
2025-12-14 09:00:00+00:00,2025-12-14 04:00:00-05:00,28.784267,48.440228,test,28.157995,28.157995,48.057254
2025-12-14 10:00:00+00:00,2025-12-14 05:00:00-05:00,29.740349,52.472798,test,28.784267,28.784267,52.159914
2025-12-14 11:00:00+00:00,2025-12-14 06:00:00-05:00,31.632938,54.696904,test,29.740349,29.740349,51.235992
2025-12-14 12:00:00+00:00,2025-12-14 07:00:00-05:00,42.800572,66.658507,test,31.632938,31.632938,58.531694
2025-12-14 13:00:00+00:00,2025-12-14 08:00:00-05:00,51.788466,65.673511,test,42.800572,42.800572,45.426988
2025-12-14 14:00:00+00:00,2025-12-14 09:00:00-05:00,51.929032,59.450035,test,51.788466,51.788466,37.028872
2025-12-14 15:00:00+00:00,2025-12-14 10:00:00-05:00,70.483597,61.34405,test,51.929032,51.929032,34.98591
2025-12-14 16:00:00+00:00,2025-12-14 11:00:00-05:00,74.797438,64.711872,test,70.483597,70.483597,33.733579
2025-12-14 17:00:00+00:00,2025-12-14 12:00:00-05:00,60.95444,67.068637,test,74.797438,74.797438,33.978425
2025-12-14 18:00:00+00:00,2025-12-14 13:00:00-05:00,53.941279,73.620827,test,60.95444,60.95444,36.301123
2025-12-14 19:00:00+00:00,2025-12-14 14:00:00-05:00,49.508453,76.392312,test,53.941279,53.941279,33.654245
2025-12-14 20:00:00+00:00,2025-12-14 15:00:00-05:00,95.544042,98.271747,test,49.508453,49.508453,34.854623
2025-12-14 21:00:00+00:00,2025-12-14 16:00:00-05:00,305.310565,178.676245,test,95.544042,95.544042,36.805502
2025-12-14 22:00:00+00:00,2025-12-14 17:00:00-05:00,247.053195,235.072197,test,305.310565,305.310565,38.622729
2025-12-14 23:00:00+00:00,2025-12-14 18:00:00-05:00,139.134095,245.52873,test,247.053195,247.053195,39.057541
2025-12-15 00:00:00+00:00,2025-12-14 19:00:00-05:00,303.250105,228.98,test,139.134095,139.134095,41.708684
2025-12-15 01:00:00+00:00,2025-12-14 20:00:00-05:00,344.179853,268.198155,test,303.250105,303.250105,34.388155
2025-12-15 02:00:00+00:00,2025-12-14 21:00:00-05:00,193.914096,256.885164,test,344.179853,344.179853,38.844549
2025-12-15 03:00:00+00:00,2025-12-14 22:00:00-05:00,171.982081,181.056111,test,193.914096,193.914096,35.928793
2025-12-15 04:00:00+00:00,2025-12-14 23:00:00-05:00,154.61274,165.945745,test,171.982081,171.982081,30.429287
2025-12-15 05:00:00+00:00,2025-12-15 00:00:00-05:00,362.982329,171.081916,test,154.61274,154.61274,30.729759
2025-12-15 06:00:00+00:00,2025-12-15 01:00:00-05:00,284.89174,158.331567,test,362.982329,362.982329,29.027359
2025-12-15 07:00:00+00:00,2025-12-15 02:00:00-05:00,324.93008,170.429056,test,284.89174,284.89174,28.060402
2025-12-15 08:00:00+00:00,2025-12-15 03:00:00-05:00,142.267232,190.313538,test,324.93008,324.93008,28.157995
2025-12-15 09:00:00+00:00,2025-12-15 04:00:00-05:00,396.192754,216.051127,test,142.267232,142.267232,28.784267
2025-12-15 10:00:00+00:00,2025-12-15 05:00:00-05:00,131.010672,238.090001,test,396.192754,396.192754,29.740349
2025-12-15 11:00:00+00:00,2025-12-15 06:00:00-05:00,264.632105,300.78126,test,131.010672,131.010672,31.632938
2025-12-15 12:00:00+00:00,2025-12-15 07:00:00-05:00,659.63089,387.969768,test,264.632105,264.632105,42.800572
2025-12-15 13:00:00+00:00,2025-12-15 08:00:00-05:00,164.775042,225.777588,test,659.63089,659.63089,51.788466
2025-12-15 14:00:00+00:00,2025-12-15 09:00:00-05:00,84.26191,146.833468,test,164.775042,164.775042,51.929032
2025-12-15 15:00:00+00:00,2025-12-15 10:00:00-05:00,252.324379,120.387354,test,84.26191,84.26191,70.483597
2025-12-15 16:00:00+00:00,2025-12-15 11:00:00-05:00,322.017684,115.050851,test,252.324379,252.324379,74.797438
2025-12-15 17:00:00+00:00,2025-12-15 12:00:00-05:00,263.569671,112.502408,test,322.017684,322.017684,60.95444
2025-12-15 18:00:00+00:00,2025-12-15 13:00:00-05:00,234.006807,116.777597,test,263.569671,263.569671,53.941279
2025-12-15 19:00:00+00:00,2025-12-15 14:00:00-05:00,152.897045,116.264371,test,234.006807,234.006807,49.508453
2025-12-15 20:00:00+00:00,2025-12-15 15:00:00-05:00,166.948564,120.690382,test,152.897045,152.897045,95.544042
2025-12-15 21:00:00+00:00,2025-12-15 16:00:00-05:00,102.061307,167.384556,test,166.948564,166.948564,305.310565
2025-12-15 22:00:00+00:00,2025-12-15 17:00:00-05:00,108.557221,199.988561,test,102.061307,102.061307,247.053195
2025-12-15 23:00:00+00:00,2025-12-15 18:00:00-05:00,100.498328,199.018916,test,108.557221,108.557221,139.134095
2025-12-16 00:00:00+00:00,2025-12-15 19:00:00-05:00,156.65296,201.826032,test,100.498328,100.498328,303.250105
2025-12-16 01:00:00+00:00,2025-12-15 20:00:00-05:00,317.8651,188.437561,test,156.65296,156.65296,344.179853
2025-12-16 02:00:00+00:00,2025-12-15 21:00:00-05:00,283.559126,178.593647,test,317.8651,317.8651,193.914096
2025-12-16 03:00:00+00:00,2025-12-15 22:00:00-05:00,138.004826,155.10312,test,283.559126,283.559126,171.982081
2025-12-16 04:00:00+00:00,2025-12-15 23:00:00-05:00,89.49086,146.288572,test,138.004826,138.004826,154.61274
2025-12-16 05:00:00+00:00,2025-12-16 00:00:00-05:00,73.779492,168.800405,test,89.49086,89.49086,362.982329
2025-12-16 06:00:00+00:00,2025-12-16 01:00:00-05:00,78.131008,156.083201,test,73.779492,73.779492,284.89174
2025-12-16 07:00:00+00:00,2025-12-16 02:00:00-05:00,71.922938,148.863238,test,78.131008,78.131008,324.93008
2025-12-16 08:00:00+00:00,2025-12-16 03:00:00-05:00,95.53728,153.490272,test,71.922938,71.922938,142.267232
2025-12-16 09:00:00+00:00,2025-12-16 04:00:00-05:00,121.379266,178.186589,test,95.53728,95.53728,396.192754
2025-12-16 10:00:00+00:00,2025-12-16 05:00:00-05:00,99.449601,193.440729,test,121.379266,121.379266,131.010672
2025-12-16 11:00:00+00:00,2025-12-16 06:00:00-05:00,160.563137,216.416786,test,99.449601,99.449601,264.632105
2025-12-16 12:00:00+00:00,2025-12-16 07:00:00-05:00,572.213074,295.514462,test,160.563137,160.563137,659.63089
2025-12-16 13:00:00+00:00,2025-12-16 08:00:00-05:00,200.108949,172.172059,test,572.213074,572.213074,164.775042
2025-12-16 14:00:00+00:00,2025-12-16 09:00:00-05:00,31.608348,91.808067,test,200.108949,200.108949,84.26191
2025-12-16 15:00:00+00:00,2025-12-16 10:00:00-05:00,30.373197,60.76268,test,31.608348,31.608348,252.324379
2025-12-16 16:00:00+00:00,2025-12-16 11:00:00-05:00,37.41014,57.20045,test,30.373197,30.373197,322.017684
2025-12-16 17:00:00+00:00,2025-12-16 12:00:00-05:00,52.243737,53.431629,test,37.41014,37.41014,263.569671
2025-12-16 18:00:00+00:00,2025-12-16 13:00:00-05:00,58.472462,50.01116,test,52.243737,52.243737,234.006807
2025-12-16 19:00:00+00:00,2025-12-16 14:00:00-05:00,44.871324,50.300525,test,58.472462,58.472462,152.897045
2025-12-16 20:00:00+00:00,2025-12-16 15:00:00-05:00,62.228405,56.201228,test,44.871324,44.871324,166.948564
2025-12-16 21:00:00+00:00,2025-12-16 16:00:00-05:00,64.286383,78.946125,test,62.228405,62.228405,102.061307
2025-12-16 22:00:00+00:00,2025-12-16 17:00:00-05:00,110.095965,118.69083,test,64.286383,64.286383,108.557221
2025-12-16 23:00:00+00:00,2025-12-16 18:00:00-05:00,116.303531,96.872636,test,110.095965,110.095965,100.498328
2025-12-17 00:00:00+00:00,2025-12-16 19:00:00-05:00,70.258684,94.436563,test,116.303531,116.303531,156.65296
2025-12-17 01:00:00+00:00,2025-12-16 20:00:00-05:00,93.41407,91.803588,test,70.258684,70.258684,317.8651
2025-12-17 02:00:00+00:00,2025-12-16 21:00:00-05:00,192.469848,83.249804,test,93.41407,93.41407,283.559126
2025-12-17 03:00:00+00:00,2025-12-16 22:00:00-05:00,73.418305,69.065083,test,192.469848,192.469848,138.004826
2025-12-17 04:00:00+00:00,2025-12-16 23:00:00-05:00,124.265522,66.877789,test,73.418305,73.418305,89.49086
2025-12-17 05:00:00+00:00,2025-12-17 00:00:00-05:00,56.407007,76.177074,test,124.265522,124.265522,73.779492
2025-12-17 06:00:00+00:00,2025-12-17 01:00:00-05:00,73.439172,67.542199,test,56.407007,56.407007,78.131008
2025-12-17 07:00:00+00:00,2025-12-17 02:00:00-05:00,53.550161,65.595709,test,73.439172,73.439172,71.922938
2025-12-17 08:00:00+00:00,2025-12-17 03:00:00-05:00,46.630463,65.245815,test,53.550161,53.550161,95.53728
2025-12-17 09:00:00+00:00,2025-12-17 04:00:00-05:00,40.049188,70.284587,test,46.630463,46.630463,121.379266
2025-12-17 10:00:00+00:00,2025-12-17 05:00:00-05:00,81.102243,78.641855,test,40.049188,40.049188,99.449601
2025-12-17 11:00:00+00:00,2025-12-17 06:00:00-05:00,130.712368,106.619046,test,81.102243,81.102243,160.563137
2025-12-17 12:00:00+00:00,2025-12-17 07:00:00-05:00,175.264423,126.504225,test,130.712368,130.712368,572.213074
2025-12-17 13:00:00+00:00,2025-12-17 08:00:00-05:00,152.765921,74.215645,test,175.264423,175.264423,200.108949
2025-12-17 14:00:00+00:00,2025-12-17 09:00:00-05:00,46.258447,54.951154,test,152.765921,152.765921,31.608348
2025-12-17 15:00:00+00:00,2025-12-17 10:00:00-05:00,35.969808,46.721153,test,46.258447,46.258447,30.373197
2025-12-17 16:00:00+00:00,2025-12-17 11:00:00-05:00,31.465282,43.562577,test,35.969808,35.969808,37.41014
2025-12-17 17:00:00+00:00,2025-12-17 12:00:00-05:00,60.216868,40.593116,test,31.465282,31.465282,52.243737
2025-12-17 18:00:00+00:00,2025-12-17 13:00:00-05:00,34.908523,40.067817,test,60.216868,60.216868,58.472462
2025-12-17 19:00:00+00:00,2025-12-17 14:00:00-05:00,34.329485,37.24079,test,34.908523,34.908523,44.871324
2025-12-17 20:00:00+00:00,2025-12-17 15:00:00-05:00,44.00154,39.339616,test,34.329485,34.329485,62.228405
2025-12-17 21:00:00+00:00,2025-12-17 16:00:00-05:00,37.23188,48.982101,test,44.00154,44.00154,64.286383
2025-12-17 22:00:00+00:00,2025-12-17 17:00:00-05:00,43.382802,60.48693,test,37.23188,37.23188,110.095965
2025-12-17 23:00:00+00:00,2025-12-17 18:00:00-05:00,43.475654,51.812458,test,43.382802,43.382802,116.303531
2025-12-18 00:00:00+00:00,2025-12-17 19:00:00-05:00,44.652054,51.992073,test,43.475654,43.475654,70.258684
2025-12-18 01:00:00+00:00,2025-12-17 20:00:00-05:00,42.41961,52.928567,test,44.652054,44.652054,93.41407
2025-12-18 02:00:00+00:00,2025-12-17 21:00:00-05:00,52.594219,45.132937,test,42.41961,42.41961,192.469848
2025-12-18 03:00:00+00:00,2025-12-17 22:00:00-05:00,44.786607,40.385676,test,52.594219,52.594219,73.418305
2025-12-18 04:00:00+00:00,2025-12-17 23:00:00-05:00,44.325351,37.498114,test,44.786607,44.786607,124.265522
2025-12-18 05:00:00+00:00,2025-12-18 00:00:00-05:00,31.914915,40.266929,test,44.325351,44.325351,56.407007
2025-12-18 06:00:00+00:00,2025-12-18 01:00:00-05:00,33.860267,38.820642,test,31.914915,31.914915,73.439172
2025-12-18 07:00:00+00:00,2025-12-18 02:00:00-05:00,32.989127,39.125705,test,33.860267,33.860267,53.550161
2025-12-18 08:00:00+00:00,2025-12-18 03:00:00-05:00,33.129872,39.439769,test,32.989127,32.989127,46.630463
2025-12-18 09:00:00+00:00,2025-12-18 04:00:00-05:00,35.801395,40.342512,test,33.129872,33.129872,40.049188
2025-12-18 10:00:00+00:00,2025-12-18 05:00:00-05:00,46.185382,45.655289,test,35.801395,35.801395,81.102243
2025-12-18 11:00:00+00:00,2025-12-18 06:00:00-05:00,170.469772,70.428173,test,46.185382,46.185382,130.712368
2025-12-18 12:00:00+00:00,2025-12-18 07:00:00-05:00,153.272211,85.703568,test,170.469772,170.469772,175.264423
2025-12-18 13:00:00+00:00,2025-12-18 08:00:00-05:00,57.166281,52.651004,test,153.272211,153.272211,152.765921
2025-12-18 14:00:00+00:00,2025-12-18 09:00:00-05:00,30.28876,38.184829,test,57.166281,57.166281,46.258447
2025-12-18 15:00:00+00:00,2025-12-18 10:00:00-05:00,26.895844,36.093811,test,30.28876,30.28876,35.969808
2025-12-18 16:00:00+00:00,2025-12-18 11:00:00-05:00,24.831489,33.488568,test,26.895844,26.895844,31.465282
2025-12-18 17:00:00+00:00,2025-12-18 12:00:00-05:00,27.745311,32.033647,test,24.831489,24.831489,60.216868
2025-12-18 18:00:00+00:00,2025-12-18 13:00:00-05:00,40.958454,33.55025,test,27.745311,27.745311,34.908523
2025-12-18 19:00:00+00:00,2025-12-18 14:00:00-05:00,33.434336,33.775874,test,40.958454,40.958454,34.329485
2025-12-18 20:00:00+00:00,2025-12-18 15:00:00-05:00,39.787236,36.80886,test,33.434336,33.434336,44.00154
2025-12-18 21:00:00+00:00,2025-12-18 16:00:00-05:00,35.316416,41.783253,test,39.787236,39.787236,37.23188
2025-12-18 22:00:00+00:00,2025-12-18 17:00:00-05:00,40.4065,51.576422,test,35.316416,35.316416,43.382802
2025-12-18 23:00:00+00:00,2025-12-18 18:00:00-05:00,35.667045,48.390761,test,40.4065,40.4065,43.475654
2025-12-19 00:00:00+00:00,2025-12-18 19:00:00-05:00,40.91376,46.134883,test,35.667045,35.667045,44.652054
2025-12-19 01:00:00+00:00,2025-12-18 20:00:00-05:00,40.093225,42.905583,test,40.91376,40.91376,42.41961
2025-12-19 02:00:00+00:00,2025-12-18 21:00:00-05:00,33.400489,37.43996,test,40.093225,40.093225,52.594219
2025-12-19 03:00:00+00:00,2025-12-18 22:00:00-05:00,34.587154,36.222911,test,33.400489,33.400489,44.786607
2025-12-19 04:00:00+00:00,2025-12-18 23:00:00-05:00,30.173337,32.702341,test,34.587154,34.587154,44.325351
2025-12-19 05:00:00+00:00,2025-12-19 00:00:00-05:00,27.697879,30.530419,test,30.173337,30.173337,31.914915
2025-12-19 06:00:00+00:00,2025-12-19 01:00:00-05:00,24.504776,28.710512,test,27.697879,27.697879,33.860267
2025-12-19 07:00:00+00:00,2025-12-19 02:00:00-05:00,24.146737,27.0973,test,24.504776,24.504776,32.989127
2025-12-19 08:00:00+00:00,2025-12-19 03:00:00-05:00,23.83757,27.278825,test,24.146737,24.146737,33.129872
2025-12-19 09:00:00+00:00,2025-12-19 04:00:00-05:00,24.88353,29.758763,test,23.83757,23.83757,35.801395
2025-12-19 10:00:00+00:00,2025-12-19 05:00:00-05:00,29.218827,35.214513,test,24.88353,24.88353,46.185382
2025-12-19 11:00:00+00:00,2025-12-19 06:00:00-05:00,30.350908,40.693502,test,29.218827,29.218827,170.469772
2025-12-19 12:00:00+00:00,2025-12-19 07:00:00-05:00,37.557235,53.155233,test,30.350908,30.350908,153.272211
2025-12-19 13:00:00+00:00,2025-12-19 08:00:00-05:00,42.173588,45.58954,test,37.557235,37.557235,57.166281
2025-12-19 14:00:00+00:00,2025-12-19 09:00:00-05:00,32.970006,40.426167,test,42.173588,42.173588,30.28876
2025-12-19 15:00:00+00:00,2025-12-19 10:00:00-05:00,31.204474,38.906474,test,32.970006,32.970006,26.895844
2025-12-19 16:00:00+00:00,2025-12-19 11:00:00-05:00,29.544231,36.359733,test,31.204474,31.204474,24.831489
2025-12-19 17:00:00+00:00,2025-12-19 12:00:00-05:00,28.66604,34.99228,test,29.544231,29.544231,27.745311
2025-12-19 18:00:00+00:00,2025-12-19 13:00:00-05:00,29.044764,34.878837,test,28.66604,28.66604,40.958454
2025-12-19 19:00:00+00:00,2025-12-19 14:00:00-05:00,27.405977,34.382874,test,29.044764,29.044764,33.434336
2025-12-19 20:00:00+00:00,2025-12-19 15:00:00-05:00,37.92469,37.0492,test,27.405977,27.405977,39.787236
2025-12-19 21:00:00+00:00,2025-12-19 16:00:00-05:00,55.850006,58.281624,test,37.92469,37.92469,35.316416
2025-12-19 22:00:00+00:00,2025-12-19 17:00:00-05:00,81.819197,74.205596,test,55.850006,55.850006,40.4065
2025-12-19 23:00:00+00:00,2025-12-19 18:00:00-05:00,40.507351,66.589139,test,81.819197,81.819197,35.667045
2025-12-20 00:00:00+00:00,2025-12-19 19:00:00-05:00,40.938264,60.520383,test,40.507351,40.507351,40.91376
2025-12-20 01:00:00+00:00,2025-12-19 20:00:00-05:00,37.180822,58.106275,test,40.938264,40.938264,40.093225
2025-12-20 02:00:00+00:00,2025-12-19 21:00:00-05:00,42.364568,57.283085,test,37.180822,37.180822,33.400489
2025-12-20 03:00:00+00:00,2025-12-19 22:00:00-05:00,54.85242,53.881483,test,42.364568,42.364568,34.587154
2025-12-20 04:00:00+00:00,2025-12-19 23:00:00-05:00,42.465692,46.284834,test,54.85242,54.85242,30.173337
2025-12-20 05:00:00+00:00,2025-12-20 00:00:00-05:00,43.716179,40.754707,test,42.465692,42.465692,27.697879
2025-12-20 06:00:00+00:00,2025-12-20 01:00:00-05:00,33.199204,40.037489,test,43.716179,43.716179,24.504776
2025-12-20 07:00:00+00:00,2025-12-20 02:00:00-05:00,33.893652,39.007285,test,33.199204,33.199204,24.146737
2025-12-20 08:00:00+00:00,2025-12-20 03:00:00-05:00,46.027993,39.327511,test,33.893652,33.893652,23.83757
2025-12-20 09:00:00+00:00,2025-12-20 04:00:00-05:00,36.333,43.24291,test,46.027993,46.027993,24.88353
2025-12-20 10:00:00+00:00,2025-12-20 05:00:00-05:00,35.066472,47.592909,test,36.333,36.333,29.218827
2025-12-20 11:00:00+00:00,2025-12-20 06:00:00-05:00,51.258191,53.350116,test,35.066472,35.066472,30.350908
2025-12-20 12:00:00+00:00,2025-12-20 07:00:00-05:00,75.5157,75.122905,test,51.258191,51.258191,37.557235
2025-12-20 13:00:00+00:00,2025-12-20 08:00:00-05:00,38.508125,46.14557,test,75.5157,75.5157,42.173588
2025-12-20 14:00:00+00:00,2025-12-20 09:00:00-05:00,26.83619,36.83221,test,38.508125,38.508125,32.970006
2025-12-20 15:00:00+00:00,2025-12-20 10:00:00-05:00,27.283448,33.354714,test,26.83619,26.83619,31.204474
2025-12-20 16:00:00+00:00,2025-12-20 11:00:00-05:00,26.927765,31.626582,test,27.283448,27.283448,29.544231
2025-12-20 17:00:00+00:00,2025-12-20 12:00:00-05:00,26.750302,30.211925,test,26.927765,26.927765,28.66604
2025-12-20 18:00:00+00:00,2025-12-20 13:00:00-05:00,25.901242,29.066547,test,26.750302,26.750302,29.044764
2025-12-20 19:00:00+00:00,2025-12-20 14:00:00-05:00,24.833776,28.504071,test,25.901242,25.901242,27.405977
2025-12-20 20:00:00+00:00,2025-12-20 15:00:00-05:00,30.526081,31.110906,test,24.833776,24.833776,37.92469
2025-12-20 21:00:00+00:00,2025-12-20 16:00:00-05:00,34.697577,36.9938,test,30.526081,30.526081,55.850006
2025-12-20 22:00:00+00:00,2025-12-20 17:00:00-05:00,36.54115,46.043822,test,34.697577,34.697577,81.819197
2025-12-20 23:00:00+00:00,2025-12-20 18:00:00-05:00,37.683832,44.673354,test,36.54115,36.54115,40.507351
2025-12-21 00:00:00+00:00,2025-12-20 19:00:00-05:00,34.103589,41.305773,test,37.683832,37.683832,40.938264
2025-12-21 01:00:00+00:00,2025-12-20 20:00:00-05:00,35.113022,41.066203,test,34.103589,34.103589,37.180822
2025-12-21 02:00:00+00:00,2025-12-20 21:00:00-05:00,34.420358,40.89573,test,35.113022,35.113022,42.364568
2025-12-21 03:00:00+00:00,2025-12-20 22:00:00-05:00,31.301048,38.03984,test,34.420358,34.420358,54.85242
2025-12-21 04:00:00+00:00,2025-12-20 23:00:00-05:00,30.290707,35.033759,test,31.301048,31.301048,42.465692
2025-12-21 05:00:00+00:00,2025-12-21 00:00:00-05:00,31.791542,32.860326,test,30.290707,30.290707,43.716179
2025-12-21 06:00:00+00:00,2025-12-21 01:00:00-05:00,31.871398,31.694828,test,31.791542,31.791542,33.199204
2025-12-21 07:00:00+00:00,2025-12-21 02:00:00-05:00,30.706056,31.699136,test,31.871398,31.871398,33.893652
2025-12-21 08:00:00+00:00,2025-12-21 03:00:00-05:00,31.95587,32.188447,test,30.706056,30.706056,46.027993
2025-12-21 09:00:00+00:00,2025-12-21 04:00:00-05:00,31.574813,32.650463,test,31.95587,31.95587,36.333
2025-12-21 10:00:00+00:00,2025-12-21 05:00:00-05:00,33.578132,33.537407,test,31.574813,31.574813,35.066472
2025-12-21 11:00:00+00:00,2025-12-21 06:00:00-05:00,37.69838,37.350134,test,33.578132,33.578132,51.258191
2025-12-21 12:00:00+00:00,2025-12-21 07:00:00-05:00,39.717859,42.195274,test,37.69838,37.69838,75.5157
2025-12-21 13:00:00+00:00,2025-12-21 08:00:00-05:00,42.042667,39.127246,test,39.717859,39.717859,38.508125
2025-12-21 14:00:00+00:00,2025-12-21 09:00:00-05:00,29.888643,30.017622,test,42.042667,42.042667,26.83619
2025-12-21 15:00:00+00:00,2025-12-21 10:00:00-05:00,34.282428,29.746013,test,29.888643,29.888643,27.283448
2025-12-21 16:00:00+00:00,2025-12-21 11:00:00-05:00,32.654827,29.696,test,34.282428,34.282428,26.927765
2025-12-21 17:00:00+00:00,2025-12-21 12:00:00-05:00,30.61306,29.251097,test,32.654827,32.654827,26.750302
2025-12-21 18:00:00+00:00,2025-12-21 13:00:00-05:00,30.637249,28.183887,test,30.61306,30.61306,25.901242
2025-12-21 19:00:00+00:00,2025-12-21 14:00:00-05:00,27.749536,27.366088,test,30.637249,30.637249,24.833776
2025-12-21 20:00:00+00:00,2025-12-21 15:00:00-05:00,26.032561,29.602182,test,27.749536,27.749536,30.526081
2025-12-21 21:00:00+00:00,2025-12-21 16:00:00-05:00,43.45723,39.386615,test,26.032561,26.032561,34.697577
2025-12-21 22:00:00+00:00,2025-12-21 17:00:00-05:00,52.523338,53.088999,test,43.45723,43.45723,36.54115
2025-12-21 23:00:00+00:00,2025-12-21 18:00:00-05:00,45.662831,50.097316,test,52.523338,52.523338,37.683832
2025-12-22 00:00:00+00:00,2025-12-21 19:00:00-05:00,41.056851,50.421114,test,45.662831,45.662831,34.103589
2025-12-22 01:00:00+00:00,2025-12-21 20:00:00-05:00,48.197646,48.925706,test,41.056851,41.056851,35.113022
2025-12-22 02:00:00+00:00,2025-12-21 21:00:00-05:00,48.345766,45.252974,test,48.197646,48.197646,34.420358
2025-12-22 03:00:00+00:00,2025-12-21 22:00:00-05:00,60.692958,45.344673,test,48.345766,48.345766,31.301048
2025-12-22 04:00:00+00:00,2025-12-21 23:00:00-05:00,35.870681,41.116518,test,60.692958,60.692958,30.290707
2025-12-22 05:00:00+00:00,2025-12-22 00:00:00-05:00,35.67834,44.32741,test,35.870681,35.870681,31.791542
2025-12-22 06:00:00+00:00,2025-12-22 01:00:00-05:00,32.259629,42.97399,test,35.67834,35.67834,31.871398
2025-12-22 07:00:00+00:00,2025-12-22 02:00:00-05:00,33.209354,41.831329,test,32.259629,32.259629,30.706056
2025-12-22 08:00:00+00:00,2025-12-22 03:00:00-05:00,33.444123,43.945738,test,33.209354,33.209354,31.95587
2025-12-22 09:00:00+00:00,2025-12-22 04:00:00-05:00,31.719161,48.078721,test,33.444123,33.444123,31.574813
2025-12-22 10:00:00+00:00,2025-12-22 05:00:00-05:00,33.608342,53.671301,test,31.719161,31.719161,33.578132
2025-12-22 11:00:00+00:00,2025-12-22 06:00:00-05:00,48.321169,82.39704,test,33.608342,33.608342,37.69838
2025-12-22 12:00:00+00:00,2025-12-22 07:00:00-05:00,172.53241,115.781143,test,48.321169,48.321169,39.717859
2025-12-22 13:00:00+00:00,2025-12-22 08:00:00-05:00,51.863456,56.81197,test,172.53241,172.53241,42.042667
2025-12-22 14:00:00+00:00,2025-12-22 09:00:00-05:00,46.624082,36.816831,test,51.863456,51.863456,29.888643
2025-12-22 15:00:00+00:00,2025-12-22 10:00:00-05:00,37.665409,34.585715,test,46.624082,46.624082,34.282428
2025-12-22 16:00:00+00:00,2025-12-22 11:00:00-05:00,31.768413,32.97603,test,37.665409,37.665409,32.654827
2025-12-22 17:00:00+00:00,2025-12-22 12:00:00-05:00,32.136351,30.716969,test,31.768413,31.768413,30.61306
2025-12-22 18:00:00+00:00,2025-12-22 13:00:00-05:00,31.922317,29.716855,test,32.136351,32.136351,30.637249
2025-12-22 19:00:00+00:00,2025-12-22 14:00:00-05:00,29.365199,30.387117,test,31.922317,31.922317,27.749536
2025-12-22 20:00:00+00:00,2025-12-22 15:00:00-05:00,33.00815,34.092945,test,29.365199,29.365199,26.032561
2025-12-22 21:00:00+00:00,2025-12-22 16:00:00-05:00,34.829462,43.176147,test,33.00815,33.00815,43.45723
2025-12-22 22:00:00+00:00,2025-12-22 17:00:00-05:00,36.797169,51.744021,test,34.829462,34.829462,52.523338
2025-12-22 23:00:00+00:00,2025-12-22 18:00:00-05:00,35.205612,47.137702,test,36.797169,36.797169,45.662831
2025-12-23 00:00:00+00:00,2025-12-22 19:00:00-05:00,35.167054,46.566506,test,35.205612,35.205612,41.056851
2025-12-23 01:00:00+00:00,2025-12-22 20:00:00-05:00,35.288175,47.352655,test,35.167054,35.167054,48.197646
2025-12-23 02:00:00+00:00,2025-12-22 21:00:00-05:00,35.253387,45.190948,test,35.288175,35.288175,48.345766
2025-12-23 03:00:00+00:00,2025-12-22 22:00:00-05:00,32.461549,42.551355,test,35.253387,35.253387,60.692958
2025-12-23 04:00:00+00:00,2025-12-22 23:00:00-05:00,27.080273,37.817011,test,32.461549,32.461549,35.870681
2025-12-23 05:00:00+00:00,2025-12-23 00:00:00-05:00,30.270086,55.440402,test,27.080273,27.080273,35.67834
2025-12-23 06:00:00+00:00,2025-12-23 01:00:00-05:00,25.105144,41.354238,test,30.270086,30.270086,32.259629
2025-12-23 07:00:00+00:00,2025-12-23 02:00:00-05:00,25.798616,36.071752,test,25.105144,25.105144,33.209354
2025-12-23 08:00:00+00:00,2025-12-23 03:00:00-05:00,25.845637,37.383702,test,25.798616,25.798616,33.444123
2025-12-23 09:00:00+00:00,2025-12-23 04:00:00-05:00,28.136196,40.519068,test,25.845637,25.845637,31.719161
2025-12-23 10:00:00+00:00,2025-12-23 05:00:00-05:00,30.162384,40.445025,test,28.136196,28.136196,33.608342
2025-12-23 11:00:00+00:00,2025-12-23 06:00:00-05:00,29.847583,51.825488,test,30.162384,30.162384,48.321169
2025-12-23 12:00:00+00:00,2025-12-23 07:00:00-05:00,33.750185,57.108123,test,29.847583,29.847583,172.53241
2025-12-23 13:00:00+00:00,2025-12-23 08:00:00-05:00,35.924508,45.622767,test,33.750185,33.750185,51.863456
2025-12-23 14:00:00+00:00,2025-12-23 09:00:00-05:00,41.511389,50.49289,test,35.924508,35.924508,46.624082
2025-12-23 15:00:00+00:00,2025-12-23 10:00:00-05:00,38.14324,44.535764,test,41.511389,41.511389,37.665409
2025-12-23 16:00:00+00:00,2025-12-23 11:00:00-05:00,36.382988,43.339235,test,38.14324,38.14324,31.768413
2025-12-23 17:00:00+00:00,2025-12-23 12:00:00-05:00,33.911068,38.448305,test,36.382988,36.382988,32.136351
2025-12-23 18:00:00+00:00,2025-12-23 13:00:00-05:00,33.201936,35.173536,test,33.911068,33.911068,31.922317
2025-12-23 19:00:00+00:00,2025-12-23 14:00:00-05:00,28.831226,31.821182,test,33.201936,33.201936,29.365199
2025-12-23 20:00:00+00:00,2025-12-23 15:00:00-05:00,35.218399,33.321463,test,28.831226,28.831226,33.00815
2025-12-23 21:00:00+00:00,2025-12-23 16:00:00-05:00,35.997475,41.008005,test,35.218399,35.218399,34.829462
2025-12-23 22:00:00+00:00,2025-12-23 17:00:00-05:00,41.060585,45.083865,test,35.997475,35.997475,36.797169
2025-12-23 23:00:00+00:00,2025-12-23 18:00:00-05:00,35.279605,40.713836,test,41.060585,41.060585,35.205612
2025-12-24 00:00:00+00:00,2025-12-23 19:00:00-05:00,33.712509,39.21286,test,35.279605,35.279605,35.167054
2025-12-24 01:00:00+00:00,2025-12-23 20:00:00-05:00,30.03996,38.091726,test,33.712509,33.712509,35.288175
2025-12-24 02:00:00+00:00,2025-12-23 21:00:00-05:00,29.709101,36.799016,test,30.03996,30.03996,35.253387
2025-12-24 03:00:00+00:00,2025-12-23 22:00:00-05:00,30.03146,34.690453,test,29.709101,29.709101,32.461549
2025-12-24 04:00:00+00:00,2025-12-23 23:00:00-05:00,27.703783,30.475244,test,30.03146,30.03146,27.080273
2025-12-24 05:00:00+00:00,2025-12-24 00:00:00-05:00,31.193975,30.313995,test,27.703783,27.703783,30.270086
2025-12-24 06:00:00+00:00,2025-12-24 01:00:00-05:00,27.244673,29.257908,test,31.193975,31.193975,25.105144
2025-12-24 07:00:00+00:00,2025-12-24 02:00:00-05:00,26.264128,29.7026,test,27.244673,27.244673,25.798616
2025-12-24 08:00:00+00:00,2025-12-24 03:00:00-05:00,24.604661,29.303242,test,26.264128,26.264128,25.845637
2025-12-24 09:00:00+00:00,2025-12-24 04:00:00-05:00,24.205706,30.076852,test,24.604661,24.604661,28.136196
2025-12-24 10:00:00+00:00,2025-12-24 05:00:00-05:00,22.771253,30.870269,test,24.205706,24.205706,30.162384
2025-12-24 11:00:00+00:00,2025-12-24 06:00:00-05:00,26.27515,37.148904,test,22.771253,22.771253,29.847583
2025-12-24 12:00:00+00:00,2025-12-24 07:00:00-05:00,28.057275,40.970757,test,26.27515,26.27515,33.750185
2025-12-24 13:00:00+00:00,2025-12-24 08:00:00-05:00,24.162013,34.947378,test,28.057275,28.057275,35.924508
2025-12-24 14:00:00+00:00,2025-12-24 09:00:00-05:00,21.193505,29.124418,test,24.162013,24.162013,41.511389
2025-12-24 15:00:00+00:00,2025-12-24 10:00:00-05:00,21.258342,28.418465,test,21.193505,21.193505,38.14324
2025-12-24 16:00:00+00:00,2025-12-24 11:00:00-05:00,22.228962,28.53553,test,21.258342,21.258342,36.382988
2025-12-24 17:00:00+00:00,2025-12-24 12:00:00-05:00,21.267818,28.365697,test,22.228962,22.228962,33.911068
2025-12-24 18:00:00+00:00,2025-12-24 13:00:00-05:00,20.690634,28.066531,test,21.267818,21.267818,33.201936
2025-12-24 19:00:00+00:00,2025-12-24 14:00:00-05:00,20.846714,28.248981,test,20.690634,20.690634,28.831226
2025-12-24 20:00:00+00:00,2025-12-24 15:00:00-05:00,26.950522,31.446312,test,20.846714,20.846714,35.218399
2025-12-24 21:00:00+00:00,2025-12-24 16:00:00-05:00,31.014208,36.748784,test,26.950522,26.950522,35.997475
2025-12-24 22:00:00+00:00,2025-12-24 17:00:00-05:00,27.915844,43.189433,test,31.014208,31.014208,41.060585
2025-12-24 23:00:00+00:00,2025-12-24 18:00:00-05:00,24.255204,39.041363,test,27.915844,27.915844,35.279605
2025-12-25 00:00:00+00:00,2025-12-24 19:00:00-05:00,23.508731,37.804064,test,24.255204,24.255204,33.712509
2025-12-25 01:00:00+00:00,2025-12-24 20:00:00-05:00,24.269872,36.393824,test,23.508731,23.508731,30.03996
2025-12-25 02:00:00+00:00,2025-12-24 21:00:00-05:00,26.146603,37.110233,test,24.269872,24.269872,29.709101
2025-12-25 03:00:00+00:00,2025-12-24 22:00:00-05:00,25.472303,35.1434,test,26.146603,26.146603,30.03146
2025-12-25 04:00:00+00:00,2025-12-24 23:00:00-05:00,22.743436,30.978253,test,25.472303,25.472303,27.703783
2025-12-25 05:00:00+00:00,2025-12-25 00:00:00-05:00,21.301873,28.38287,test,22.743436,22.743436,31.193975
2025-12-25 06:00:00+00:00,2025-12-25 01:00:00-05:00,23.882097,28.118459,test,21.301873,21.301873,27.244673
2025-12-25 07:00:00+00:00,2025-12-25 02:00:00-05:00,21.172534,27.559597,test,23.882097,23.882097,26.264128
2025-12-25 08:00:00+00:00,2025-12-25 03:00:00-05:00,20.748606,27.505383,test,21.172534,21.172534,24.604661
2025-12-25 09:00:00+00:00,2025-12-25 04:00:00-05:00,20.97412,27.507727,test,20.748606,20.748606,24.205706
2025-12-25 10:00:00+00:00,2025-12-25 05:00:00-05:00,22.095121,27.521704,test,20.97412,20.97412,22.771253
2025-12-25 11:00:00+00:00,2025-12-25 06:00:00-05:00,22.823341,28.150491,test,22.095121,22.095121,26.27515
2025-12-25 12:00:00+00:00,2025-12-25 07:00:00-05:00,23.927597,30.308119,test,22.823341,22.823341,28.057275
2025-12-25 13:00:00+00:00,2025-12-25 08:00:00-05:00,25.025306,31.762021,test,23.927597,23.927597,24.162013
2025-12-25 14:00:00+00:00,2025-12-25 09:00:00-05:00,22.705079,29.987027,test,25.025306,25.025306,21.193505
2025-12-25 15:00:00+00:00,2025-12-25 10:00:00-05:00,21.895495,29.988846,test,22.705079,22.705079,21.258342
2025-12-25 16:00:00+00:00,2025-12-25 11:00:00-05:00,22.268771,28.823731,test,21.895495,21.895495,22.228962
2025-12-25 17:00:00+00:00,2025-12-25 12:00:00-05:00,18.749255,27.091423,test,22.268771,22.268771,21.267818
2025-12-25 18:00:00+00:00,2025-12-25 13:00:00-05:00,16.436082,26.435855,test,18.749255,18.749255,20.690634
2025-12-25 19:00:00+00:00,2025-12-25 14:00:00-05:00,17.172528,25.518269,test,16.436082,16.436082,20.846714
2025-12-25 20:00:00+00:00,2025-12-25 15:00:00-05:00,20.099596,26.144492,test,17.172528,17.172528,26.950522
2025-12-25 21:00:00+00:00,2025-12-25 16:00:00-05:00,22.06753,29.734647,test,20.099596,20.099596,31.014208
2025-12-25 22:00:00+00:00,2025-12-25 17:00:00-05:00,23.948696,31.126268,test,22.06753,22.06753,27.915844
2025-12-25 23:00:00+00:00,2025-12-25 18:00:00-05:00,23.506405,30.354271,test,23.948696,23.948696,24.255204
2025-12-26 00:00:00+00:00,2025-12-25 19:00:00-05:00,23.398087,30.071778,test,23.506405,23.506405,23.508731
2025-12-26 01:00:00+00:00,2025-12-25 20:00:00-05:00,23.451251,29.877738,test,23.398087,23.398087,24.269872
2025-12-26 02:00:00+00:00,2025-12-25 21:00:00-05:00,24.080929,29.647326,test,23.451251,23.451251,26.146603
2025-12-26 03:00:00+00:00,2025-12-25 22:00:00-05:00,23.031257,28.997715,test,24.080929,24.080929,25.472303
2025-12-26 04:00:00+00:00,2025-12-25 23:00:00-05:00,22.434074,26.786143,test,23.031257,23.031257,22.743436
2025-12-26 05:00:00+00:00,2025-12-26 00:00:00-05:00,22.37596,26.173623,test,22.434074,22.434074,21.301873
2025-12-26 06:00:00+00:00,2025-12-26 01:00:00-05:00,22.728122,25.803356,test,22.37596,22.37596,23.882097
2025-12-26 07:00:00+00:00,2025-12-26 02:00:00-05:00,21.483909,25.682304,test,22.728122,22.728122,21.172534
2025-12-26 08:00:00+00:00,2025-12-26 03:00:00-05:00,21.934589,25.560763,test,21.483909,21.483909,20.748606
2025-12-26 09:00:00+00:00,2025-12-26 04:00:00-05:00,22.29037,26.959582,test,21.934589,21.934589,20.97412
2025-12-26 10:00:00+00:00,2025-12-26 05:00:00-05:00,24.077487,28.174492,test,22.29037,22.29037,22.095121
2025-12-26 11:00:00+00:00,2025-12-26 06:00:00-05:00,28.926143,34.587832,test,24.077487,24.077487,22.823341
2025-12-26 12:00:00+00:00,2025-12-26 07:00:00-05:00,31.63917,39.917493,test,28.926143,28.926143,23.927597
2025-12-26 13:00:00+00:00,2025-12-26 08:00:00-05:00,30.433965,37.429556,test,31.63917,31.63917,25.025306
2025-12-26 14:00:00+00:00,2025-12-26 09:00:00-05:00,36.400604,38.369569,test,30.433965,30.433965,22.705079
2025-12-26 15:00:00+00:00,2025-12-26 10:00:00-05:00,38.347661,37.478426,test,36.400604,36.400604,21.895495
2025-12-26 16:00:00+00:00,2025-12-26 11:00:00-05:00,35.032059,40.392135,test,38.347661,38.347661,22.268771
2025-12-26 17:00:00+00:00,2025-12-26 12:00:00-05:00,33.327235,45.150729,test,35.032059,35.032059,18.749255
2025-12-26 18:00:00+00:00,2025-12-26 13:00:00-05:00,36.421444,42.807178,test,33.327235,33.327235,16.436082
2025-12-26 19:00:00+00:00,2025-12-26 14:00:00-05:00,39.149887,38.561487,test,36.421444,36.421444,17.172528
2025-12-26 20:00:00+00:00,2025-12-26 15:00:00-05:00,34.20017,41.633656,test,39.149887,39.149887,20.099596
2025-12-26 21:00:00+00:00,2025-12-26 16:00:00-05:00,47.28543,42.911511,test,34.20017,34.20017,22.06753
2025-12-26 22:00:00+00:00,2025-12-26 17:00:00-05:00,80.07819,46.778377,test,47.28543,47.28543,23.948696
2025-12-26 23:00:00+00:00,2025-12-26 18:00:00-05:00,36.854158,42.010493,test,80.07819,80.07819,23.506405
2025-12-27 00:00:00+00:00,2025-12-26 19:00:00-05:00,35.71558,39.163271,test,36.854158,36.854158,23.398087
2025-12-27 01:00:00+00:00,2025-12-26 20:00:00-05:00,42.635422,38.728122,test,35.71558,35.71558,23.451251
2025-12-27 02:00:00+00:00,2025-12-26 21:00:00-05:00,37.835849,39.692795,test,42.635422,42.635422,24.080929
2025-12-27 03:00:00+00:00,2025-12-26 22:00:00-05:00,39.800749,37.428214,test,37.835849,37.835849,23.031257
2025-12-27 04:00:00+00:00,2025-12-26 23:00:00-05:00,30.056265,34.798464,test,39.800749,39.800749,22.434074
2025-12-27 05:00:00+00:00,2025-12-27 00:00:00-05:00,32.681056,33.143144,test,30.056265,30.056265,22.37596
2025-12-27 06:00:00+00:00,2025-12-27 01:00:00-05:00,31.582067,31.410623,test,32.681056,32.681056,22.728122
2025-12-27 07:00:00+00:00,2025-12-27 02:00:00-05:00,31.473172,29.744789,test,31.582067,31.582067,21.483909
2025-12-27 08:00:00+00:00,2025-12-27 03:00:00-05:00,32.108389,29.793111,test,31.473172,31.473172,21.934589
2025-12-27 09:00:00+00:00,2025-12-27 04:00:00-05:00,33.3935,30.177964,test,32.108389,32.108389,22.29037
2025-12-27 10:00:00+00:00,2025-12-27 05:00:00-05:00,30.439848,30.384166,test,33.3935,33.3935,24.077487
2025-12-27 11:00:00+00:00,2025-12-27 06:00:00-05:00,29.662008,30.882951,test,30.439848,30.439848,28.926143
2025-12-27 12:00:00+00:00,2025-12-27 07:00:00-05:00,32.181319,38.505964,test,29.662008,29.662008,31.63917
2025-12-27 13:00:00+00:00,2025-12-27 08:00:00-05:00,32.465056,37.628886,test,32.181319,32.181319,30.433965
2025-12-27 14:00:00+00:00,2025-12-27 09:00:00-05:00,38.423693,32.97024,test,32.465056,32.465056,36.400604
2025-12-27 15:00:00+00:00,2025-12-27 10:00:00-05:00,35.501601,33.383737,test,38.423693,38.423693,38.347661
2025-12-27 16:00:00+00:00,2025-12-27 11:00:00-05:00,36.240124,33.810326,test,35.501601,35.501601,35.032059
2025-12-27 17:00:00+00:00,2025-12-27 12:00:00-05:00,29.558932,32.658186,test,36.240124,36.240124,33.327235
2025-12-27 18:00:00+00:00,2025-12-27 13:00:00-05:00,30.800281,29.902405,test,29.558932,29.558932,36.421444
2025-12-27 19:00:00+00:00,2025-12-27 14:00:00-05:00,32.919262,29.684896,test,30.800281,30.800281,39.149887
2025-12-27 20:00:00+00:00,2025-12-27 15:00:00-05:00,34.43249,30.236096,test,32.919262,32.919262,34.20017
2025-12-27 21:00:00+00:00,2025-12-27 16:00:00-05:00,34.294365,37.464682,test,34.43249,34.43249,47.28543
2025-12-27 22:00:00+00:00,2025-12-27 17:00:00-05:00,40.963114,38.424072,test,34.294365,34.294365,80.07819
2025-12-27 23:00:00+00:00,2025-12-27 18:00:00-05:00,33.020253,36.116113,test,40.963114,40.963114,36.854158
2025-12-28 00:00:00+00:00,2025-12-27 19:00:00-05:00,31.039149,36.553208,test,33.020253,33.020253,35.71558
2025-12-28 01:00:00+00:00,2025-12-27 20:00:00-05:00,31.224508,33.782977,test,31.039149,31.039149,42.635422
2025-12-28 02:00:00+00:00,2025-12-27 21:00:00-05:00,39.195233,37.177134,test,31.224508,31.224508,37.835849
2025-12-28 03:00:00+00:00,2025-12-27 22:00:00-05:00,32.579277,35.019126,test,39.195233,39.195233,39.800749
2025-12-28 04:00:00+00:00,2025-12-27 23:00:00-05:00,28.368731,31.200296,test,32.579277,32.579277,30.056265
2025-12-28 05:00:00+00:00,2025-12-28 00:00:00-05:00,27.729182,31.190875,test,28.368731,28.368731,32.681056
2025-12-28 06:00:00+00:00,2025-12-28 01:00:00-05:00,29.786552,30.016902,test,27.729182,27.729182,31.582067
2025-12-28 07:00:00+00:00,2025-12-28 02:00:00-05:00,27.805268,28.848261,test,29.786552,29.786552,31.473172
2025-12-28 08:00:00+00:00,2025-12-28 03:00:00-05:00,28.245304,29.185953,test,27.805268,27.805268,32.108389
2025-12-28 09:00:00+00:00,2025-12-28 04:00:00-05:00,28.564927,30.311533,test,28.245304,28.245304,33.3935
2025-12-28 10:00:00+00:00,2025-12-28 05:00:00-05:00,28.865081,31.035655,test,28.564927,28.564927,30.439848
2025-12-28 11:00:00+00:00,2025-12-28 06:00:00-05:00,30.251289,33.447634,test,28.865081,28.865081,29.662008
2025-12-28 12:00:00+00:00,2025-12-28 07:00:00-05:00,34.320791,36.982539,test,30.251289,30.251289,32.181319
2025-12-28 13:00:00+00:00,2025-12-28 08:00:00-05:00,33.878729,37.691446,test,34.320791,34.320791,32.465056
2025-12-28 14:00:00+00:00,2025-12-28 09:00:00-05:00,35.754089,34.741613,test,33.878729,33.878729,38.423693
2025-12-28 15:00:00+00:00,2025-12-28 10:00:00-05:00,33.891869,33.590957,test,35.754089,35.754089,35.501601
2025-12-28 16:00:00+00:00,2025-12-28 11:00:00-05:00,31.684162,32.400964,test,33.891869,33.891869,36.240124
2025-12-28 17:00:00+00:00,2025-12-28 12:00:00-05:00,33.303978,31.956984,test,31.684162,31.684162,29.558932
2025-12-28 18:00:00+00:00,2025-12-28 13:00:00-05:00,31.318481,30.724424,test,33.303978,33.303978,30.800281
2025-12-28 19:00:00+00:00,2025-12-28 14:00:00-05:00,32.605195,29.351002,test,31.318481,31.318481,32.919262
2025-12-28 20:00:00+00:00,2025-12-28 15:00:00-05:00,27.622954,29.57357,test,32.605195,32.605195,34.43249
2025-12-28 21:00:00+00:00,2025-12-28 16:00:00-05:00,77.889252,32.193278,test,27.622954,27.622954,34.294365
2025-12-28 22:00:00+00:00,2025-12-28 17:00:00-05:00,58.697512,38.248213,test,77.889252,77.889252,40.963114
2025-12-28 23:00:00+00:00,2025-12-28 18:00:00-05:00,40.215091,34.833641,test,58.697512,58.697512,33.020253
2025-12-29 00:00:00+00:00,2025-12-28 19:00:00-05:00,35.799784,32.333324,test,40.215091,40.215091,31.039149
2025-12-29 01:00:00+00:00,2025-12-28 20:00:00-05:00,35.29924,30.979415,test,35.799784,35.799784,31.224508
2025-12-29 02:00:00+00:00,2025-12-28 21:00:00-05:00,29.76284,29.590318,test,35.29924,35.29924,39.195233
2025-12-29 03:00:00+00:00,2025-12-28 22:00:00-05:00,27.671184,28.067922,test,29.76284,29.76284,32.579277
2025-12-29 04:00:00+00:00,2025-12-28 23:00:00-05:00,26.271615,26.220322,test,27.671184,27.671184,28.368731
2025-12-29 05:00:00+00:00,2025-12-29 00:00:00-05:00,27.169482,25.387771,test,26.271615,26.271615,27.729182
2025-12-29 06:00:00+00:00,2025-12-29 01:00:00-05:00,24.695255,24.366319,test,27.169482,27.169482,29.786552
2025-12-29 07:00:00+00:00,2025-12-29 02:00:00-05:00,23.830198,24.236818,test,24.695255,24.695255,27.805268
2025-12-29 08:00:00+00:00,2025-12-29 03:00:00-05:00,22.728614,24.314025,test,23.830198,23.830198,28.245304
2025-12-29 09:00:00+00:00,2025-12-29 04:00:00-05:00,23.054805,24.453446,test,22.728614,22.728614,28.564927
2025-12-29 10:00:00+00:00,2025-12-29 05:00:00-05:00,23.563808,25.43626,test,23.054805,23.054805,28.865081
2025-12-29 11:00:00+00:00,2025-12-29 06:00:00-05:00,28.49281,29.549524,test,23.563808,23.563808,30.251289
2025-12-29 12:00:00+00:00,2025-12-29 07:00:00-05:00,37.67447,32.563903,test,28.49281,28.49281,34.320791
2025-12-29 13:00:00+00:00,2025-12-29 08:00:00-05:00,27.524002,31.596916,test,37.67447,37.67447,33.878729
2025-12-29 14:00:00+00:00,2025-12-29 09:00:00-05:00,38.862203,32.107389,test,27.524002,27.524002,35.754089
2025-12-29 15:00:00+00:00,2025-12-29 10:00:00-05:00,38.52905,33.409109,test,38.862203,38.862203,33.891869
2025-12-29 16:00:00+00:00,2025-12-29 11:00:00-05:00,25.570907,31.963275,test,38.52905,38.52905,31.684162
2025-12-29 17:00:00+00:00,2025-12-29 12:00:00-05:00,30.694128,31.634523,test,25.570907,25.570907,33.303978
2025-12-29 18:00:00+00:00,2025-12-29 13:00:00-05:00,27.363547,30.671077,test,30.694128,30.694128,31.318481
2025-12-29 19:00:00+00:00,2025-12-29 14:00:00-05:00,28.46288,29.802009,test,27.363547,27.363547,32.605195
2025-12-29 20:00:00+00:00,2025-12-29 15:00:00-05:00,28.329056,32.031352,test,28.46288,28.46288,27.622954
2025-12-29 21:00:00+00:00,2025-12-29 16:00:00-05:00,35.559301,41.211061,test,28.329056,28.329056,77.889252
2025-12-29 22:00:00+00:00,2025-12-29 17:00:00-05:00,50.998144,50.899647,test,35.559301,35.559301,58.697512
2025-12-29 23:00:00+00:00,2025-12-29 18:00:00-05:00,50.904,49.589673,test,50.998144,50.998144,40.215091
2025-12-30 00:00:00+00:00,2025-12-29 19:00:00-05:00,39.928857,48.082039,test,50.904,50.904,35.799784
2025-12-30 01:00:00+00:00,2025-12-29 20:00:00-05:00,40.685823,47.611901,test,39.928857,39.928857,35.29924
2025-12-30 02:00:00+00:00,2025-12-29 21:00:00-05:00,48.155397,46.352086,test,40.685823,40.685823,29.76284
2025-12-30 03:00:00+00:00,2025-12-29 22:00:00-05:00,37.836842,41.03747,test,48.155397,48.155397,27.671184
2025-12-30 04:00:00+00:00,2025-12-29 23:00:00-05:00,42.594859,36.476932,test,37.836842,37.836842,26.271615
2025-12-30 05:00:00+00:00,2025-12-30 00:00:00-05:00,38.405577,39.757669,test,42.594859,42.594859,27.169482
2025-12-30 06:00:00+00:00,2025-12-30 01:00:00-05:00,37.659631,39.743602,test,38.405577,38.405577,24.695255
2025-12-30 07:00:00+00:00,2025-12-30 02:00:00-05:00,38.080624,38.20141,test,37.659631,37.659631,23.830198
2025-12-30 08:00:00+00:00,2025-12-30 03:00:00-05:00,157.294774,40.006272,test,38.080624,38.080624,22.728614
2025-12-30 09:00:00+00:00,2025-12-30 04:00:00-05:00,41.069567,40.617005,test,157.294774,157.294774,23.054805
2025-12-30 10:00:00+00:00,2025-12-30 05:00:00-05:00,44.6816,50.63164,test,41.069567,41.069567,23.563808
2025-12-30 11:00:00+00:00,2025-12-30 06:00:00-05:00,39.243245,68.1091,test,44.6816,44.6816,28.49281
2025-12-30 12:00:00+00:00,2025-12-30 07:00:00-05:00,63.342329,92.35738,test,39.243245,39.243245,37.67447
2025-12-30 13:00:00+00:00,2025-12-30 08:00:00-05:00,44.33786,62.161715,test,63.342329,63.342329,27.524002
2025-12-30 14:00:00+00:00,2025-12-30 09:00:00-05:00,45.508566,45.701384,test,44.33786,44.33786,38.862203
2025-12-30 15:00:00+00:00,2025-12-30 10:00:00-05:00,49.81493,50.633866,test,45.508566,45.508566,38.52905
2025-12-30 16:00:00+00:00,2025-12-30 11:00:00-05:00,44.979673,46.39108,test,49.81493,49.81493,25.570907
2025-12-30 17:00:00+00:00,2025-12-30 12:00:00-05:00,39.653838,43.263092,test,44.979673,44.979673,30.694128
2025-12-30 18:00:00+00:00,2025-12-30 13:00:00-05:00,37.70333,44.11722,test,39.653838,39.653838,27.363547
2025-12-30 19:00:00+00:00,2025-12-30 14:00:00-05:00,36.852333,43.630761,test,37.70333,37.70333,28.46288
2025-12-30 20:00:00+00:00,2025-12-30 15:00:00-05:00,43.189872,47.260807,test,36.852333,36.852333,28.329056
2025-12-30 21:00:00+00:00,2025-12-30 16:00:00-05:00,48.618055,70.0,test,43.189872,43.189872,35.559301
2025-12-30 22:00:00+00:00,2025-12-30 17:00:00-05:00,75.339629,85.0,test,48.618055,48.618055,50.998144
2025-12-30 23:00:00+00:00,2025-12-30 18:00:00-05:00,68.422662,77.266193,test,75.339629,75.339629,50.904
2025-12-31 00:00:00+00:00,2025-12-30 19:00:00-05:00,79.83882,75.867606,test,68.422662,68.422662,39.928857
2025-12-31 01:00:00+00:00,2025-12-30 20:00:00-05:00,70.706741,73.498084,test,79.83882,79.83882,40.685823
2025-12-31 02:00:00+00:00,2025-12-30 21:00:00-05:00,67.081121,70.0,test,70.706741,70.706741,48.155397
2025-12-31 03:00:00+00:00,2025-12-30 22:00:00-05:00,74.837882,63.503297,test,67.081121,67.081121,37.836842
2025-12-31 04:00:00+00:00,2025-12-30 23:00:00-05:00,59.073308,57.033255,test,74.837882,74.837882,42.594859
2025-12-31 05:00:00+00:00,2025-12-31 00:00:00-05:00,60.41474,68.04928,test,59.073308,59.073308,38.405577
2025-12-31 06:00:00+00:00,2025-12-31 01:00:00-05:00,53.315098,68.120316,test,60.41474,60.41474,37.659631
2025-12-31 07:00:00+00:00,2025-12-31 02:00:00-05:00,51.985129,71.846794,test,53.315098,53.315098,38.080624
2025-12-31 08:00:00+00:00,2025-12-31 03:00:00-05:00,43.843527,75.634855,test,51.985129,51.985129,157.294774
2025-12-31 09:00:00+00:00,2025-12-31 04:00:00-05:00,44.032267,80.323316,test,43.843527,43.843527,41.069567
2025-12-31 10:00:00+00:00,2025-12-31 05:00:00-05:00,46.30876,97.296194,test,44.032267,44.032267,44.6816
2025-12-31 11:00:00+00:00,2025-12-31 06:00:00-05:00,45.556115,107.289094,test,46.30876,46.30876,39.243245
2025-12-31 12:00:00+00:00,2025-12-31 07:00:00-05:00,56.536183,131.859442,test,45.556115,45.556115,63.342329
2025-12-31 13:00:00+00:00,2025-12-31 08:00:00-05:00,51.616726,74.203035,test,56.536183,56.536183,44.33786
2025-12-31 14:00:00+00:00,2025-12-31 09:00:00-05:00,52.661478,56.561774,test,51.616726,51.616726,45.508566
2025-12-31 15:00:00+00:00,2025-12-31 10:00:00-05:00,32.962728,47.241526,test,52.661478,52.661478,49.81493
2025-12-31 16:00:00+00:00,2025-12-31 11:00:00-05:00,31.581154,42.06954,test,32.962728,32.962728,44.979673
2025-12-31 17:00:00+00:00,2025-12-31 12:00:00-05:00,32.362422,40.483044,test,31.581154,31.581154,39.653838
2025-12-31 18:00:00+00:00,2025-12-31 13:00:00-05:00,36.778772,38.41751,test,32.362422,32.362422,37.70333
2025-12-31 19:00:00+00:00,2025-12-31 14:00:00-05:00,32.424065,37.829216,test,36.778772,36.778772,36.852333
2025-12-31 20:00:00+00:00,2025-12-31 15:00:00-05:00,32.275696,39.062777,test,32.424065,32.424065,43.189872
2025-12-31 21:00:00+00:00,2025-12-31 16:00:00-05:00,48.447334,48.287718,test,32.275696,32.275696,48.618055
2025-12-31 22:00:00+00:00,2025-12-31 17:00:00-05:00,48.070802,61.027237,test,48.447334,48.447334,75.339629
2025-12-31 23:00:00+00:00,2025-12-31 18:00:00-05:00,32.619374,50.889089,test,48.070802,48.070802,68.422662
2026-01-01 00:00:00+00:00,2025-12-31 19:00:00-05:00,29.817482,48.927923,test,32.619374,32.619374,79.83882
2026-01-01 01:00:00+00:00,2025-12-31 20:00:00-05:00,29.01535,47.562748,test,29.817482,29.817482,70.706741
2026-01-01 02:00:00+00:00,2025-12-31 21:00:00-05:00,28.844276,43.858706,test,29.01535,29.01535,67.081121
2026-01-01 03:00:00+00:00,2025-12-31 22:00:00-05:00,29.190735,40.28181,test,28.844276,28.844276,74.837882
2026-01-01 04:00:00+00:00,2025-12-31 23:00:00-05:00,29.865001,40.089573,test,29.190735,29.190735,59.073308
